:020000040800F2
:10000000E0B6002029030008955B0008AD4B00080E
:10001000915B0008311100086D9500080000000098
:10002000000000000000000000000000690200085D
:10003000471B000800000000C5020008658C00088E
:100040004303000843030008430300084303000878
:100050004303000843030008491B0008430300084A
:1000600043030008531B00085D1B000843030008FE
:100070004303000843030008430300084303000848
:100080004303000843030008430300084303000838
:10009000351100084303000843030008671B0008EC
:1000A0004303000843030008430300084303000818
:1000B0004303000843030008430300084303000808
:1000C00043030008430300084303000843030008F8
:1000D0004303000843030008430300083D9400085D
:1000E00043030008430300084303000843030008D8
:1000F00043030008430300084303000843030008C8
:1001000043030008430300084303000843030008B7
:1001100043030008430300084303000843030008A7
:100120004303000843030008E911000843030008E3
:100130004303000843030008430300084303000887
:100140004511000843030008430300084303000867
:100150004303000843030008430300084303000867
:100160004303000843030008430300084303000857
:100170004303000843030008430300080000000095
:10018000430300084303000800F002F800F05CF8A5
:100190000AA090E8000C82448344AAF10107DA45E2
:1001A00001D100F051F8AFF2090EBAE80F0013F0D8
:1001B000010F18BFFB1A43F0010318470C000100A0
:1001C0002C0001000A444FF0000C10F8013B13F022
:1001D000070408BF10F8014B1D1108BF10F8015BA0
:1001E000641E05D010F8016B641E01F8016BF9D193
:1001F00013F0080F1EBF10F8014BAD1C0C1B09D1EA
:100200006D1E58BF01F801CBFAD505E014F8016B5B
:1002100001F8016B6D1EF9D59142D6D370470000ED
:100220000023002400250026103A28BF78C1FBD8FF
:10023000520728BF30C148BF0B6070471FB50FF091
:10024000A1F91FBD10B510BD00F090FA1146FFF7DF
:10025000F5FF0CF063FA00F0AEFA03B4FFF7F2FF1B
:1002600003BC00F011FB00002C4B19680868B0E8D3
:10027000F04F80F30988BFF36F8F4FF0000080F3D9
:10028000118870470000000008480068006880F38B
:1002900008884FF0000080F3148862B661B6BFF39F
:1002A0004F8FBFF36F8F00DF00BF00BF08ED00E08E
:1002B000DFF80C00016841F470010160704700BF75
:1002C00088ED00E0EFF30980BFF36F8F134B1A68DE
:1002D0001EF0100F08BF20ED108A20E9F04F1060CB
:1002E00009B44FF0500080F31188BFF34F8FBFF374
:1002F0006F8F0DF03DFD4FF0000080F3118809BCB9
:1003000019680868B0E8F04F1EF0100F08BFB0EC95
:10031000108A80F30988BFF36F8F70472C0000208C
:10032000EFF30580704700000948804709480047FF
:10033000FEE7FEE7FEE7FEE7FEE7FEE7FEE7FEE795
:10034000FEE7FEE704480549054A064B70470000F2
:10035000458D000889010008E0760020E0B6002005
:10036000E0960020E09600209FED1A1AF5EE000AB4
:1003700040EE010ABDEEE00AF5EEC00A10EE100AEA
:10038000F1EE10FA38BF401E00EE100A1349F7EEE6
:10039000001AB8EEC00A30EEC00ADFED0F0A20EEF8
:1003A000200AFCEEC00A10EE900AC0F3080000EE2E
:1003B000900A01EB8000F8EE600A90ED011A70EEF1
:1003C000600A90ED000A71EEE01A21EE800A00EE5C
:1003D000810A704783F9223E0000004494F9000826
:1003E000DFED190AB5EEC00A60EE200ABDEEE01A94
:1003F00011EE100AF1EE10FA38BF401E00EE100A9E
:100400001349F7EE001AB8EEC00A30EEC00ADFED6D
:100410000F0A60EE200ABCEEE00A10EE100AC0F3EC
:10042000080000EE100A01EB8000B8EE400A90EDE3
:10043000011A70EEC00A90ED000A71EEE01A21EE8A
:10044000800A00EE810A704783F9223E00000044D2
:1004500094F9000853EA020C00F069802DE9F04B92
:100460004FF00006002B1FBFB3FA83F503FA05F423
:1004700024FA05F65E4012BF1643B2FA82F502FA7C
:1004800005F4C5F120051EBF22FA05FC44EA0C0460
:10049000203556EA044C4FEA144418BF641C4FF050
:1004A00000084FF00009904271EB030C39D300298A
:1004B00019BFB1FA81F701FA07F6B0FA80F700FA2E
:1004C00007F6C7F120071EBF20FA07FC46EA0C0614
:1004D0002037B6FBF4FCA7EB0507103F07F01F0B16
:1004E000CBF120060CFA0BFB2CFA06F644BFB34600
:1004F0000026202FA4BF5E464FF0000B5BEA060CDF
:1005000008BF4FF0010B19EB0B09ABFB027C48EB6A
:100510000608C01B06FB02CC0BFB03CC71EB0C01E5
:10052000C1E70B46024641464846BDE8F08B13B58D
:100530004FF000004FF00001AFF30080BDE81C4019
:10054000704710B5431C02E010F8011B71B1810720
:10055000FAD14FF0013202C88C1A8C4314EAC2114E
:10056000F9D0C01A0A0603D0C01E10BDC01A10BDB3
:100570000A0401D0801E10BD0902FCD0401E10BD2F
:10058000032A40F2308010F0030C00F0158011F8BF
:10059000013BBCF1020F624498BF11F801CB00F897
:1005A000013B38BF11F8013BA2F1040298BF00F8EB
:1005B00001CB38BF00F8013B11F0030300F02580A8
:1005C000083AC0F0088051F8043B083A51F804CBCF
:1005D000A0E80810F5E7121D5CBF51F8043B40F895
:1005E000043BAFF30080D20724BF11F8013B11F8A0
:1005F00001CB48BF11F8012B24BF00F8013B00F8E4
:1006000001CB48BF00F8012B704710B5203AC0F06D
:100610000B80B1E81850203AA0E81850B1E8185003
:10062000A0E81850BFF4F5AF5FEA027C24BFB1E840
:100630001850A0E8185044BF18C918C0BDE81040B1
:100640005FEA827C24BF51F8043B40F8043B08BFBA
:100650007047D20728BF31F8023B48BF11F8012B81
:1006600028BF20F8023B48BF00F8012B704702F07A
:10067000FF0343EA032242EA024200F037B84FF098
:10068000000200B5134694469646203922BFA0E8E2
:100690000C50A0E80C50B1F12001BFF4F7AF0907EE
:1006A00028BFA0E80C5048BF0CC05DF804EB8900DF
:1006B00028BF40F8042B08BF704748BF20F8022B22
:1006C00011F0804F18BF00F8012B7047704770473A
:1006D000704710B500F02AF8006810BD10B5044648
:1006E00000F024F8046010BD4FF000020429C0F0AF
:1006F000128010F0030C3FF4C4AFCCF1040CBCF139
:10070000020F18BF00F8012BA8BF20F8022BA1EBA5
:100710000C01FFF7B6BF5FEAC17C24BF00F8012BD4
:1007200000F8012B48BF00F8012B704700487047C4
:100730007C7600201FB584B000200A9C06AB04AA7A
:1007400002A90094AFF3008018B1DDE9020108B0FE
:1007500010BD0348204000F034F800200146F6E7C1
:100760000000207C004870477C7600207546FFF72B
:10077000F9FFAE4605006946534620F0070085465E
:1007800018B020B5FFF7DEFDBDE820404FF00006B1
:100790004FF000074FF000084FF0000B21F0070169
:1007A000AC46ACE8C009ACE8C009ACE8C009ACE8AC
:1007B000C0098D4670470446AFF300802046FFF71E
:1007C0004CFD10B500F00AF8BDE81040AFF3008012
:1007D000002801D000F058B87047000010B502287A
:1007E00003D0410103D50DA112E0002010BD01018D
:1007F00001D50FA10CE0C10001D511A108E08100D5
:1008000001D512A104E0400001D513A100E00021B0
:1008100015A000F03FF8012010BD0000496E766180
:100820006C6964204F7065726174696F6E000000BE
:10083000446976696465204279205A65726F0000C8
:100840004F766572666C6F7700000000556E6465C8
:1008500072666C6F77000000496E65786163742082
:10086000526573756C7400005349474650453A20F1
:1008700041726974686D6574696320657863657039
:1008800074696F6E3A20000001491820ABBEFEE784
:100890002600020070B505460C460A2000E06D1CDB
:1008A00000F011F835B128780028F8D102E0641C76
:1008B00000F009F814B120780028F8D1BDE87040A4
:1008C0000A20AFF3008008B569468DF800000320C8
:1008D000ABBE08BD704710B52DED028BB0EE408A5F
:1008E000B0EE480A08F074FEBDEC028B10BD10B5E6
:1008F0002DED028BB0EE408AF0EE608AF0EE680AD1
:10090000B0EE480A08F0FAFEBDEC028B10BD10B53F
:100910002DED028BB0EE408AB0EE480AFFF724FDC1
:10092000BDEC028B10BDF0EE400AF5EEC00AF1EE10
:1009300010FA02DDB0EE600A7047B1EE600AFBE724
:1009400018B19FED020A80ED000A70470000000018
:1009500018B1B3EE060A80ED000A704770B52DEDB0
:100960000C8B84B006460C4615469FED990AF0EEB6
:10097000408A9FED970AB0EE409A9FED950AF0EEFF
:1009800040BA9FED930AF0EE409A9FED910AB0EEC7
:1009900040AA0EB104B11DB904B0BDEC0C8B70BD02
:1009A0008C48FFF7CDFF8C48FFF7D2FF8A48D0ED87
:1009B000000A9FED8A1A60EE810AB0EE600A00F02C
:1009C0002DF9F0EE408A28EEA80AF0EE408A82481F
:1009D000D0ED000AB0EE001A60EE810A9FED7F1A9A
:1009E00060EE810AB0EE600A00F018F9B0EE409AAD
:1009F00029EE090AB0EE409ADFED790AB7EE000A57
:100A000000EEA80ADFED770A00EEC90ADFED760AEC
:100A100020EE200A754880ED000A6E4890ED000A2D
:100A2000DFED730A80EE201AB7EE000A31EE000AFD
:100A300020EE000A6D48D0ED000A80EE801A6D4865
:100A400080ED001A94ED000AB5EEC00AF1EE10FA3E
:100A50000DD194ED010AB5EEC00AF1EE10FA06D1FF
:100A600094ED020AB5EEC00AF1EE10FA46D09FED01
:100A7000580AB0EE408A0020019002900390D4ED15
:100A8000000A60EEA00A94ED011AD4ED011A41EEBD
:100A9000210A94ED021AD4ED021A41EE210AB0EEB9
:100AA000600A00F0A9F8B0EE408A94ED000A20EE4A
:100AB000080A8DED010A94ED010A20EE080A8DED79
:100AC000020A94ED020A20EE080A8DED030ADDED1C
:100AD000010AF1EE600AB0EE600AFFF7FCFEF0EEEC
:100AE000409A9DED031AF0EE410A9DED021AB0EE18
:100AF000410AFFF7FCFEB0EE40AA07E09FED340A82
:100B0000F0EE409A9FED320AB0EE40AA95ED000A51
:100B1000B5EEC00AF1EE10FA0DD195ED010AB5EE71
:100B2000C00AF1EE10FA06D195ED020AB5EEC00A40
:100B3000F1EE10FA3CD0B0EE690A00F06FF8B0EEBA
:100B4000408AB0EE690AFFF7E2FEB0EE40DAB0EE9E
:100B50004A0A00F063F8F0EE40AAB0EE4A0AFFF746
:100B6000D6FEB0EE40BA28EE2A0AD5ED010A20EEF4
:100B7000200AD5ED000A0DEE200A68EE0B0A95ED6D
:100B8000021A00EE810AB0EE40CA95ED010A20EE8D
:100B90000B0AD5ED020A0AEEE00AF0EE40CAF0EECA
:100BA0006C0AB0EE4C0AFFF7A2FEF0EE40BA03E08A
:100BB0009FED070AF0EE40BAB0EE4A1AF0EE690A6D
:100BC000B0EE6B0A304609F0E1F800BFE4E6000041
:100BD00000000000440200204802002035FA8E3C4C
:100BE000C1BFAD3B9DF8C5362F7C1C414C02002097
:100BF000506CC24A5002002010B52DED028BB0EEB1
:100C0000408AB0EE480A08F0ABFEB7EE001AC1EE1B
:100C1000000AB0EE600ABDEC028B10BD10B52DEDE0
:100C2000028BB0EE408AB0EE480AFFF7D9FBBDEC6C
:100C3000028B10BD2DE9F0412DED028B9AB00546D7
:100C4000B0EE408A0E46174698460020179018903E
:100C500019901490159016904DB146B13FB1B8F16E
:100C6000000F04D0B5EEC08AF1EE10FA05D10020D5
:100C70001AB0BDEC028BBDE8F08196ED000A8DED57
:100C8000170A96ED010A8DED180A96ED020A8DED10
:100C9000190A97ED000A8DED140A97ED010A8DED02
:100CA000150A97ED020A8DED160A17AA14A928460F
:100CB00008F0BEFE402104A8FFF7E1FC00200090F0
:100CC000019002900390002417A904A80CF026FDBF
:100CD00000BF30E004A800EB041090ED000AD5ED51
:100CE000000A20EE200A04A800EB0410D0ED010A4F
:100CF00095ED011A00EE810A04A800EB0410D0ED76
:100D0000020A95ED021A00EE810A04A800EB041015
:100D1000D0ED030A95ED031A00EE810A20EE080AD1
:100D2000F0EE000A80EE201A684600EB840080EDA9
:100D3000001A601CC4B2042CCCDB002410E005EBCC
:100D4000840090ED000A684600EB8400D0ED000AB4
:100D500030EE200A05EB840080ED000A601CC4B26E
:100D6000042CECDB28460CF075FB012080E700002A
:100D700010B501221021024802F03EF810BD00001B
:100D80000000024010B500221021024802F034F8A1
:100D900010BD0000000002407047000010B50122A5
:100DA0001146024802F028F810BD0000000402407D
:100DB00010B500220121024802F01EF810BD00000B
:100DC0000004024010B543781B021BB20478234391
:100DD00000EE103AB8EEC01A1C4BD3ED001A21EE0B
:100DE000211A81ED001AC3781B021BB284782343B9
:100DF00000EE103AB8EEC01A144BD3ED001A21EEF3
:100E0000211A81ED011A43791B021BB20479234395
:100E100000EE103AB8EEC01A0C4BD3ED001A21EEDA
:100E2000211A81ED021A037A1B04C47943EA0423D0
:100E30008479234300EE903AB8EE601ADFED041A8D
:100E400021EE211A82ED001A10BD000018020020C8
:100E500000401C42704710B5044620460BF091FC40
:100E600010BD10B5044620460AF0F6FB10BD000088
:100E70004278120212B203781A4300EE102AF8EEFA
:100E8000C00A144A92ED001A60EE810AC1ED000A10
:100E9000C278120212B283781A4300EE102AF8EEDA
:100EA000C00A0C4A92ED001A60EE810AC1ED010AF7
:100EB0004279120212B203791A4300EE102AF8EEB8
:100EC000C00A044A92ED001A60EE810AC1ED020ADE
:100ED000704700001C02002010B50024FFF75CFFE3
:100EE000FFF7B8FF09F0A2F810B144F0800402E067
:100EF00009F002F8044309F091FA10B144F04004FB
:100F000002E009F011FA0443204610BD2DE9FC412E
:100F100005460E461746002000900190FFF732FF6D
:100F2000922000F0D1F806226946122000F0ACF8B9
:100F3000FFF71EFF9DF80100000200B29DF80010AF
:100F400040EA010400EE104AB8EEC00A4C48D0ED69
:100F5000000A20EE200A86ED000A9DF80300000238
:100F600000B29DF8021040EA010400EE104AB8EE0B
:100F7000C00A4348D0ED000A20EE200A86ED010A9F
:100F80009DF80500000200B29DF8041040EA01043B
:100F900000EE104AB8EEC00A3948D0ED000A20EE43
:100FA000200A86ED020AFFF703FF082269460020A7
:100FB00000F06AF8FFF7F2FE9DF800000F2838D124
:100FC0009DF80300000200B29DF8021040EA0104FF
:100FD00000EE104AB8EEC00A2A48D0ED000A20EE12
:100FE000200A85ED000A9DF80500000200B29DF878
:100FF000041040EA010400EE104AB8EEC00A21488D
:10100000D0ED000A20EE200A85ED010A9DF80700C8
:10101000000200B29DF8061040EA010400EE104AFA
:10102000B8EEC00A1748D0ED000A20EE200A85ED80
:10103000020AFFF7A7FEA22000F046F80222694646
:10104000222000F021F8FFF793FE9DF80000C00079
:101050009DF8011040EA6114B4F5806F02DBA4F53D
:10106000006004B200EE104AF8EEC00AB4EE001AB6
:10107000B3EE070A00EE810A87ED000ABDE8FC81A5
:10108000180200201C02002070B506460C461546CA
:1010900046F0800000F018F806E0552000F014F843
:1010A0002070641C681EC5B2002DF6D170BD70B5ED
:1010B00004460D4644F0800000F006F8552000F08C
:1010C00003F8287070BD000001B582B04FF47A704B
:1010D000012301AA02A90090024803F09BF89DF8A1
:1010E00004000EBDC009002010B502461378DB00D5
:1010F000547843EA6410B0F5806F02DBA0F500631A
:1011000018B200EE100AF8EEC00AB4EE001AB3EE00
:10111000070A00EE810A81ED000A10BD70B5054690
:101120000C462846FFF7D0FF2046FFF7CDFF70BDE5
:1011300000BFFEE710B5024801F07DF810BD0000C9
:101140005402002010B5024801F075F810BD0000EF
:101150007C020020F8B507460C4615461E464FF4A3
:1011600000700D49086000208860C8600820086190
:10117000380A0A4908704F70200A8870CC70280A13
:1011800008714D71300A8871CE716B460A4602496A
:10119000034800F054FEF8BD907000201C010020B0
:1011A0005402002008B54FF4E0600C4908600020AC
:1011B0008860C860082008610020094908704870EC
:1011C0008870C870087148718871C8716B460A468A
:1011D0000249044800F033FE08BD00009070002072
:1011E0001C0100205402002010B5FE48C06C0068AD
:1011F000FD49884276D9FC4854380068F949C96CE1
:101200000968FA4A914201D1202169E0F549C96C87
:101210000968F54A483A914201D1202160E0F1493C
:10122000C96C0968F14A6032914201D1202157E02E
:10123000EC49C96C0968EC4A1832914201D120216D
:101240004EE0E849C96C0968E84A1832914201D178
:10125000C91445E0E349C96C0968E34A303A914250
:1012600001D1C9143CE0DF49C96C0968DF4A783212
:10127000914201D1C91433E0DA49C96C0968DA4AEC
:101280003032914201D1C9142AE0D649C96C0968AB
:10129000D64A3032914202D14FF4001120E0D149B8
:1012A000C96C0968D04A183A914202D14FF4001132
:1012B00016E0CC49C96C0968CC4A9032914202D1FF
:1012C0004FF400110CE0C749C96C0968C64A48329E
:1012D000914203D14FF4001102E003E04FF00061AE
:1012E000084070E1BF48C06C0068C049A83188421E
:1012F00076D9BD4858380068BA49C96C0968BB4AF4
:10130000914201D1202169E0B649C96C0968B64A09
:10131000483A914201D1202160E0B249C96C096884
:10132000B24A6032914201D1202157E0AD49C96CE7
:101330000968AD4A1832914201D120214EE0A949F5
:10134000C96C0968A94A1832914201D1C91445E013
:10135000A449C96C0968A44A303A914201D1C91420
:101360003CE0A049C96C0968A04A7832914201D199
:10137000C91433E09B49C96C09689B4A30329142D9
:1013800001D1C9142AE09749C96C0968974A3032DB
:10139000914202D14FF4001120E09249C96C0968D2
:1013A000914A183A914202D14FF4001116E08D494A
:1013B000C96C09688D4A9032914202D14FF40011F4
:1013C0000CE08849C96C0968874A4832914203D1C8
:1013D0004FF4001102E003E04FF000610840F2E03A
:1013E0008048C06C006881494831884276D97F487E
:1013F000103840687B49C96C09687C4A914201D128
:10140000202169E07749C96C0968774A483A9142D6
:1014100001D1202160E07349C96C0968734A6032C8
:10142000914201D1202157E06E49C96C09686E4A8A
:101430001832914201D120214EE06A49C96C0968F5
:101440006A4A1832914201D1C91445E06549C96C14
:101450000968654A303A914201D1C9143CE06149BA
:10146000C96C0968614A7832914201D1C91433E0EC
:101470005C49C96C09685C4A3032914201D1C91497
:101480002AE05849C96C0968584A3032914202D161
:101490004FF4001120E05349C96C0968524A183AC8
:1014A000914202D14FF4001116E04E49C96C09680F
:1014B0004E4A9032914202D14FF400110CE049495A
:1014C000C96C0968484A4832914203D14FF400116F
:1014D00002E003E04FF00061084074E04348103838
:1014E00000684049C96C0968404A914201D12021F5
:1014F00068E03C49C96C09683B4A483A914201D1CD
:1015000020215FE03749C96C0968384A603291424E
:1015100001D1202156E03349C96C0968324A18329A
:10152000914201D120214DE02E49C96C09682F4A12
:101530001832914201D1C91444E02A49C96C0968A2
:10154000294A303A914201D1C9143BE02549C96C7E
:101550000968264A7832914201D1C91432E0214902
:10156000C96C0968204A3032914201D1C91429E07E
:101570001C49C96C09681D4A3032914202D14FF4AE
:1015800000111FE01749C96C0968174A183A9142BF
:1015900002D14FF4001115E01249C96C0968134AD1
:1015A0009032914202D14FF400110BE00D49C96C09
:1015B00009680D4A4832914202D14FF4001101E00E
:1015C0004FF00061084000286FD00648C06C0068EA
:1015D000054988427BD90348C06C006803498842AA
:1015E00008D105E0C00900205864024010600240A4
:1015F000202068E0FE48C06C0068FE49884201D1A6
:10160000202060E0FA48C06C0068FB49884201D1A4
:10161000202058E0F648C06C0068F64960318842E6
:1016200001D120204FE0F248C06C0068F2494839EF
:10163000884201D1C01446E0ED48C06C0068ED4915
:101640001831884201D1C0143DE0E948C06C0068FF
:10165000E9491831884201D1C01434E0E448C06C33
:101660000068E4497831884201D1C0142BE0E04899
:10167000C06C0068E0493039884202D14FF4001054
:1016800021E0DB48C06C0068DA493031884202D181
:101690004FF4001017E0D648C06C0068D6493031CE
:1016A000884204D14FF400100DE0D4E10FE0D0489F
:1016B000C06C0068CF499031884202D14FF40010CD
:1016C00001E04FF00060CB49091F08606AE1C8489B
:1016D000C06C0068C8494831884274D9C448C06C9D
:1016E0000068C5496039884201D1202066E0C048C1
:1016F000C06C0068BF49884201D120205EE0BC4830
:10170000C06C0068BC49884201D1202056E0B8482E
:10171000C06C0068B7496031884201D120204DE09B
:10172000B348C06C0068B4494839884201D1C0143C
:1017300044E0AF48C06C0068AE491831884201D11E
:10174000C0143BE0AA48C06C0068AB49183188421D
:1017500001D1C01432E0A648C06C0068A5497831B8
:10176000884201D1C01429E0A148C06C0068A24998
:101770003039884202D14FF400101FE09C48C06C01
:1017800000689C493031884202D14FF4001015E0C6
:101790009748C06C006898493031884202D14FF4B4
:1017A00000100BE09248C06C00689249903188426A
:1017B00002D14FF4001001E04FF000608D4908396C
:1017C0000860EFE0FFE78A48C06C00688A49183972
:1017D000884274D98648C06C00688749603988425D
:1017E00001D1202066E08248C06C006881498842AF
:1017F00001D120205EE07E48C06C00687E498842AE
:1018000001D1202056E07A48C06C006879496031E7
:10181000884201D120204DE07548C06C00687649AF
:101820004839884201D1C01444E07148C06C006856
:1018300070491831884201D1C0143BE06C48C06C3B
:1018400000686D491831884201D1C01432E06848FF
:10185000C06C006867497831884201D1C01429E022
:101860006348C06C006864493039884202D14FF443
:1018700000101FE05E48C06C00685E49303188424D
:1018800002D14FF4001015E05948C06C00685A4965
:101890003031884202D14FF400100BE05448C06C44
:1018A000006854499031884202D14FF4001001E0A1
:1018B0004FF0006050497039C86073E0FFE74C4852
:1018C000C06C00684C496039884201D1202066E034
:1018D0004748C06C00684749884201D120205EE03B
:1018E0004348C06C00684449884201D1202056E03A
:1018F0003F48C06C00683F496031884201D12020D8
:101900004DE03B48C06C00683B494839884201D1F2
:10191000C01444E03648C06C00683649183188422B
:1019200001D1C0143BE03248C06C00683249183124
:10193000884201D1C01432E02D48C06C00682D49A6
:101940007831884201D1C01429E02948C06C006870
:1019500029493039884202D14FF400101FE0244851
:10196000C06C006823493031884202D14FF4001026
:1019700015E01F48C06C00681F493031884202D111
:101980004FF400100BE01A48C06C00681949903100
:10199000884202D14FF4001001E04FF00060164978
:1019A000703988601548007800F0020078B113485B
:1019B000007820F00200114908700846007840F0D5
:1019C00004000870012211460D4801F015FA0D4877
:1019D000007800F00200E0B10A48007820F0020030
:1019E000084908700846007840F0040008700BE0D1
:1019F000C0090020106402407060024071010020A4
:101A0000000402407201002001221021124801F05E
:101A1000F3F91248007800F0020078B10F4800781E
:101A200020F002000D4908700846007840F00400DC
:101A3000087001221021084801F0DEF90AF0C0FB0D
:101A40000748007800F0040028B10648006840F01C
:101A500001000449086010BD00000240730100202D
:101A600071010020103C014001460878103818230D
:101A7000B0FBF3F20848805CC865032A05D9086802
:101A80006FF30900001D886503E008686FF3090023
:101A90008865886D70470000ACF80008014600209A
:101AA0008A6A8B69CBB932B1012A0DD0022A03D0E0
:101AB000032A10D10EE000BFCB6A03F08073B3F1AC
:101AC000807F00D1012007E0CB6AB3F1C07F00D155
:101AD000012001E000E000BF34E08B69B3F5005F56
:101AE0001AD132B1012A07D0022A03D0032A11D118
:101AF0000AE000BF01200EE0CB6A03F08073B3F16F
:101B0000807F00D1012006E0CB6AB3F1C07F00D115
:101B1000012000E000BF15E032B1012A05D0022A01
:101B200004D0032A0CD103E000BF00BF012008E06D
:101B3000CB6A03F08073B3F1807F00D1012000E015
:101B400000BF00BF7047704710B5012001F046F894
:101B500010BD10B5082001F041F810BD10B51020DF
:101B600001F03CF810BD10B5202001F037F810BD91
:101B70007047000010B5002201B909E0012901D128
:101B80000A0205E0022901D10A0201E04FF4407285
:101B90000E4B1B6823F440730C4C236023461B68D8
:101BA0001343236023461B6823F0F8032360234676
:101BB0001B68022444EAC0042343044C23602346E8
:101BC0001B6843F48033236010BD0000103C0240CA
:101BD0001C48006800F40070B0B11A48006820F496
:101BE00000701849086000BF0846006840F40060B3
:101BF00008600846006820F40060086000BF0846DE
:101C0000006840F4007008600E48006800F48060CE
:101C1000B0B10C48006820F480600A49086000BF39
:101C20000846006840F4805008600846006820F4C8
:101C30008050086000BF0846006840F4806008607B
:101C400070470000003C02400A4A126822F44072C9
:101C5000084B1A601A46126842F004021A601A46CB
:101C600012684FF4803343EA00231A43014B1A6091
:101C700070470000103C0240074A126822F440728C
:101C8000054B1A601A4612681A601A46126842F02A
:101C900001021A6001707047103C024010B50949FA
:101CA000096821F44071074C21602146096841F41C
:101CB000407121602146096841F001012160026004
:101CC000436010BD103C0240084A126822F4407282
:101CD000064B1A601A46126842F480721A601A465D
:101CE000126842F001021A6001807047103C024005
:101CF000084A126822F44072064B1A601A461268AB
:101D000042F400721A601A46126842F001021A6028
:101D100001607047103C02402348006800F010004A
:101D200040B12248C06940F010002049C86110202D
:101D30001D4908601C48006800F0200040B11B48A5
:101D4000C06940F008001949C861202016490860A0
:101D50001548006800F0400040B11448C06940F0E8
:101D600004001249C86140200F4908600E4800680D
:101D700000F0800040B10D48C06940F002000B49FE
:101D8000C8618020084908600748006800F0020028
:101D900040B10648C06940F020000449C8610220F3
:101DA00001490860704700000C3C0240B80C00205C
:101DB00070B50446002500201449C86101F022F8DE
:101DC000054609E0601C38B124B101F01BF8401B46
:101DD000A04201D9032070BD0D48006800F4803096
:101DE0000028EFD10A48006800F0010010B101207E
:101DF000074908600648006800F0F20018B1FFF7D4
:101E00008BFF0120E7E70020E5E70000B80C002089
:101E10000C3C024010B5024692F82030012B01D054
:101E2000022B06D1106840690843146860610020E5
:101E300010BD506A40F4802050620120F8E7F0B5F0
:101E400004460D461E4694F8207020688368A868F2
:101E500000B900E000BF012F01D0022F7CD103F0B8
:101E6000806030B903F0006018B903F0805000289A
:101E700073D0C3F30161022905D9606A40F4000000
:101E800060620120F0BD012088403060A86860B920
:101E9000B5F800C0E86840EA4C5C206800F5C07006
:101EA00000EB0110C0F800C00FE0D5E901C040EA26
:101EB000CC00D5F80CC040EA0C00D4F800C00CF5FA
:101EC000C07C0CEB011CCCF80000D5F810C02068D9
:101ED00000F5C07000EB0110C0F804C0287D012897
:101EE0000ED1206800F5C07000EB0110406840F48E
:101EF000807C206800F5C07000EB0110C0F804C0C1
:101F0000D079000692F806C040EA0C4092F805C06D
:101F100040EA0C2C10794CEA000C206800F5C070E7
:101F200000EB0110C0F80CC0D078000692F802C097
:101F300040EA0C4092F801C040EA0C2092F800C040
:101F400040EA0C00D4F800C00CF5C07C0CEB011C7E
:101F5000CCF80800206801E016E00FE000F5C07042
:101F600000EB0110006840F0010C206800F5C07023
:101F700000EB0110C0F800C0002083E7606A40F465
:101F80000010606201207DE7606A40F4802060629A
:101F9000012077E7F0B504460A46216894F82050FE
:101FA000012D01D0022D7ED1424901F50071086852
:101FB00040F001000860086820F47C500860086860
:101FC000566A40EA06200860107D00F01F060120D6
:101FD00000FA06F3C8699843C861A1F50071D06999
:101FE000C8B9D1F80C029843C1F80C02908880B2AD
:101FF000968940EA064601F51070576940F8376047
:10200000108880B2168940EA064601F510705769BB
:1020100000EBC7004660D069012819D1D1F80C0245
:102020001843C1F80C02908880B2168840EA064630
:1020300001F51070576940F83760908980B21689B1
:1020400040EA064601F51070576900EBC70046608C
:10205000906928B9D1F804029843C1F8040204E059
:10206000D1F804021843C1F80402106928B9D1F864
:1020700014029843C1F8140204E0D1F81402184382
:10208000C1F81402106A012804D1D1F81C021843C7
:10209000C1F81C02D1F8000220F00100C1F80002D2
:1020A0000020F0BDFFE7606A40F4802060620120FC
:1020B000F7E7000000640040704770B5044694F8EC
:1020C0002050012D01D0022D7CD151B92068C0686B
:1020D00000F0030080B9606A40F4001060620120E3
:1020E00070BD2068006900F0030028B9606A40F400
:1020F000001060620120F3E7206800F5D87000EB63
:102100000110006800F004009060906840B92068F9
:1021100000F5D87000EB01100068400D106007E07A
:10212000206800F5D87000EB01100068C00850600E
:10213000206800F5D87000EB0110006800F0020084
:102140004008D060206800F5D87000EB01104068AE
:1021500000F00F001061206800F5D87000EB01104E
:10216000406800F47F40000A9061206800F5D87054
:1021700000EB01104068000C5061206800F5D87039
:1021800000EB011080681870206800F5D87000EB33
:102190000110806800F47F40000A5870206800F544
:1021A000D87000EB0110806800F47F00000C98707C
:1021B000206800F5D87000EB01108068000ED87020
:1021C000206800E031E000F5D87000EB0110C06835
:1021D0001871206800F5D87000EB0110C06800F499
:1021E0007F40000A5871206800F5D87000EB01109C
:1021F000C06800F47F00000C9871206800F5D8706A
:1022000000EB0110C068000ED87131B92068C068B9
:1022100040F020002668F06005E02068006940F08A
:1022200020002668306100205AE7606A40F4802070
:102230006062012054E72DE9F05F04460025206824
:1022400046692068D0F80490206887682068D0F834
:102250000CA02068D0F810B02068D0F8188006F0E4
:102260000100002855D007F00100C0B1012021680D
:10227000886007F0020018B1204600F010FB0EE065
:1022800007F0040010B145F4006508E007F008000D
:1022900010B145F4805502E0204600F0FFFA07F443
:1022A0008070C8B14FF480702168886007F40070B6
:1022B00018B1204600F0F5FA0EE007F4806010B186
:1022C00045F4005508E007F4006010B145F480457E
:1022D00002E0204600F0E4FA07F48030C8B14FF481
:1022E00080302168886007F4003018B1204600F083
:1022F000DAFA0EE007F4802010B145F4004508E05A
:1023000007F4002010B145F4803502E0204600F0CB
:10231000C9FA06F0080038B10AF0100020B145F4FF
:10232000007510202168C86006F0040040B10AF072
:10233000080028B108202168C860204600F00CFA87
:1023400006F0020038B12068C06800F0030010B148
:10235000204600F003FA06F0400038B10BF0100000
:1023600020B145F4806510202168086106F0200046
:1023700040B10BF0080028B1082021680861204610
:1023800000F05AFA06F0100038B12068006900F039
:10239000030010B1204600F050FA06F4003040B1BE
:1023A00009F0100028B1102021684860204600F094
:1023B00045FA06F4803040B109F0080028B1082041
:1023C00021684860204600F06FFA06F4004088B3A8
:1023D00009F0040078B306F4807020B108F0010021
:1023E00008B145F0010506F4007020B108F00200C4
:1023F00008B145F0020506F4806020B108F0040041
:1024000008B145F0040506F40060A0B108F07000C2
:1024100088B108F07000402817D006DC10280BD0D7
:1024200020280CD0302819D10CE0502810D060287A
:1024300014D110E01DE019E045F008050FE045F06B
:1024400010050CE045F0200509E045F0400506E0E8
:1024500045F0800503E045F4807500E000BF00BF53
:102460002068806920F0700021688861042021685C
:1024700048602DB1606A284360622046FFF71CFE69
:10248000BDE8F09F70B504460CB9012070BD94F80A
:10249000200010B9204600F0AFF82068006820F056
:1024A00002002168086000F0ADFC05460DE000F078
:1024B000A9FC401B0A2808D9606A40F40030606219
:1024C000052084F820000120E0E72068406800F043
:1024D00002000028EBD12068006840F0010021686C
:1024E000086000F08FFC05460DE000F08BFC401BFF
:1024F0000A2808D9606A40F400306062052084F838
:1025000020000120C2E72068406800F00100002898
:10251000EBD0207E012806D12068006840F08000C2
:102520002168086005E02068006820F080002168CC
:102530000860607E012806D12068006840F04000F5
:102540002168086005E02068006820F040002168EC
:102550000860A07E012806D12068006840F02000B5
:102560002168086005E02068006820F020002168EC
:102570000860E07E012806D12068006820F0100085
:102580002168086005E02068006840F010002168BC
:102590000860207F012806D12068006840F008000C
:1025A0002168086005E02068006820F008002168C4
:1025B0000860607F012806D12068006840F00400B0
:1025C0002168086005E02068006820F004002168A8
:1025D0000860D4E90201084321690843616908439E
:1025E0006168491E08432168C861002060620120BB
:1025F00084F82000002049E710B586B00446142175
:1026000001A8FEF73CF84E492068884241D14D4868
:102610000068401C4B4908600846006801280FD13B
:1026200000BF002000904848006840F00070464914
:1026300008600846006800F00070009000BF00BF0E
:1026400000BF0020009040481038006840F00800AB
:102650003D49103908600846006800F00800009005
:1026600000BF00BF032001900220029000200390D1
:10267000032004900920059001A9344800F0BCFA19
:1026800000220621142000F0B9FF142000F0A6FF5C
:1026900054E02F492068884250D100BF00200090AC
:1026A0002948006840F080602749086008460068B3
:1026B00000F08060009000BF00BF22480068401C0E
:1026C000204908600846006801280FD100BF00209B
:1026D00000901D48006840F000701B4908600846E3
:1026E000006800F00070009000BF00BF00BF002035
:1026F000009015481038006840F002001249103967
:1027000008600846006800F00200009000BF00BFAB
:10271000602001900220029000200390032004908A
:102720000920059001A90B4800F066FA0022062155
:10273000402000F063FF402000F050FF06B010BDC5
:10274000006400400000002040380240000C0240BD
:1027500000680040000402407047000010B58AB0D5
:10276000044601AB03AA00212046FFF7A6FC03980C
:10277000A0F20120072857D2DFE800F00405060781
:1027800008090A0000BF00BF00BF00BF00BF00BFB4
:102790000398401E264908700846007800EB800028
:1027A000244931F8100000B22149097801EB810178
:1027B000204A02EB410108819DF805009DF80410B4
:1027C00040EA01201A49097801EB810122F8110041
:1027D0009DF807009DF8061040EA012000B2144958
:1027E000097801EB810102EB410148809DF8090065
:1027F0009DF8081040EA012000B20D49097801EB6C
:10280000810102EB410188809DF80A00084909789E
:1028100001EB810102EB4101887105490978491CEE
:10282000C8B208F041FF00E000BF00BF0AB010BD11
:10283000240100203070002070477047704770B549
:10284000044694F82000012822D1022084F82000B8
:102850002068006820F001002168086000F0D2FACA
:1028600005460DE000F0CEFA401B0A2808D9606A40
:1028700040F400306062052084F82000012070BD23
:102880002068406800F001000028EBD16062F6E7A4
:10289000606A40F4002060620120F0E770477047F2
:1028A0007047704770477047704700002DE9F0414E
:1028B0000446002500F0A6FA074614B90120BDE839
:1028C000F081606A00B100BF00BF002084F83400CE
:1028D00000BF022084F835002068006820F0010065
:1028E000216808600AE000F08DFAC01B052805D9B0
:1028F00020206065032084F83500E0E72068006848
:1029000000F001000028EED120680568214805404C
:10291000D4E901010843E16808432169084361697A
:102920000843A1690843E1690843216A0843054354
:10293000606A042803D1D4E90B01084305432068E9
:1029400005602068456925F00705606A0543606AEF
:1029500004280DD1A06A0543E06A48B12046FFF77C
:102960009DF828B140206065012084F83500A6E775
:10297000206845612046FFF777F8064694F85C101A
:102980003F208840B06000206065012084F8350059
:10299000002094E73F8010F02DE9F04104460E46F8
:1029A0000127002500BF2548007E012802D1022012
:1029B000BDE8F08101202149087600BF4CF250307B
:1029C000FFF7F6F90746002F31D1401E306020682E
:1029D00001280FD1207C6168FFF736F94CF25030A6
:1029E000FFF7E6F907461648006820F0040014498E
:1029F00008601AE0A56812E0217C2846FFF7BAF8C3
:102A00004CF25030FFF7D4F907460D48006820F02B
:102A1000FA000B4908600FB1356005E06D1CD4E980
:102A200002100844A842E7D800BFFFF7D1F800BF62
:102A300000200249087600BF3846B9E7B80C0020EC
:102A4000103C02400348006840F000400149086023
:102A500000207047103C02402DE9F04106460F4629
:102A600014461D464FF0010800BF1F48007E012894
:102A700002D10220BDE8F08101201B49087600BF89
:102A80004CF25030FFF794F98046B8F1000F23D193
:102A900026B9E1B23846FFF7EFF812E0012E04D173
:102AA000A1B23846FFF710F90BE0022E04D12146FF
:102AB0003846FFF71DF904E022462B463846FFF75B
:102AC000EDF84CF25030FFF773F980460748006884
:102AD00020F001000549086000BF00200249087687
:102AE00000BF4046C6E70000B80C0020103C024082
:102AF00000200949096801F0004159B10749064A17
:102B00000C3A1160064911600349096801F000415F
:102B100001B1012070470000103C024023016745CD
:102B2000AB89EFCD10B50446102C14D1092008F064
:102B3000BBFD2248007840F0010020490870204881
:102B4000007840F001001E4908701E480078A0B3CC
:102B500009F036FB31E0202C0ED1082008F0A4FD4E
:102B60001948007840F001001749087015480078AE
:102B700018B309F025FB20E0082C09D10A2008F041
:102B800093FD1248007840F001001049087014E0ED
:102B9000012C12D10BF0F4FD01280ED00C490D4888
:102BA00000680AF0CDFF0A48006830B120070A49E2
:102BB0000860BFF34F8FBFF36F8F10BD720100200D
:102BC00073010020750100207101002074010020B4
:102BD000E80100204C01002004ED00E010B504469F
:102BE00004480068204020B1024804602046FFF7F6
:102BF00099FF10BD143C0140F8B502460B46002574
:102C0000002400200021DCE0012606FA01F51E6800
:102C100006EA0504AC4273D15E68022E02D05E68FB
:102C2000122E13D1CF0802F1200656F827004E07C6
:102C3000F70E0F26BE40B0434F07FF0E1E69BE4081
:102C40003043CF0802F1200646F8270010684F00F5
:102C50000326BE40B0431E7906F003064F00BE4077
:102C6000304310605E68012E08D05E68022E05D0E9
:102C70005E68112E02D05E68122E13D190684F004C
:102C80000326BE40B0434F00DE68BE403043906034
:102C9000506801268E40B0431E79C6F300168E4060
:102CA00030435060D0684F000326BE40B0434F0011
:102CB0009E68BE403043D0605E6806F08056B6F134
:102CC000805F7DD100BF00260096404E366846F4F6
:102CD00080463E4F3E603E46366806F4804600968B
:102CE00000BF00BF3A4E8F0856F827008E07370FF7
:102CF0000F26BE40B043374EB24202D1002624E038
:102D00005EE0354EB24201D101261EE0334EB242A2
:102D100001D1022619E0324EB24201D1032614E05D
:102D2000304EB24201D104260FE02F4EB24201D103
:102D300005260AE02D4EB24201D1062605E02C4EB2
:102D4000B24201D1072600E008268F073F0FBE40A0
:102D500030431F4E8F0846F82700264E3068A043A8
:102D60005E6806F48036B6F5803F00D12043214EE0
:102D70003060361D3068A0435E6806F40036B6F554
:102D8000003F00D120431B4E361D3060361D306899
:102D9000A0435E6806F48016B6F5801F00D120437C
:102DA000144E08363060361D3068A0435E6806F465
:102DB0000016B6F5001F00D120430E4E0C363060D1
:102DC000491C1029FFF420AFF8BD00004438024030
:102DD00008380140000002400004024000080240A0
:102DE000000C024000100240001402400018024093
:102DF000001C0240003C01400AB1816101E00B046B
:102E00008361704701480068704700001C00002083
:102E100070B504460CB9012070BD94F83D0028B986
:102E2000002084F83C00204600F0FAFA242084F8C0
:102E30003D002068006820F001002168086000F073
:102E4000C5FD05465C496068884206D85B488542F6
:102E500001D2012007E0002005E05948854201D257
:102E6000012000E00020012800D1D5E75548B5FB3E
:102E7000F0F62068406820F03F0030432168486049
:102E80004D496068884201D8701C07E04FF4967085
:102E900070434FF47A71B0FBF1F0401C2168096A6D
:102EA00021F03F0108432168086243496068884275
:102EB00014D8681E61684900B0FBF1F0401CC0F3F3
:102EC0000B00042801D204203DE0681E616849001F
:102ED000B0FBF1F0401CC0F30B0034E0A06838B93F
:102EE000681E616801EB4101B0FBF1F0401C0AE093
:102EF000681E616801EBC10202EB0111B0FBF1F049
:102F0000401C40F48040C0F30B0008B901201AE0D7
:102F1000A06848B9681E616801EB4101B0FBF1F09F
:102F2000401CC0F30B000CE0681E616801EBC1029D
:102F300002EB0111B0FBF1F0401CC0F30B0040F4B8
:102F4000804040F400402168C9694CF6FF7291430B
:102F500008432168C861D4E907010843216809686A
:102F600021F0C001084321680860D4E90310084338
:102F70002168896848F2FF329143084321688860DC
:102F8000D4E9050108432168C96821F0FF0108431D
:102F90002168C8602068006840F00100216808606E
:102FA00000202064202084F83D000020206384F865
:102FB0003E0000BF30E70000A086010080841E00B4
:102FC00000093D0040420F002DE9FC5F04460F461A
:102FD00090469946DDE90CAB0E9EFFF713FF0546C0
:102FE00094F83D00202870D119230122B0492046D1
:102FF000009501F02DFF10B10220BDE8FC9F00BF3D
:1030000094F83C00012801D10220F6E7012084F861
:103010003C0000BF2068006800F0010028B920686B
:10302000006840F00100216808602068006820F412
:10303000006021680860222084F83D00402084F868
:103040003E0000202064C4F824A0A4F82AB0608DBB
:1030500020859848E0624B46424639462046CDE9F5
:10306000006501F0C5FD08B10120C6E7208D88B9D3
:1030700000BF0020019020684069019020688069AD
:10308000019000BF00BF2068006840F40070216814
:10309000086040E0208D012818D12068006820F4E5
:1030A00080602168086000BF0020019020684069AE
:1030B000019020688069019000BF00BF206800680F
:1030C00040F400702168086025E0EFE0208D0228C0
:1030D00016D12068006820F48060216808602068AC
:1030E000006840F400602168086000BF0020019083
:1030F00020684069019020688069019000BF0AE063
:1031000000BF00200190206840690190206880691C
:10311000019000BF00BFBAE0208D03287ED8208D2B
:10312000012815D12A463146204601F036FF08B164
:10313000012062E720680069616A0870606A401CCB
:103140006062208D401E2085608D401E60859EE05F
:10315000208D02282AD13346002257492046009567
:1031600001F076FE08B1012047E72068006840F4CE
:1031700000702168086020680069616A0870606AF0
:10318000401C6062208D401E2085608D401E608541
:1031900020680069616A0870606A401C6062208D66
:1031A000401E2085608D401E608570E03346002201
:1031B00041492046009501F04BFE08B101201CE773
:1031C0002068006820F48060216808602068006939
:1031D000616A0870606A401C6062208D401E208514
:1031E000608D401E6085334600223349204600959D
:1031F00001F02EFE08B10120FFE62068006840F4CF
:1032000000702168086020680069616A0870606A5F
:10321000401C6062208D401E208500E010E0608D23
:10322000401E608520680069616A0870606A401C01
:103230006062208D401E2085608D401E608526E0E6
:103240002A463146204601F0A8FE08B10120D4E606
:1032500020680069616A0870606A401C6062208DA5
:10326000401E2085608D401E608520684069C0F347
:10327000800060B120680069616A0870606A401C63
:103280006062208D401E2085608D401E6085208DEF
:1032900000287FF441AF202084F83D00002084F80E
:1032A0003E0000BF84F83C0000BFA6E60220A4E672
:1032B000020010000000FFFF040001002DE9FC5F88
:1032C00004460F4690469946DDE90CAB0E9EFFF78B
:1032D00099FD054694F83D0020287DD1192301224F
:1032E0004D492046009501F0B3FD10B10220BDE824
:1032F000FC9F00BF94F83C00012801D10220F6E7B2
:10330000012084F83C0000BF2068006800F0010044
:1033100028B92068006840F0010021680860206832
:10332000006820F4006021680860212084F83D00D6
:10333000402084F83E0000202064C4F824A0A4F8B3
:103340002AB0608D20853548E0624B4642463946BA
:103350002046CDE9006501F0E7FC08B10120C6E791
:1033600031E02A463146204601F057FE50B1206C2C
:10337000042805D12068006840F4007021680860C6
:103380000120B4E7606A007821680861606A401C27
:103390006062208D401E2085608D401E6085206803
:1033A0004069C0F3800070B1208D60B1606A007820
:1033B00021680861606A401C6062208D401E208583
:1033C000608D401E6085208D0028CAD12A46314676
:1033D000204601F00FFD00E01CE050B1206C0428F5
:1033E00005D12068006840F4007021680860012061
:1033F0007DE72068006840F40070216808602020A4
:1034000084F83D00002084F83E0000BF84F83C00B2
:1034100000BF6CE702206AE7020010000000FFFF17
:1034200010B586B00446142101A8FDF728F92A49F1
:10343000206888424DD100BF0020009027480068D6
:1034400040F00400254908600846006800F00400C8
:10345000009000BF00BF00BF002000900846006839
:1034600040F0010008600846006800F0010000908C
:1034700000BF00BF48150190122002900120039068
:10348000032004900420059001A91548FFF7B4FB20
:103490004FF48070019012200290012003900320CD
:1034A00004900420059001A90E48FFF7A5FB00BF7A
:1034B0000020009009481030006840F400000749DF
:1034C000103108600846006800F40000009000BF5A
:1034D00000BF06B010BD0000005C00403038024064
:1034E00000080240000002400348006803490978D0
:1034F00008440149086070471C0000202400002097
:1035000010B50D48006840F400700B49086008468B
:10351000006840F4806008600846006840F48070ED
:103520000860032000F0A8F80F2000F007F800F072
:103530002BF8002010BD0000003C024070B504468E
:103540000E4800784FF47A71B1FBF0F00C4909682D
:10355000B1FBF0F5284600F072FF08B1012070BD04
:10356000102C07D200222146501E00F047F80548D3
:10357000046001E00120F2E70020F0E724000020D1
:10358000280000202000002008B500BF0020009087
:103590001148006840F480400F4908600846006800
:1035A00000F48040009000BF00BF00BF00200090EA
:1035B000081F006840F08050091F08600846006836
:1035C00000F08050009000BF00BF00220F21901E2D
:1035D00000F014F808BD00004438024001460846D7
:1035E000002809DB00F01F0301229A4043099B00D9
:1035F00003F1E023C3F8002100BF70472DE9F05F1D
:1036000080460D461646002705F0C6FF0746394698
:103610002A46334601F00700C0F1070ABAF1040F49
:1036200002D94FF0040A01E0C0F1070AD14600F1C7
:10363000040ABAF1070F02D24FF0000A01E0A0F12C
:10364000030AD4464FF0010A0AFA09FAAAF1010A5C
:103650000AEA020A0AFA0CFA4FF0010B0BFA0CFB09
:10366000ABF1010B0BEA030B4AEA0B04214640467F
:1036700005F09AFFBDE8F09F00BF00F00702064B7F
:1036800019684FF6FF031940044B0B4343EA02212C
:10369000014B196000BF70470CED00E00000FA0517
:1036A000F8B5044600250026207800F0010020B976
:1036B000207800F0040004282FD100205B498866A0
:1036C000FFF7A0FB054606E0FFF79CFB401B022826
:1036D00001D90320F8BD56480068C0F3C060002837
:1036E000F2D160688101207A41EA0070504984314A
:1036F000086001204D498866FFF784FB054606E017
:10370000FFF780FB401B022801D90320E2E748486D
:103710000068C0F3C0600028F2D0207800F00200FA
:1037200002287DD100BF0020009041484030006851
:1037300040F080503E49403108600846006800F083
:103740008050009000BF00BF3A48006840F480708D
:1037500038490860FFF756FB054606E0FFF752FBC5
:10376000401B022801D90320B4E73248006800F466
:1037700080700028F2D02E487030006800F4407647
:103780004EB3A08900F44070B04224D02848703075
:10379000006820F440760120274908600020086076
:1037A000234870300660006800F0010098B1FFF710
:1037B00029FB054608E0FFF725FB401B41F2883155
:1037C000884201D9032085E7194870300068C0F3AA
:1037D00040000028EFD000BFA08900F44070B0F591
:1037E000407F0CD112480830006820F4F810134ACA
:1037F000E168114008430E490831086007E00C48B1
:103800000830006820F4F8100949083108600848B9
:1038100070300068A189C1F30B010843044900E03E
:1038200002E07031086000BF002053E7000047420B
:103830000038024000700040400E4742FFFCFF0F7E
:1038400070B504460D460CB9012070BD584800689B
:1038500000F00F00A84209D255490D7008460068D3
:1038600000F00F00A84201D00120EEE7207800F020
:10387000020002281DD1207800F00400042805D1A0
:103880004C48006840F4E0504A490860207800F055
:103890000800082805D14748006840F460404549C1
:1038A00008604448006820F0F000A16808434149DE
:1038B0000860207800F00100A8B36068012807D1F3
:1038C0003C4808380068C0F34040B8B90120BCE764
:1038D0006068022802D06068032807D1354808389C
:1038E0000068C0F3406048B90120AEE731480838AD
:1038F0000068C0F3400008B90120A6E72D48006821
:1039000020F00300616808432A490860FFF77AFA4B
:10391000064609E0FFF776FA801B41F288318842BB
:1039200002D9032091E707E02248006800F00C006C
:103930006168B0EB810FEDD11D48006800F00F0009
:10394000A84209D91A490D700846006800F00F0016
:10395000A84201D0012078E7207800F00400042874
:1039600007D11448006820F4E050E1680843114989
:103970000860207800F00800082808D10D48006889
:1039800020F46040216940EAC1000A49086000F063
:103990003DF808490968C1F30311074A515CC84062
:1039A000064908600F20FFF7C9FD00204DE7000021
:1039B000003C024008380240B4F80008280000200B
:1039C00001480068704700002800002000B5FFF79C
:1039D000F7FF04490968C1F38221034A515CC840DA
:1039E00000BD000008380240C4F8000800B5FFF729
:1039F000E7FF04490968C1F34231034A515CC840FA
:103A000000BD000008380240C4F800082DE9F04766
:103A1000002400250026A1462548006800F00C007F
:103A200020B1042805D008283AD105E0DFF88490B9
:103A300039E0DFF8849036E01D48001F006800F090
:103A40003F041B48001F006800F4800078B11A484A
:103A50001749091F0968C1F38811A0FB01700146CD
:103A6000224600233846FCF7F5FC05460EE01148D7
:103A70000F49091F0968C1F38811A0FB01700146B5
:103A8000224600233846FCF7E5FC05460848001F9F
:103A90000068C0F30140401C4600B5FBF6F902E0A7
:103AA000DFF8109000BF00BF4846BDE8F087000077
:103AB000083802400024F400001BB700F8B50446A3
:103AC0000CB90120F8BD207800F00100002874D066
:103AD000F948006800F00C0004280DD0F648006892
:103AE00000F00C00082813D1F348001F006800F410
:103AF0008000B0F5800F0BD1EF4808380068C0F3A4
:103B00004040002859D06068002856D10120D9E7EC
:103B100000BF6068B0F5803F08D1E748083800680A
:103B200040F48030E449083908601EE06068B0F570
:103B3000A02F0DD1E0480838006840F48020DE490D
:103B4000083908600846006840F4803008600CE0DE
:103B5000D9480838006820F48030D749083908600F
:103B60000846006820F48020086000BF606890B1BB
:103B7000FFF748F9054606E0FFF744F9401B6428C3
:103B800001D903209EE7CC4808380068C0F34040C4
:103B90000028F1D011E0FFF735F9054606E0FFF700
:103BA00031F9401B642801D903208BE7C24808384B
:103BB0000068C0F340400028F1D1207800F00200F6
:103BC00002285FD1BC48006800F00C0058B1BA4828
:103BD000006800F00C0008281CD1B748001F0068DE
:103BE00000F48000B0B9B44808380068C0F3400061
:103BF00020B1E068012801D0012063E7AE48083811
:103C0000006820F0F800216940EAC100AA4908399B
:103C1000086037E0E06800B30120A8490860FFF7BA
:103C2000F1F8054606E0FFF7EDF8401B022801D940
:103C3000032047E7A04808380068C0F34000002888
:103C4000F1D09D480838006820F0F800216940EA6A
:103C5000C10099490839086014E0002097490860BC
:103C6000FFF7D0F8054606E0FFF7CCF8401B022826
:103C700001D9032026E7904808380068C0F34000C7
:103C80000028F1D1207800F0080008282CD16069C4
:103C9000A8B101208A490860FFF7B4F8054606E09C
:103CA000FFF7B0F8401B022801D903200AE7824839
:103CB0006C300068C0F340000028F1D014E0002010
:103CC0007F490860FFF79EF8054606E0FFF79AF87F
:103CD000401B022801D90320F4E677486C300068C5
:103CE000C0F340000028F1D1207800F0040004283F
:103CF00070D1002670483830006800F0805090B9CC
:103D000000BF002000906C483830006840F08050C0
:103D10006949383108600846006800F0805000901A
:103D200000BF00BF01266748006800F48070B0B98A
:103D30006448006840F4807062490860FFF762F8E8
:103D4000054606E0FFF75EF8401B022801D9032074
:103D5000B8E65C48006800F480700028F2D000BF2C
:103D6000A068012808D154486830006840F001007C
:103D70005149683108601DE0A06805280DD14E4802
:103D80006830006840F004004B496831086008461C
:103D9000006840F0010008600CE0474868300068A7
:103DA00020F001004449683108600846006820F0AE
:103DB0000400086000BFA068A8B1FFF723F805461B
:103DC00009E0FFF71FF8401B41F28831884202D911
:103DD000032077E626E0384868300068C0F34000EA
:103DE0000028EED013E0FFF70DF8054608E0FFF7D6
:103DF00009F8401B41F28831884201D9032061E66D
:103E00002D4868300068C0F340000028EFD1012E33
:103E100007D129483830006820F0805026493831D1
:103E2000086000BFA069B8B32348006800F00C0028
:103E300008285ED0A069022846D100201F490866E4
:103E4000FEF7E0FF054606E0FEF7DCFF401B022818
:103E500001D9032036E6184808380068C0F34060EE
:103E60000028F1D1D4E907010843616A40EA8111D1
:103E70000122A06AC2EB500041EA00412C20005D03
:103E800041EA00600C49091F086001200B490866DF
:103E9000FEF7B8FF054607E02DE0FEF7B3FF401B35
:103EA000022801D903200DE6034808380068C0F352
:103EB00040600028F1D01EE0083802400000474270
:103EC000800E47420070004000200C490866FEF753
:103ED00099FF054606E0FEF795FF401B022801D931
:103EE0000320EFE506480068C0F340600028F2D1E7
:103EF00001E00120E6E50020E4E500000000474283
:103F00000038024010B504460CB9012010BD607F96
:103F100020B900202077204600F060F8022060776A
:103F200000BFCA202168486253202168486200BF50
:103F3000204602F08FF940B100BFFF20216848629F
:103F400000BF042060770120E0E7206880682249F4
:103F500008402168886021696068084361690843F6
:103F6000216889680843216888602168E0680861E1
:103F700020680169208941EA0040216808612068C1
:103F8000C06820F080002168C8602068806800F068
:103F9000200060B9204600F02DF840B100BFFF209E
:103FA0002168486200BF042060770120AEE72068E6
:103FB000006C20F48020216808642068006CA169EE
:103FC00008432168086400BFFF202168486200BFE1
:103FD00001206077002099E7BFFF8FFF034A016847
:103FE000914202D10121024A11607047002800402D
:103FF0003C0E474270B5044600252068C06820F09A
:10400000A0002168C860FEF7FDFE054607E0FEF748
:10401000F9FE401BB0F57A7F01D9032070BD2068FE
:10402000C06800F020000028F1D00020F6E710B5AD
:1040300004460CB9012010BD606A00B900BF002120
:10404000A16294F8510028B9002084F8500020465D
:1040500000F034F8022084F851002068006820F055
:10406000400021680860D4E901010843E168084381
:104070002169084361690843218B01F400710843F9
:10408000E1690843216A0843A16A0843216808607E
:104090000421A06901EA1040616A08432168486070
:1040A0002068C06920F400602168C8610020606554
:1040B000012084F851000020BDE7000010B586B053
:1040C0000446142101A8FCF7DAFA4B49206888421B
:1040D0007ED100BF002000904848006840F4805026
:1040E000464908600846006800F48050009000BF10
:1040F00000BF00BF0020009040481438006840F026
:1041000002003E49143908600846006800F00200C9
:10411000009000BF00BF00BF00200090084600686C
:1041200040F0010008600846006800F001000090BF
:1041300000BF00BF182001900220029001200390D0
:10414000032004900520059001A92D48FEF754FD99
:10415000802001900220029001200390032004900F
:104160000520059001A92748FEF746FD2648274966
:1041700008604FF0C0604860002124488160C16041
:104180004FF480610161002141618161C1614FF49F
:104190004031016200214162FEF788FB08B1FDF762
:1041A000E7FC00BF1948E064846300BF164818307C
:1041B000174908604FF0C060486040211448816092
:1041C0000021C1604FF4806101610021416100E084
:1041D00010E08161C1614FF4003101620021416250
:1041E000FEF764FB08B1FDF7C3FC00BF0848A064FC
:1041F000846300BF06B010BD003001404438024067
:10420000000402400000024040640240180A0020FE
:10421000780A00202DE9FF5F0446884691461D4636
:104220000E9E012002900020019000BF94F85000E3
:10423000012803D1022004B0BDE8F09F012084F8DA
:10424000500000BFFEF7DEFD074694F851B06068ED
:104250000390AA46BBF1010F0BD00398B0F5827F03
:1042600004D1A06810B9BBF1040F02D00220019064
:10427000DBE0B8F1000F03D0B9F1000F00D015B9A1
:1042800001200190D1E094F85100042802D00520CB
:1042900084F8510000206065C4F83890E587A58750
:1042A000C4F83080E586A5862064606420680068D4
:1042B00000F04000402805D02068006840F0400031
:1042C00021680860E068B0F5006F4AD1606810B1FD
:1042D000BAF1010F09D1206B00882168C860206BFA
:1042E000801C2063E08E401EE08633E020688068FA
:1042F00000F00200022810D1E08E70B1029801286F
:104300000BD1206B00882168C860206B801C206363
:10431000E08E401EE086002002902068806800F059
:10432000010068B1E08F58B12068C068A16B0880B7
:10433000A06B801CA063E08F401EE08701200290EC
:10434000FEF760FDC01BB04204D3701C10B1032007
:1043500001906AE0E08E0028C8D1E08F0028C5D126
:104360004AE0606810B1BAF1010F09D1206B007802
:1043700021680873206B401C2063E08E401EE0869D
:1043800034E02068806800F00200022810D1E08E3E
:1043900070B1029801280BD1206B00782168087356
:1043A000206B401C2063E08E401EE08600200290BF
:1043B0002068806800F0010068B1E08F58B1206883
:1043C000C068A16B0870A06B401CA063E08F401E0A
:1043D000E08701200290FEF715FDC01BB04201D31B
:1043E000701C00B916B9032001901EE0E08E002871
:1043F000C7D1E08F0028C4D13A463146204604F0A8
:10440000A7FB20B101200190202060650DE0A0688D
:1044100050B900BF002000902068C068009020685C
:104420008068009000BF00BF00BF012084F85100E9
:1044300000BF002084F8500000BF0198FBE670B573
:1044400004462546681EB0F1807F01D301200FE0AD
:10445000681E4FF0E02148610F214FF0FF3005F05A
:10446000A3F800204FF0E0218861072008610020B8
:1044700070BD10B5024600BF92F83C00012801D182
:10448000022010BD012082F83C0000BF022082F80B
:104490003D00106843681068846823F07003086862
:1044A000034324F0800448680443106843601068A4
:1044B0008460012082F83D0000BF002082F83C00AB
:1044C00000BF00BFDDE710B504460CB9012010BDE8
:1044D00094F83D0028B9002084F83C00204600F004
:1044E0000DF8022084F83D00211D206804F05CFCDA
:1044F000012084F83D000020E9E7000008B5344AB7
:10450000016891420FD100BF002100913149096833
:1045100041F002012F4A11601146096801F00201C1
:10452000009100BF53E02C4A016891420FD100BFB7
:10453000002100912749096841F00401254A1160D2
:104540001146096801F00401009100BF3FE0234AD1
:10455000016891420FD100BF002100911D490968F7
:1045600041F008011B4A11601146096801F0080179
:10457000009100BF2BE01A4A0168914211D100BF9F
:10458000002100911349091D096841F00201114AF7
:10459000121D11601146096801F00201009100BF6F
:1045A00015E0104A0168914211D100BF002100912D
:1045B0000849091D096841F40031064A121D1160BD
:1045C0001146096801F40031009100BF00BF08BD29
:1045D000000400404038024000080040000C004049
:1045E00000040140004401400146022081F83D00E2
:1045F0000868806800F00702062A05D0086800688D
:1046000040F001000B681860012081F83D00002097
:1046100070472DE9F04104460D4600BF94F83C0078
:10462000012802D10220BDE8F081012084F83C007D
:1046300000BF022084F83D002068866826F07706D7
:1046400026F47F46206886602868502833D00CDC2A
:10465000202850D004DC00284BD0102851D149E04C
:10466000302849D040284CD139E060282DD070281E
:1046700007D0B0F5805F03D0B0F5005F41D10DE009
:1046800040E0D5E902136A68206804F00AFC20685B
:10469000866846F077062068866033E0D5E9021325
:1046A0006A68206804F0FDFB2068806840F4804060
:1046B0002168886026E0EA686968206804F0E2FC06
:1046C0005021206804F0F8FB1CE0EA686968206863
:1046D00004F0EBFC6021206804F0EEFB12E0EA68D5
:1046E0006968206804F0CEFC4021206804F0E4FBF7
:1046F00008E000BF00BF00BF2968206804F0DCFBB1
:1047000000E000BF00BF012084F83D0000BF002092
:1047100084F83C0000BF00BF85E7000010B586B0FC
:104720000446142101A8FBF7AAFF584920688842D3
:1047300024D100BF002000905548006840F00400DC
:10474000534908600846006800F00400009000BF6C
:1047500000BF8815019002200290012003900220E2
:104760000490059001A94B48FEF746FA4A48FFF726
:104770003BFF0821484800F043F984E0474920689E
:10478000884225D100BF002000904148006840F0D9
:1047900008003F4908600846006800F008000090E3
:1047A00000BF00BF4FF48040019002200290012022
:1047B000039002200490059001A93948FEF71CFAE5
:1047C0003848FFF711FF0821364800F019F95AE080
:1047D0003549206888422DD100BF002000902C4828
:1047E000006840F080002A4908600846006800F030
:1047F0008000009000BF00BF4FF4E0500190022005
:1048000002900120039002200490059001A92748FE
:10481000FEF7F2F92648FFF7E7FE0021244800F0F2
:10482000EFF80421224800F0EBF80821204800F0BE
:10483000E7F828E01F492068884224D100BF002003
:1048400000901348006840F02000114908600846B5
:10485000006800F02000009000BF00BF40200190E1
:104860000220029001200390022004900320059072
:1048700001A91148FEF7C0F91048FFF7B5FE002165
:104880000E4800F0BDF806B010BD00000004004066
:104890003038024000080240D80A002000080040DA
:1048A000000C0240180B0020000C0040001C0240CD
:1048B000580B00200044014000140240D80B002097
:1048C00070B504460D46164600BF94F83C0001281A
:1048D00001D1022070BD012084F83C0000BF0220FD
:1048E00084F83D0036B1042E1BD0082E31D00C2E9A
:1048F0005ED145E02946206804F0E8FA2068806926
:1049000040F00800216888612068806920F0040078
:104910002168886120688069296908432168886165
:1049200047E02946206804F009FB2068806940F4CC
:104930000060216888612068806920F480602168B7
:10494000886120688069296940EA012021688861BE
:104950002FE02946206804F02FFB2068C06940F052
:1049600008002168C8612068C06920F0040021683F
:10497000C8612068C069296908432168C86118E0D6
:104980002946206804F054FB2068C06940F40060A8
:104990002168C8612068C06920F480602168C8610E
:1049A0002068C069296940EA01202168C86100E0E7
:1049B00000BF00BF012084F83D0000BF002084F844
:1049C0003C0000BF00BF85E710B504460CB90120CC
:1049D00010BD94F83D0028B9002084F83C00204622
:1049E00000F00CF8022084F83D00211D206804F03E
:1049F000DBF9012084F83D000020E9E77047000062
:104A000070B504460E4601223146206804F038FA9B
:104A10000F492068884203D00E492068884201D19E
:104A2000012000E0002028B12068406C40F40040E4
:104A3000216848642068806800F00705062D05D0CD
:104A40002068006840F0010021680860002070BD07
:104A5000000001400004014010B504460CB90120DB
:104A600010BDA06900B100E000BF94F8390028B97A
:104A7000002084F83800204600F028F8242084F82C
:104A800039002068C06820F400502168C8602046C2
:104A900004F020FB2068006920F490402168086140
:104AA0002068406920F02A00216848612068C068B9
:104AB00040F400502168C8600020E063202084F8A2
:104AC000390084F83A000020CAE7000010B586B02B
:104AD0000446142101A8FBF7D2FD2F492068884223
:104AE00058D100BF002000902C48006840F480207E
:104AF0002A4908600846006800F48020009000BF42
:104B000000BF00BF0020009024481038006840F02B
:104B100004002249103908600846006800F00400CB
:104B2000009000BF00BF4FF440600190022002904F
:104B300001200390032004900720059001A9184844
:104B4000FEF75AF81748184908604FF000604860AF
:104B5000002115488160C1604FF48061016100212E
:104B600041618161C1614FF4003101620021416204
:104B7000FDF79CFE08B1FCF7FBFF00BF0A4860632D
:104B8000846300BF002204212720FEF737FD272081
:104B9000FEF724FD06B010BD00480040403802403A
:104BA0000008024028600240580C002000BFFEE7C9
:104BB000014608684069C0F38020B0B16FF480609E
:104BC0000A68506100200863202081F83D00002021
:104BD00081F83E00086C40F00400086400BF00202B
:104BE00081F83C0000BF012070470020FCE7000076
:104BF0002DE9F84304460F4615469946DDE9088637
:104C00002068006840F480602168086020680068BF
:104C100040F4807021680860434600224FF0011183
:104C20002046009600F014F910B10120BDE8F88389
:104C300007F0FE00216808613346424639492046A4
:104C400000F049F908B10120F0E700BF0020009012
:104C500020684069009020688069009000BF00BF14
:104C600032464146204600F0D8F950B1206C042865
:104C700005D12068006840F40070216808600120B8
:104C8000D4E7B9F1010F03D1E8B22168086117E058
:104C9000C5F307202168086132464146204600F0EE
:104CA000BCF950B1206C042805D12068006840F49C
:104CB0000070216808600120B8E7E8B22168086147
:104CC00032464146204600F0A8F950B1206C042835
:104CD00005D12068006840F4007021680860012058
:104CE000A4E72068006840F48070216808604346AB
:104CF00000224FF001112046009600F0A9F808B1FB
:104D0000012093E7F8B240F00100216808613346C2
:104D100042460449204600F0DEF808B1012085E74C
:104D2000002083E7020001002DE9F843044688468D
:104D300015469946DDE908672068006840F48070F0
:104D400021680860334600224FF001112046009789
:104D500000F07EF810B10120BDE8F88308F0FE00F5
:104D6000216808613B4632462149204600F0B3F8ED
:104D700008B10120F0E700BF0020009020684069E2
:104D8000009020688069009000BF00BF3A4631461D
:104D9000204600F042F950B1206C042805D120686B
:104DA000006840F40070216808600120D4E7B9F180
:104DB000010F03D1E8B22168086117E0C5F30720AD
:104DC000216808613A463146204600F026F950B184
:104DD000206C042805D12068006840F40070216828
:104DE00008600120B8E7E8B2216808610020B3E755
:104DF0000200010070B504460D46164620E020462C
:104E0000FFF7D6FE08B1012070BD681CC0B1FDF7E8
:104E1000F9FF801BA84200D895B90020206320200C
:104E200084F83D00002084F83E00206C40F0200013
:104E3000206400BF002084F83C0000BF0120E3E7AD
:104E400020684069C0F380000028D8D00020DBE74C
:104E50002DE9F04104460D4617461E46DDF8188040
:104E60001CE0701CD0B1FDF7CDFFA0EB0800B042F4
:104E700000D89EB900202063202084F83D00002047
:104E800084F83E00206C40F02000206400BF002029
:104E900084F83C0000BF0120BDE8F081C5F3074065
:104EA00001280AD120684069A9B20840A9B2884205
:104EB00001D101200BE0002009E020688069A9B23F
:104EC0000840A9B2884201D1012000E00020B84288
:104ED000C7D00020E0E72DE9F04104460D46164614
:104EE0001F463DE020684069C0F38020E8B120689B
:104EF000006840F40070216808606FF480602168E9
:104F0000486100202063202084F83D00002084F8C0
:104F10003E00206C40F00400206400BF002084F8B4
:104F20003C0000BF0120BDE8F081701CC0B1FDF75E
:104F300069FFC01BB04200D896B900202063202032
:104F400084F83D00002084F83E00206C40F02000F2
:104F5000206400BF002084F83C0000BF0120E2E78D
:104F6000C5F3074001280AD120684069A9B208406A
:104F7000A9B2884201D101200BE0002009E020689D
:104F80008069A9B20840A9B2884201D1012000E09D
:104F900000200028A6D00020C5E770B504460D46C5
:104FA000164632E020684069C0F30010A0B16FF0EF
:104FB00010002168486100202063202084F83D0013
:104FC000002084F83E00206C206400BF002084F89C
:104FD0003C0000BF012070BDFDF714FF801BA842FC
:104FE00000D895B900202063202084F83D000020DF
:104FF00084F83E00206C40F02000206400BF0020B8
:1050000084F83C0000BF0120E5E720684069C0F358
:1050100080100028C6D00020DDE770B504460D469C
:10502000164620E02046FFF7C3FD08B1012070BD01
:10503000681CC0B1FDF7E6FE801BA84200D895B9F8
:1050400000202063202084F83D00002084F83E00EA
:10505000206C40F02000206400BF002084F83C0059
:1050600000BF0120E3E720684069C0F3C0100028BA
:10507000D8D00020DBE7000070B504460D46164688
:10508000308888B9184890ED000A184880ED000A69
:10509000154890ED010A154880ED010A124890ED7F
:1050A000020A124880ED020A324611490F4806F002
:1050B000C7FF0E4890ED000A85ED000A90ED010A49
:1050C00085ED010A90ED020A85ED020AB7EE000AAD
:1050D00084ED000AB7EE000A84ED010AB7EE000A7B
:1050E00084ED020A70BD00002475002018750020B0
:1050F000DC75002091ED000A0E4A82ED000A91ED68
:10510000010A82ED010A91ED020A82ED020A92ED96
:10511000000A094A82ED000A064A92ED010A064A8F
:1051200082ED010A034A92ED020A034A82ED020A65
:1051300070470000247500201875002008B507206E
:1051400007F01FFB02E0642007F01BFBFBF7C4FE27
:105150000028F8D102E0642007F013FB07F08CF977
:105160000028F8D19B4AA2F10C01101DFBF7CEFEDE
:105170009948984B103B994A99490090994806F0F4
:1051800089FFDFED990A9FED990A994A0021994814
:1051900000F0FAFD914A92499748FBF7DFFB9048EF
:1051A00090ED000A954880ED000A954880ED000AD0
:1051B000944880ED000A8A4890ED010A8F4880EDFE
:1051C000010A8F4880ED010A8E4880ED010A84486B
:1051D00090ED020A894880ED020A894880ED020AB2
:1051E000884880ED020A002007F014FB044609F00D
:1051F00075FA8549086010218448C161FEF717FFE0
:1052000008B1FCF7B5FC08228149824803F0E0FBB5
:10521000012081490870DBE000BF4FF0FF31012021
:1052200008F042FA0128F8D17C48007800F0040028
:1052300058B17A48007820F0040078490870654930
:10524000091D7348401CFBF713FE7548007800F0F9
:10525000040060B17248007820F0040070490870C2
:105260005C4A1032A2F11C016E48FBF7ABFD6E48A0
:10527000007800F0040088B16B48007820F004004A
:105280006949087053496948FBF72EFF51481038A7
:10529000D0ED040AB0EE600A07F04CF84E484D4BD2
:1052A000103B4E4A4E4900904E4806F0F3FE5448DB
:1052B00090ED000A534880ED000A504890ED000A36
:1052C0004F4880ED000A90ED000A5948D0ED000AE1
:1052D00020EE200A4B48D0ED000A554890ED011A07
:1052E00000EE810A3E48D0ED000A514890ED021AC6
:1052F00000EE810A414880ED000A414890ED010A24
:10530000404880ED010A3D4890ED010A3C4880ED9F
:10531000010A90ED010A4648D0ED000A20EE200A6D
:105320003848D0ED010A424890ED011A00EE810A9A
:105330002B48D0ED010A3E4890ED021A00EE810A9A
:105340002E4880ED010A2E4890ED020A2D4880ED8E
:10535000020A2A4890ED020A294880ED020A90EDDF
:10536000020A3348D0ED000A20EE200A2548D0ED8D
:10537000020A2F4890ED011A00EE810A1848D0ED7C
:10538000020A2B4890ED021A00EE810A1B4880EDBC
:10539000020A124B024613499FED260A1648FBF7F4
:1053A00049FC254B1A1F111F134806F047FD2348DF
:1053B000007800F001002149087048B108460078E3
:1053C00020F0010008700846007840F002000870E4
:1053D00022E700000475002048750020F4750020C5
:1053E000E8750020DC7500200080894500A08C4510
:1053F00050F900087075002000760020D07500205C
:10540000C4750020B87500204C010020C0090020A0
:10541000500100205801002075010020710100207A
:1054200072010020EA740020730100206B0100204B
:105430005CF900086F12833A18760020740100208E
:1054400010B50E480E4908600320486000210C4842
:105450008160C1604FF4102101614FF4001141617E
:105460000021017641768176C17601774177FDF79B
:1054700009F808B1FCF77CFB10BD00000064004097
:105480005402002010B50E480E4908600320486001
:1054900000210C488160C1604FF4102101614FF47C
:1054A000001141610021017641768176C176017754
:1054B0004177FCF7E7FF08B1FCF75AFB10BD00008D
:1054C000006800407C02002008B500BF002000906A
:1054D0001A48006840F480001849086008460068CF
:1054E00000F48000009000BF00BF00BF00200090CB
:1054F0000846006840F4001008600846006800F4A0
:105500000010009000BF00BF002205210C20FEF714
:1055100075F80C20FEF762F8002205213A20FEF70C
:105520006DF83A20FEF75AF8002205213B20FEF7DD
:1055300065F83B20FEF752F808BD00003038024005
:1055400000B5ABB01C22244924A8FBF75EF800216B
:1055500024A807F02FF9214908601C221E491C319C
:105560001DA8FBF752F800211DA807F023F91C49DC
:1055700008601C221849383116A8FBF746F80021AC
:1055800016A807F017F9174908601C221249543170
:105590000FA8FBF73AF800210FA807F00BF9124902
:1055A00008601C220C49703108A8FBF72EF8002176
:1055B00008A807F0FFF80D4908601C2206498C3145
:1055C00001A8FBF722F8002101A807F0F3F8084929
:1055D00008602BB000BD000004F80008180000208F
:1055E00004000020080000200C0000201000002013
:1055F0001400002000B587B0142102A8FBF73FF883
:1056000000BF002001906548006840F00200634937
:1056100008600846006800F00200019000BF00BF6B
:1056200000BF002001900846006840F001000860BB
:105630000846006800F00100019000BF00BF00BFF5
:10564000002001900846006840F008000860084605
:10565000006800F00800019000BF00BF00BF0020FC
:1056600001900846006840F00400086008460068A1
:1056700000F00400019000BF00BF00BF00200190B7
:105680000846006840F0800008600846006800F0A6
:105690008000019000BF00BF00BF002001900846BD
:1056A000006840F0400008600846006800F04000D4
:1056B000019000BF00BF00BF0020019008460068B5
:1056C00040F0200008600846006800F020000190CB
:1056D00000BF00BF012240213148FDF78DFB0122B0
:1056E00010213048FDF788FB012211462E48FDF7B6
:1056F00083FB40200290012003900490059002A9B2
:105700002748FDF779FA09200290284803900120E4
:10571000049002A92248FDF76FFA102002900120A0
:10572000039004900220059002A91E48FDF764FA38
:10573000302002901D4803900120049002A91C48CB
:10574000FDF75AFA01200290039004900220059080
:1057500002A91548FDF750FA002206210846FDF778
:105760004DFF0620FDF73AFF002205210920FDF735
:1057700045FF0920FDF732FF002205210A20FDF731
:105780003DFF0A20FDF72AFF002205211720FDF723
:1057900035FF1720FDF722FF07B000BD303802406B
:1057A00000180240000002400004024000002110E6
:1057B0000008024010B50B480B4908600B484860D0
:1057C000002109488160C1604FF4804101610021DE
:1057D00041618161C1610162FDF71AFB08B1FCF70B
:1057E000C7F910BD005C00404C090020801A06007B
:1057F00010B50A480A490860002048607C21084822
:10580000816040F67F41C160002101614161816199
:10581000FEF778FB08B1FCF7ABF910BD002800409B
:10582000A009002010B50F480F4908604FF482709E
:10583000486000210C488160C160022101610121A2
:105840004161490281613821C161002101624162E7
:1058500081620A21C162FEF7EAFB08B1FCF788F910
:1058600010BD000000300140C009002000B587B025
:105870001C216846FAF703FF154816490860002006
:10588000486000211348816041F28731C1600021E6
:1058900001618161FEF717FE08B1FCF769F90D4857
:1058A000FFF792F808B1FCF763F960200090002040
:1058B000019002900490002269460648FFF700F824
:1058C00008B1FCF755F90348FEF728FF07B000BD03
:1058D00000440140D80B002000B58DB00020099095
:1058E0000A900B900C90079008901C216846FAF7DC
:1058F000C6FE2048204908600020486000211E485C
:10590000816042F2CF01C160002101618161FEF737
:10591000DAFD08B1FCF72CF94FF48050099009A981
:105920001548FEF776FE08B1FCF722F91248FFF79A
:105930004BF808B1FCF71CF900200790089007A964
:105940000D48FEF796FD08B1FCF712F960200090B3
:105950000020019002900490082269460648FEF754
:10596000AFFF08B1FCF704F90348FEF7D7FE0DB00E
:1059700000BD000000040040D80A002000B58DB032
:10598000002009900A900B900C90079008901C2121
:105990006846FAF774FE204820490860A72048604E
:1059A00000211E4881604FF6FF71C1600021016136
:1059B0008161FEF788FD08B1FCF7DAF84FF48050FA
:1059C000099009A91548FEF724FE08B1FCF7D0F8A4
:1059D0001248FEF7F9FF08B1FCF7CAF8002007905B
:1059E000089007A90D48FEF744FD08B1FCF7C0F880
:1059F00060200090002001900290049008226946E7
:105A00000648FEF75DFF08B1FCF7B2F80348FEF761
:105A100085FE0DB000BD000000080040180B0020FE
:105A200000B58DB0002009900A900B900C90079063
:105A300008901C216846FAF722FE28482849086089
:105A4000002048600021264881604FF6FF71C16048
:105A5000002101618161FEF736FD08B1FCF788F88D
:105A60004FF48050099009A91D48FEF7D2FD08B1F6
:105A7000FCF77EF81A48FEF7A7FF08B1FCF778F8A4
:105A800000200790089007A91548FEF7F2FC08B11E
:105A9000FCF76EF8602000900020019002900490C6
:105AA000002269460E48FEF70BFF08B1FCF760F8CC
:105AB000042269460A48FEF703FF08B1FCF758F8CC
:105AC000082269460648FEF7FBFE08B1FCF750F8CD
:105AD0000348FEF723FE0DB000BD0000000C00409F
:105AE000580B002000B587B000200390049005906B
:105AF000069001900290154815490860A72048605B
:105B000000211348816044F61F61C16000210161DA
:105B100041618161FEF7D7FC08B1FCF729F84FF429
:105B20008050039003A90A48FEF773FD08B1FCF703
:105B30001FF800200190029001A90548FEF799FC8A
:105B400008B1FCF715F807B000BD000000040140E3
:105B5000980B002010B50B480B4908600B484860B3
:105B6000002109488160C1604FF4806101610C210E
:105B7000416100218161C161FEF76EFF08B1FBF751
:105B8000F7FF10BD00480040180C0020A08601005F
:105B900000BFFEE770470000B0EE401A10B99FED5D
:105BA000790A704790ED100A80ED110A90ED0F0A06
:105BB00080ED100AC0ED060A80ED071A30EEC10A2A
:105BC00080ED0F0A0178002975D190ED010AD0ED22
:105BD0000F1A20EE210A80ED090A90ED0A0AD0ED95
:105BE000021A90ED0F2A01EE820A80ED0A0A90ED6A
:105BF0000D0A80ED0E0A90ED0C0A80ED0D0A90ED75
:105C00000F0AD0ED101A30EE610A80ED0C0A90ED0B
:105C1000030AD0ED0C1A20EE210A80ED0B0A90ED5C
:105C20000A0AD0ED051AB4EEE10AF1EE10FA04DD2D
:105C300090ED050A80ED0A0A10E090ED0A0AD0ED19
:105C4000051AF1EE611AB4EEE10AF1EE10FA05D28E
:105C500090ED050AB1EE400A80ED0A0A90ED090ABE
:105C6000D0ED0A1A30EE210AD0ED0B1A30EE210ADF
:105C700080ED080A90ED080AD0ED041AB4EEE10AAE
:105C8000F1EE10FA04DD90ED040A80ED080A76E0EA
:105C900090ED080AD0ED041AF1EE611AB4EEE10AB3
:105CA000F1EE10FA6BD290ED040AB1EE400A80EDED
:105CB000080A64E0FFE70178012960D190ED0F0A3E
:105CC000D0ED101A30EE610AD0ED011A20EE210A53
:105CD00080ED090A90ED020AD0ED0F1A20EE210A9C
:105CE00080ED0A0A90ED0D0A80ED0E0A90ED0C0A87
:105CF00080ED0D0A90ED0F0AD0ED101AB0EE002ADB
:105D000002EE610AD0ED111A30EE210A80ED0C0A84
:105D100090ED030AD0ED0C1A20EE210A80ED0B0A5B
:105D200090ED090AD0ED0A1A30EE210AD0ED0B1AD7
:105D300030EE210AD0ED081A30EE210A80ED080A73
:105D400090ED080AD0ED041AB4EEE10AF1EE10FA73
:105D500004DD90ED040A80ED080A10E090ED080AD9
:105D6000D0ED041AF1EE611AB4EEE10AF1EE10FA88
:105D700005D290ED040AB1EE400A80ED080A90EDDC
:105D8000080A0EE70000000000B102B97047017078
:105D900092ED001A80ED011A92ED011A80ED021ABF
:105DA00092ED021A80ED031A80ED040AC0ED050A97
:105DB0009FED0C1A80ED0E1A80ED0D1A80ED0C1A75
:105DC0009FED081A80ED081A80ED0B1A80ED0A1A73
:105DD00080ED091A80ED111A80ED101A80ED0F1A6E
:105DE00000BFD3E70000000010B5234B1B685B69C0
:105DF00043F04003204C246863611F4B1B68DB6841
:105E000043F010031C4C2468E3601C4B1B681B68A8
:105E100023F00103194C2468236007E0174B1B682B
:105E20001B6823F00103154C24682360134B1B6887
:105E30001B6803F00103002BF0D1114B0F4C2468B9
:105E4000A3600E4B1B68D8600C4B1B6819610B4B91
:105E50001B685A60094B1B681B6843F48023074C7E
:105E600024682360054B1B681B6843F00103034C47
:105E70002468236010BD0000180C0020580C00207E
:105E80000448004010B50020CF49087017E0CE4804
:105E9000007800EB800101EBC000CC490844007998
:105EA000C00938B10020CA490880CA490880CA49D7
:105EB000087010BDC4480078401CC3490870C2482F
:105EC00000780528E3DBC448007878B9C148008829
:105ED000B0F5FA6F0ADD08F063FCC04908600120E4
:105EE000BD4908700020BB4908804FE0BA480078DF
:105EF000022813D1B7480088B0F5FA6F0EDD0020F4
:105F0000B5490870B3490880B048407C20F0800053
:105F10008030AE49487404F0E9FA37E0AE480078C2
:105F200003281DD1AB480088B0F5FA6F18DD0020BA
:105F3000A9490870A7490880A448807F20F0800004
:105F40008030A24988772820A549C870084690F972
:105F500003002D2801DD2D20C87004F0C7FA15E0DC
:105F60009D480078042811D19A480088B0F5FA6F4E
:105F70000CDD00209849087096490880FBF712F95B
:105F8000FBF710F9FBF70EF904F0B0FA954800683A
:105F9000B0F9000010F5167F27DA92480068B0F9D2
:105FA000020010F5167F20DA8E480068B0F9040070
:105FB000B0F5167F19DD8B480068B0F9060010F5C2
:105FC000167F12DA87480068807A02280DD185484A
:105FD0000068C07A022808D17F48007828B97D4837
:105FE0000088401C7B49088098E07E480068B0F932
:105FF0000000B0F5167F2ADD7A480068B0F902008B
:10600000B0F5167F23DD77480068B0F9040010F57D
:10601000167F1CDA73480068B0F90600B0F5167FE9
:1060200015DD70480068807A022810D16D4800683C
:10603000C07A02280BD16848007840B165480088D2
:10604000401C6449088002206349087066E0654886
:106050000068B0F90000B0F5167F2ADD61480068DD
:10606000B0F9020010F5167F23DA5E480068B0F937
:10607000040010F5167F1CDA5A480068B0F90600D3
:1060800010F5167F15DA57480068807A022810D17B
:1060900054480068C07A02280BD14F48007840B1BC
:1060A0004C480088401C4B49088003204A4908702E
:1060B00034E04C480068B0F9000010F5167F2ADA89
:1060C00048480068B0F90200B0F5167F23DD454866
:1060D0000068B0F90400B0F5167F1CDD4148006887
:1060E000B0F90600B0F5167F15DD3E480068807AED
:1060F000022810D13B480068C07A02280BD13648EC
:10610000007840B133480088401C324908800420A0
:106110003149087002E000202E49088008F040FB59
:1061200031490860084600682C490968401A44F65D
:106130002061884203D9002027490870B9E62A481F
:10614000006826490968401A42F2107188420BD94A
:106150002248006840B12048007828B144F61F6109
:106160001F2004F0CBF910E01F4800681B490968A4
:10617000401A0AD01948006838B11748007820B191
:1061800042F210715F2004F0B9F91348007820B191
:106190000F480088401C0E4908800D480088B0F563
:1061A000C87F05DD0C48007810B100200849088040
:1061B00007480088C82804DD0748007808B104F0C3
:1061C00095F900BF75E6000005010020EC6F002086
:1061D0000C0100200E010020100100200801002009
:1061E000C8000020C40000200001002011490968F7
:1061F000C96821F400510F4A1268D1600E4909683C
:10620000096821F001010C4A126811600A49096805
:10621000486009490968096841F00101064A1268A5
:10622000116004490968C96841F40051014A1268C3
:10623000D1607047180C0020580C002004480068FA
:10624000C06820F4005002490968C8607047000027
:10625000180C002070B5044600252068C06800F0C6
:106260004000A0B9681E2168C860FCF7CBFD054658
:1062700007E0FCF7C7FD401BB0F57A7F01D903208A
:1062800070BD2068C06800F040000028F1D00020F8
:10629000F6E7000010B5FB4B1B681B6823F00103F9
:1062A000F84C24682360F84B1B681B6823F001033B
:1062B000F54C2468236007E0F24B1B681B6823F051
:1062C0000103F04C24682360EE4B1B681B6803F04D
:1062D0000103002BF0D107E0EB4B1B681B6823F098
:1062E0000103E94C24682360E74B1B681B6803F03B
:1062F0000103002BF0D1E54BDB6C1B68E44CA3429F
:1063000075D9E24BDB6C1B68E24CA34201D1202320
:1063100068E0DE4BDB6C1B68DD4C483CA34201D1DE
:1063200020235FE0D94BDB6C1B68DA4C6034A3425E
:1063300001D1202356E0D54BDB6C1B68D44C1834BC
:10634000A34201D120234DE0D04BDB6C1B68D14C24
:106350001834A34201D1DB1444E0CC4BDB6C1B6846
:10636000CB4C303CA34201D1DB143BE0C74BDB6C90
:106370001B68C84C7834A34201D1DB1432E0C34B14
:10638000DB6C1B68C24C3034A34201D1DB1429E022
:10639000BE4BDB6C1B68BF4C3034A34202D14FF4C0
:1063A00000131FE0B94BDB6C1B68B94C183CA342CF
:1063B00002D14FF4001315E0B44BDB6C1B68B54CF5
:1063C0009034A34202D14FF400130BE0AF4BDB6CCF
:1063D0001B68AF4C4834A34202D14FF4001301E0D4
:1063E0004FF00063AA4C4C3C236076E1FFE7A74BDB
:1063F000DB6C1B68A74CA834A34275D9A34BDB6C9C
:106400001B68A44CA34201D1202369E09F4BDB6CA5
:106410001B689F4C483CA34201D1202360E09B4B6A
:10642000DB6C1B689B4C6034A34201D1202357E0F6
:10643000964BDB6C1B68964C1834A34201D1202389
:106440004EE0924BDB6C1B68924C1834A34201D196
:10645000DB1445E08D4BDB6C1B688D4C303CA3425C
:1064600001D1DB143CE0894BDB6C1B68894C783430
:10647000A34201D1DB1433E0844BDB6C1B68844CFA
:106480003034A34201D1DB142AE0804BDB6C1B6863
:10649000804C3034A34202D14FF4001320E07B4BF8
:1064A000DB6C1B687A4C183CA34202D14FF40013FA
:1064B00016E0764BDB6C1B68764C9034A34202D11D
:1064C0004FF400130CE0714BDB6C1B68704C4834CC
:1064D000A34203D14FF4001302E005E04FF0006344
:1064E0006B4C503C2360F8E0684BDB6C1B68694CDC
:1064F0004834A34275D9654BDB6C1B68654CA342DD
:1065000001D1202368E0614BDB6C1B68604C483C88
:10651000A34201D120235FE05C4BDB6C1B685D4C28
:106520006034A34201D1202356E0584BDB6C1B683A
:10653000574C1834A34201D120234DE0534BDB6C60
:106540001B68544C1834A34201D1DB1444E04F4B78
:10655000DB6C1B684E4C303CA34201D1DB143BE0AA
:106560004A4BDB6C1B684B4C7834A34201D1DB14E3
:1065700032E0464BDB6C1B68454C3034A34201D102
:10658000DB1429E0414BDB6C1B68424C3034A342E6
:1065900002D14FF400131FE03C4BDB6C1B683C4CFA
:1065A000183CA34202D14FF4001315E0374BDB6CCB
:1065B0001B68384C9034A34202D14FF400130BE017
:1065C000324BDB6C1B68324C4834A34202D14FF48F
:1065D000001301E04FF000632E4C103CE3607CE0C0
:1065E000FFE72A4BDB6C1B682A4CA34201D1202316
:1065F00070E0264BDB6C1B68254C483CA34201D164
:10660000202367E0214BDB6C1B68224C6034A342E3
:1066100001D120235EE01D4BDB6C1B681C4C183441
:10662000A34201D1202355E0184BDB6C1B68194CA9
:106630001834A34201D1DB144CE0144BDB6C1B6813
:10664000134C303CA34201D1DB1443E00F4BDB6C15
:106650001B68104C7834A34201D1DB143AE00B4B99
:10666000DB6C1B680A4C3034A34201D1DB1431E0EF
:10667000064BDB6C1B68074C3034A3420CD14FF443
:10668000001327E0180A0020780A0020C009002023
:106690005864024010600240F74BDB6C1B68F74CFB
:1066A000A34202D14FF4001314E0F34BDB6C1B68E0
:1066B000F34CA34202D14FF400130BE0EE4BDB6C22
:1066C0001B68EE4C6034A34202D14FF4001301E08A
:1066D0004FF00063EA4CA03CA360E74BDB6C1B6807
:1066E000E64C1834A34274D9E34BDB6C1B68E44CD2
:1066F000903CA34201D1102366E0DF4BDB6C1B68AA
:10670000DE4C303CA34201D110235DE0DA4BDB6C60
:106710001B68DB4C303CA34201D1102354E0D64B24
:10672000DB6C1B68D54C3034A34201D110234BE005
:10673000D14BDB6C1B68D24C783CA34201D11B15BA
:1067400042E0CD4BDB6C1B68CC4C183CA34201D122
:106750001B1539E0C84BDB6C1B68C94C183CA342C5
:1067600001D11B1530E0C44BDB6C1B68C34C4834B3
:10677000A34201D11B1527E0BF4BDB6C1B68C04C4B
:10678000603CA34202D14FF480131DE0BA4BDB6C96
:106790001B68BA4CA34202D14FF4801314E0B64BED
:1067A000DB6C1B68B64CA34202D14FF480130BE0A4
:1067B000B14BDB6C1B68B14C6034A34202D14FF487
:1067C000801301E04FF08063AC4C343C236070E1F7
:1067D000FFE7A94BDB6C1B68A94C1834A34274D9A2
:1067E000A54BDB6C1B68A64C903CA34201D1102347
:1067F00066E0A14BDB6C1B68A04C303CA34201D18E
:1068000010235DE09C4BDB6C1B689D4C303CA3422D
:1068100001D1102354E0984BDB6C1B68974C30344B
:10682000A34201D110234BE0934BDB6C1B68944CCB
:10683000783CA34201D11B1542E08F4BDB6C1B68F7
:106840008E4C183CA34201D11B1539E08A4BDB6CFE
:106850001B688B4C183CA34201D11B1530E0864BC2
:10686000DB6C1B68854C4834A34201D11B1527E023
:10687000814BDB6C1B68824C603CA34202D14FF41D
:1068800080131DE07C4BDB6C1B687C4CA34202D167
:106890004FF4801314E0784BDB6C1B68784CA342F8
:1068A00002D14FF480130BE0734BDB6C1B68734C0D
:1068B0006034A34202D14FF4801301E04FF08063B3
:1068C0006E4C383C2360F4E0FFE76B4BDB6C1B68DD
:1068D0006B4C483CA34274D9674BDB6C1B68684C1B
:1068E000903CA34201D1102366E0634BDB6C1B6834
:1068F000624C303CA34201D110235DE05E4BDB6C67
:106900001B685F4C303CA34201D1102354E05A4B2A
:10691000DB6C1B68594C3034A34201D110234BE08F
:10692000554BDB6C1B68564C783CA34201D11B15C0
:1069300042E0514BDB6C1B68504C183CA34201D128
:106940001B1539E04C4BDB6C1B684D4C183CA342CB
:1069500001D11B1530E0484BDB6C1B68474C4834B9
:10696000A34201D11B1527E0434BDB6C1B68444C51
:10697000603CA34202D14FF480131DE03E4BDB6C20
:106980001B683E4CA34202D14FF4801314E03A4BF3
:10699000DB6C1B683A4CA34202D14FF480130BE02E
:1069A000354BDB6C1B68354C6034A34202D14FF48D
:1069B000801301E04FF08063314CA03CE36078E04D
:1069C000FFE72D4BDB6C1B682D4C903CA34201D1A3
:1069D00010236BE0284BDB6C1B68284C303CA34237
:1069E00001D1102362E0244BDB6C1B68244C303C4B
:1069F000A34201D1102359E01F4BDB6C1B681F4CD5
:106A00003034A34201D1102350E01B4BDB6C1B68D8
:106A10001B4C783CA34201D11B1547E0164BDB6CA5
:106A20001B68164C183CA34201D11B153EE0124BCB
:106A3000DB6C1B68124C183CA34201D11B1535E0DE
:106A40000D4BDB6C1B680D4C4834A34201D11B1568
:106A50002CE0094BDB6C1B68094C603CA34202D163
:106A60004FF4801322E0044BDB6C1B68034CA34201
:106A700008D14FF4801319E0C0090020406402409F
:106A8000A0600240F74BDB6C1B68F74CA34202D1BD
:106A90004FF480130AE0F34BDB6C1B68F34CA3420A
:106AA00002D14FF4801301E04FF08063EE4CA03C24
:106AB000A360EC4BDB6C1B68EC4C483CA34274D9E4
:106AC000E84BDB6C1B68E84C903CA34201D10823E7
:106AD00066E0E44BDB6C1B68E44C903CA34201D1C4
:106AE00008235DE0DF4BDB6C1B68DF4C303CA342CE
:106AF00001D1082354E0DB4BDB6C1B68DB4C303CE2
:106B0000A34201D108234BE0D64BDB6C1B68D64C6B
:106B1000783CA34201D15B1542E0D24BDB6C1B6891
:106B2000D24C783CA34201D15B1539E0CD4BDB6CF4
:106B30001B68CD4C183CA34201D15B1530E0C94B1A
:106B4000DB6C1B68C94C183CA34201D15B1527E0E4
:106B5000C44BDB6C1B68C44C603CA34202D14FF4B5
:106B600000231DE0BF4BDB6C1B68C04C603CA342A4
:106B700002D14FF4002313E0BA4BDB6C1B68BA4C14
:106B8000A34202D14FF400230AE0B64BDB6C1B6832
:106B9000B64CA34202D14FF4002301E04FF0007342
:106BA000B24C943C236070E1FFE7AE4BDB6C1B689A
:106BB000AD4C1834A34274D9AA4BDB6C1B68AA4CA9
:106BC000903CA34201D1082366E0A64BDB6C1B6816
:106BD000A64C903CA34201D108235DE0A14BDB6CA5
:106BE0001B68A14C303CA34201D1082354E09D4BCB
:106BF000DB6C1B689D4C303CA34201D108234BE069
:106C0000984BDB6C1B68984C783CA34201D15B1518
:106C100042E0944BDB6C1B68944C783CA34201D15E
:106C20005B1539E08F4BDB6C1B688F4C183CA34223
:106C300001D15B1530E08B4BDB6C1B688B4C183C37
:106C4000A34201D15B1527E0864BDB6C1B68864CA9
:106C5000603CA34202D14FF400231DE0814BDB6C6A
:106C60001B68824C603CA34202D14FF4002313E026
:106C70007C4BDB6C1B687C4CA34202D14FF400239D
:106C80000AE0784BDB6C1B68784CA34202D14FF4CE
:106C9000002301E04FF00073744C983C2360F4E053
:106CA000FFE7704BDB6C1B686F4C483CA34274D908
:106CB0006C4BDB6C1B686C4C903CA34201D10823ED
:106CC00066E0684BDB6C1B68684C903CA34201D1CA
:106CD00008235DE0634BDB6C1B68634C303CA342D4
:106CE00001D1082354E05F4BDB6C1B685F4C303CE8
:106CF000A34201D108234BE05A4BDB6C1B685A4C72
:106D0000783CA34201D15B1542E0564BDB6C1B681B
:106D1000564C783CA34201D15B1539E0514BDB6CFA
:106D20001B68514C183CA34201D15B1530E04D4B20
:106D3000DB6C1B684D4C183CA34201D15B1527E06E
:106D4000484BDB6C1B68484C603CA34202D14FF4BB
:106D500000231DE0434BDB6C1B68444C603CA342AA
:106D600002D14FF4002313E03E4BDB6C1B683E4C1A
:106D7000A34202D14FF400230AE03A4BDB6C1B68BC
:106D80003A4CA34202D14FF4002301E04FF00073CC
:106D9000354CA03CE36078E0FFE7324BDB6C1B68CE
:106DA000314C903CA34201D108236CE02D4BDB6CAD
:106DB0001B682E4C903CA34201D1082363E0294B71
:106DC000DB6C1B68284C303CA34201D108235AE0FD
:106DD000244BDB6C1B68254C303CA34201D10823BB
:106DE00051E0204BDB6C1B681F4C783CA34201D167
:106DF0005B1548E01B4BDB6C1B681C4C783CA342CA
:106E000001D15B153FE0174BDB6C1B68164C183C3F
:106E1000A34201D15B1536E0124BDB6C1B68134CAF
:106E2000183CA34201D15B152DE00E4BDB6C1B68B7
:106E30000D4C603CA34202D14FF4002323E0094BE8
:106E4000DB6C1B68094C603CA34202D14FF4002369
:106E500019E0044BDB6C1B68034CA34208D14FF4D0
:106E6000002310E0C0090020A0600240A06402409E
:106E7000F84BDB6C1B68F84CA34202D14FF40023A3
:106E800001E04FF00073F54CA360F24BDB6C1B6824
:106E9000F14C483CA34275D9EE4BDB6C1B68EF4CC0
:106EA0001034A34201D1042368E0EA4BDB6C1B6879
:106EB000E94C903CA34201D104235FE0E54BDB6C3D
:106EC0001B68E64C7034A34201D1042356E0E14B29
:106ED000DB6C1B68E04C303CA34201D104234DE045
:106EE000DC4BDB6C1B68DD4C2834A34201D19B15C5
:106EF00044E0D84BDB6C1B68D74C783CA34201D1F3
:106F00009B153BE0D34BDB6C1B68D44C8834A3420D
:106F100001D19B1532E0CF4BDB6C1B68CE4C183C8B
:106F2000A34201D19B1529E0CA4BDB6C1B68CB4CFB
:106F30004034A34202D14FF480231FE0C54BDB6CE9
:106F40001B68C54C603CA34202D14FF4802315E07E
:106F5000C04BDB6C1B68C14CA034A34202D14FF480
:106F600080230BE0BB4BDB6C1B68BB4CA34203D103
:106F70004FF4802302E005E04FF08073B64C943C60
:106F8000236071E1B34BDB6C1B68B44CB834A34293
:106F900075D9B04BDB6C1B68B04C1034A34201D1E7
:106FA000042367E0AB4BDB6C1B68AB4C903CA3420B
:106FB00001D104235EE0A74BDB6C1B68A74C703447
:106FC000A34201D1042355E0A24BDB6C1B68A24C09
:106FD000303CA34201D104234CE09E4BDB6C1B6888
:106FE0009E4C2834A34201D19B1543E0994BDB6CA6
:106FF0001B68994C783CA34201D19B153AE0954B14
:10700000DB6C1B68954C8834A34201D19B1531E0A1
:10701000904BDB6C1B68904C183CA34201D19B1534
:1070200028E08C4BDB6C1B688C4C4034A34202D1B3
:107030004FF480231EE0874BDB6C1B68864C603C62
:10704000A34202D14FF4802314E0824BDB6C1B6817
:10705000824CA034A34202D14FF480230AE07D4B3E
:10706000DB6C1B687C4CA34202D14FF4802301E00F
:107070004FF08073784C983C2360F5E0FFE7754B48
:10708000DB6C1B68754C5834A34274D9714BDB6CB4
:107090001B68724C1034A34201D1042368E06D4B8D
:1070A000DB6C1B686C4C903CA34201D104235FE075
:1070B000684BDB6C1B68694C7034A34201D104231C
:1070C00056E0644BDB6C1B68634C303CA34201D13F
:1070D00004234DE05F4BDB6C1B68604C2834A342FB
:1070E00001D19B1544E05B4BDB6C1B685A4C783C30
:1070F000A34201D19B153BE0564BDB6C1B68574C00
:107100008834A34201D19B1532E0524BDB6C1B68E3
:10711000514C183CA34201D19B1529E04D4BDB6C2F
:107120001B684E4C4034A34202D14FF480231FE031
:10713000484BDB6C1B68484C603CA34202D14FF4C7
:10714000802315E0434BDB6C1B68444CA034A34206
:1071500002D14FF480230BE03E4BDB6C1B683E4CAE
:10716000A34203D14FF4802302E004E04FF0807388
:107170003A4CE36078E0374BDB6C1B68374C1034DB
:10718000A34201D104236DE0324BDB6C1B68324C0F
:10719000903CA34201D1042364E02E4BDB6C1B68BE
:1071A0002E4C7034A34201D104235BE0294BDB6CED
:1071B0001B68294C303CA34201D1042352E0254BEB
:1071C000DB6C1B68254C2834A34201D19B1549E098
:1071D000204BDB6C1B68204C783CA34201D19B15F3
:1071E00040E01C4BDB6C1B681C4C8834A34201D173
:1071F0009B1537E0174BDB6C1B68174C183CA34200
:1072000001D19B152EE0134BDB6C1B68134C4034F3
:10721000A34202D14FF4802324E00E4BDB6C1B68A9
:107220000D4C603CA34202D14FF480231AE0094B7D
:10723000DB6C1B68094CA034A34202D14FF48023BD
:1072400010E0044BDB6C1B68034CA34208D14FF4E5
:10725000802307E0C0090020A064024000600240D3
:107260004FF08073FE4CA360FE4BDB6C1B68FE4C42
:10727000A34276D9FB4BDB6C1B68F94C1034A3425C
:1072800001D1012369E0F74BDB6C1B68F64C483CED
:10729000A34201D1012360E0F24BDB6C1B68F04C90
:1072A0007034A34201D1012357E0EE4BDB6C1B6825
:1072B000ED4C1834A34201D101234EE0E94BDB6CC5
:1072C0001B68E74C2834A34201D1402345E0E54B3D
:1072D000DB6C1B68E44C303CA34201D140233CE012
:1072E000E04BDB6C1B68DE4C8834A34201D14023A9
:1072F00033E0DC4BDB6C1B68DB4C3034A34201D148
:1073000040232AE0D74BDB6C1B68D54C4034A342AA
:1073100002D14FF4803320E0D24BDB6C1B68D24C9F
:10732000183CA34202D14FF4803316E0CD4BDB6C06
:107330001B68CB4CA034A34202D14FF480330CE045
:10734000C84BDB6C1B68C84C4834A34203D14FF4D4
:10735000803302E005E04FF48003C34C4C3C2360D3
:107360006EE1C04BDB6C1B68BD4CB834A34276D9D0
:10737000BC4BDB6C1B68BA4C1034A34201D1012317
:1073800069E0B84BDB6C1B68B74C483CA34201D1A9
:10739000012360E0B34BDB6C1B68B14C7034A3423B
:1073A00001D1012357E0AF4BDB6C1B68AE4C1834A6
:1073B000A34201D101234EE0AA4BDB6C1B68A84C11
:1073C0002834A34201D1402345E0A64BDB6C1B6867
:1073D000A54C303CA34201D140233CE0A14BDB6CE7
:1073E0001B689F4C8834A34201D1402333E09D4B5E
:1073F000DB6C1B689C4C3034A34201D140232AE053
:10740000984BDB6C1B68964C4034A34202D14FF47E
:10741000803320E0934BDB6C1B68934C183CA342F9
:1074200002D14FF4803316E08E4BDB6C1B688C4C22
:10743000A034A34202D14FF480330CE0894BDB6CC3
:107440001B68894C4834A34203D14FF4803302E0D7
:1074500005E04FF48003844C503C2360F0E0814B06
:10746000DB6C1B687E4C5834A34275D97D4BDB6CBA
:107470001B687B4C1034A34201D1012369E0794B96
:10748000DB6C1B68784C483CA34201D1012360E0CF
:10749000744BDB6C1B68724C7034A34201D1012326
:1074A00057E0704BDB6C1B686F4C1834A34201D162
:1074B00001234EE06B4BDB6C1B68694C2834A34204
:1074C00001D1402345E0674BDB6C1B68664C303CC8
:1074D000A34201D140233CE0624BDB6C1B68604C53
:1074E0008834A34201D1402333E05E4BDB6C1B6840
:1074F0005D4C3034A34201D140232AE0594BDB6C70
:107500001B68574C4034A34202D14FF4803320E033
:10751000544BDB6C1B68544C183CA34202D14FF413
:10752000803316E04F4BDB6C1B684D4CA034A342FC
:1075300002D14FF480330CE04A4BDB6C1B684A4CA1
:107540004834A34203D14FF4803302E004E04FF407
:107550008003434CE36073E0424BDB6C1B68404CA0
:107560001034A34201D1012368E03E4BDB6C1B6861
:107570003D4C483CA34201D101235FE0394BDB6C19
:107580001B68374C7034A34201D1012356E0354BC0
:10759000DB6C1B68344C1834A34201D101234DE04D
:1075A000304BDB6C1B682E4C2834A34201D14023A6
:1075B00044E02C4BDB6C1B682B4C303CA34201D1CC
:1075C00040233BE0274BDB6C1B68254C8834A342EF
:1075D00001D1402332E0234BDB6C1B68224C30345A
:1075E000A34201D1402329E01E4BDB6C1B681C4CDD
:1075F0004034A34202D14FF480331FE0194BDB6CBF
:107600001B68194C183CA34202D14FF4803315E09B
:10761000144BDB6C1B68124CA034A34202D14FF414
:1076200080330BE00F4BDB6C1B680F4C4834A342DC
:1076300002D14FF4803301E04FF48003084CA36083
:10764000084B9B6C1B68084CA3427BD9054B9B6C79
:107650001B68034C1034A34208D120236EE00000C5
:1076600000600240C009002058640240F74B9B6C48
:107670001B68F74CA34201D120235FE0F34B9B6CC6
:107680001B68F44CA34201D1202357E0EF4B9B6CC5
:107690001B68EF4C6034A34201D120234EE0EB4B3A
:1076A0009B6C1B68EB4C483CA34201D1DB1445E0CA
:1076B000E64B9B6C1B68E64C1834A34201D1DB14EB
:1076C0003CE0E24B9B6C1B68E24C1834A34201D1B6
:1076D000DB1433E0DD4B9B6C1B68DD4C7834A3423C
:1076E00001D1DB142AE0D94B9B6C1B68D94C303C90
:1076F000A34202D14FF4001320E0D44B9B6C1B68D3
:10770000D34C3034A34202D14FF4001316E0CF4BD8
:107710009B6C1B68CF4C3034A34202D14FF4001352
:107720000CE0CA4B9B6C1B68C94C9034A34203D13C
:107730004FF4001302E005E04FF00063C44C241F37
:1077400023606AE1C14B9B6C1B68C24C4834A34266
:1077500074D9BE4B9B6C1B68BE4C603CA34201D1EC
:10776000202366E0B94B9B6C1B68B94CA34201D146
:1077700020235EE0B54B9B6C1B68B64CA34201D145
:10778000202356E0B14B9B6C1B68B14C6034A34284
:1077900001D120234DE0AD4B9B6C1B68AD4C483CA8
:1077A000A34201D1DB1444E0A84B9B6C1B68A84C9E
:1077B0001834A34201D1DB143BE0A44B9B6C1B6843
:1077C000A44C1834A34201D1DB1432E09F4B9B6CD4
:1077D0001B689F4C7834A34201D1DB1429E09B4BFA
:1077E0009B6C1B689B4C303CA34202D14FF40013AE
:1077F0001FE0964B9B6C1B68954C3034A34202D122
:107800004FF4001315E0914B9B6C1B68914C303486
:10781000A34202D14FF400130BE08C4B9B6C1B680E
:107820008B4C9034A34202D14FF4001301E04FF08F
:107830000063874C083C2360EFE0FFE7834B9B6CC1
:107840001B68844C183CA34274D9804B9B6C1B680A
:10785000804C603CA34201D1202366E07B4B9B6CB3
:107860001B687B4CA34201D120235EE0774B9B6CCD
:107870001B68784CA34201D1202356E0734B9B6CCC
:107880001B68734C6034A34201D120234DE06F4B41
:107890009B6C1B686F4C483CA34201D1DB1444E055
:1078A0006A4B9B6C1B686A4C1834A34201D1DB14F1
:1078B0003BE0664B9B6C1B68664C1834A34201D1BD
:1078C000DB1432E0614B9B6C1B68614C7834A34243
:1078D00001D1DB1429E05D4B9B6C1B685D4C303C97
:1078E000A34202D14FF400131FE0584B9B6C1B685E
:1078F000574C3034A34202D14FF4001315E0534BE0
:107900009B6C1B68534C3034A34202D14FF40013DC
:107910000BE04E4B9B6C1B684D4C9034A34202D144
:107920004FF4001301E04FF000634A4C703CE360F9
:1079300073E0FFE7454B9B6C1B68464C603CA342E1
:1079400001D1202366E0414B9B6C1B68404CA34255
:1079500001D120235EE03D4B9B6C1B683D4CA34254
:1079600001D1202356E0394B9B6C1B68384C6034A6
:10797000A34201D120234DE0344B9B6C1B68354C56
:10798000483CA34201D1DB1444E0304B9B6C1B68A4
:107990002F4C1834A34201D1DB143BE02B4B9B6CE2
:1079A0001B682C4C1834A34201D1DB1432E0274B66
:1079B0009B6C1B68264C7834A34201D1DB1429E070
:1079C000224B9B6C1B68234C303CA34202D14FF4EA
:1079D00000131FE01D4B9B6C1B681D4C3034A342F1
:1079E00002D14FF4001315E0184B9B6C1B68194C27
:1079F0003034A34202D14FF400130BE0134B9B6CC5
:107A00001B68134C9034A34202D14FF4001301E0E1
:107A10004FF000630F4C703CA3600C4B9B6C1B68D9
:107A20000B4C4834A3427AD9084B9B6C1B68094C19
:107A3000603CA34201D110236DE0044B9B6C1B689A
:107A4000034CA34208D1102365E00000C0090020C8
:107A50001064024070600240F74B9B6C1B68F74C4F
:107A6000A34201D1102356E0F34B9B6C1B68F44CEE
:107A7000A34201D110234EE0EF4B9B6C1B68EF4CEF
:107A8000483CA34201D11B1545E0EB4B9B6C1B68A6
:107A9000EB4C483CA34201D11B153CE0E64B9B6CF0
:107AA0001B68E64C1834A34201D11B1533E0E24BAE
:107AB0009B6C1B68E24C1834A34201D11B152AE0D1
:107AC000DD4B9B6C1B68DD4C303CA34202D14FF474
:107AD000801320E0D84B9B6C1B68D94C303CA342F0
:107AE00002D14FF4801316E0D34B9B6C1B68D34C30
:107AF0003034A34202D14FF480130CE0CE4B9B6C88
:107B00001B68CF4C3034A34203D14FF4801302E002
:107B100005E04FF08063CA4C643C23606AE1C64BC9
:107B20009B6C1B68C54C4834A34274D9C24B9B6CF8
:107B30001B68C24C603CA34201D1102366E0BE4BDF
:107B40009B6C1B68BE4C603CA34201D110235DE0DE
:107B5000B94B9B6C1B68B94CA34201D1102355E073
:107B6000B54B9B6C1B68B64CA34201D110234DE072
:107B7000B14B9B6C1B68B14C483CA34201D11B1517
:107B800044E0AD4B9B6C1B68AD4C483CA34201D11B
:107B90001B153BE0A84B9B6C1B68A84C1834A342F8
:107BA00001D11B1532E0A44B9B6C1B68A44C18340C
:107BB000A34201D11B1529E09F4B9B6C1B689F4C76
:107BC000303CA34202D14FF480131FE09A4B9B6CD0
:107BD0001B689B4C303CA34202D14FF4801315E04C
:107BE000954B9B6C1B68954C3034A34202D14FF4EB
:107BF00080130BE0904B9B6C1B68914C3034A3427C
:107C000002D14FF4801301E04FF080638C4C683C4C
:107C10002360EFE0FFE7884B9B6C1B68874C183CA8
:107C2000A34274D9844B9B6C1B68844C603CA34278
:107C300001D1102366E0804B9B6C1B68804C603C3C
:107C4000A34201D110235DE07B4B9B6C1B687B4CF6
:107C5000A34201D1102355E0774B9B6C1B68784CF5
:107C6000A34201D110234DE0734B9B6C1B68734CF6
:107C7000483CA34201D11B1544E06F4B9B6C1B6831
:107C80006F4C483CA34201D11B153BE06A4B9B6CF7
:107C90001B686A4C1834A34201D11B1532E0664BB5
:107CA0009B6C1B68664C1834A34201D11B1529E05C
:107CB000614B9B6C1B68614C303CA34202D14FF47A
:107CC00080131FE05C4B9B6C1B685D4C303CA342F7
:107CD00002D14FF4801315E0574B9B6C1B68574C37
:107CE0003034A34202D14FF480130BE0524B9B6C13
:107CF0001B68534C3034A34202D14FF4801301E08F
:107D00004FF080634D4C703CE36073E0FFE74A4BFB
:107D10009B6C1B68494C603CA34201D1102366E078
:107D2000454B9B6C1B68464C603CA34201D1102321
:107D30005DE0414B9B6C1B68404CA34201D110237A
:107D400055E03D4B9B6C1B683D4CA34201D1102379
:107D50004DE0394B9B6C1B68384C483CA34201D129
:107D60001B1544E0344B9B6C1B68354C483CA342CC
:107D700001D11B153BE0304B9B6C1B682F4C18341A
:107D8000A34201D11B1532E02B4B9B6C1B682C4C82
:107D90001834A34201D11B1529E0274B9B6C1B68AB
:107DA000264C303CA34202D14FF480131FE0224BFB
:107DB0009B6C1B68224C303CA34202D14FF48013D1
:107DC00015E01D4B9B6C1B681C4C3034A34202D148
:107DD0004FF480130BE0184B9B6C1B68184C30342D
:107DE000A34202D14FF4801301E04FF08063134CA3
:107DF000703CA360104B9B6C1B68114C183CA34259
:107E00007AD90D4B9B6C1B680C4C603CA34201D192
:107E100008236DE0084B9B6C1B68094C603CA34237
:107E200001D1082364E0044B9B6C1B68034CA34204
:107E300008D108235CE00000C00900207060024007
:107E400070640240F74B9B6C1B68F74CA34201D156
:107E500008234DE0F34B9B6C1B68F44CA34201D10B
:107E60005B1545E0EF4B9B6C1B68EF4C483CA34215
:107E700001D15B153CE0EB4B9B6C1B68EB4C603419
:107E8000A34201D15B1533E0E64B9B6C1B68E64CCB
:107E90001834A34201D15B152AE0E24B9B6C1B68AE
:107EA000E24C1834A34202D14FF4002320E0DD4B12
:107EB0009B6C1B68DC4C303CA34202D14FF4002386
:107EC00016E0D84B9B6C1B68D84C7834A34202D187
:107ED0004FF400230CE0D34B9B6C1B68D24C303426
:107EE000A34203D14FF4002302E005E04FF00073FA
:107EF000CD4C643C23606AE1CA4B9B6C1B68CB4C45
:107F00009034A34274D9C74B9B6C1B68C74C183C78
:107F1000A34201D1082366E0C24B9B6C1B68C24C94
:107F2000603CA34201D108235DE0BE4B9B6C1B6803
:107F3000BE4C4834A34201D1082354E0B94B9B6C9A
:107F40001B68B94CA34201D108234CE0B54B9B6C94
:107F50001B68B64CA34201D15B1544E0B14B9B6C4E
:107F60001B68B14C483CA34201D15B153BE0AD4BD3
:107F70009B6C1B68AD4C6034A34201D15B1532E0B1
:107F8000A84B9B6C1B68A84C1834A34201D15B150D
:107F900029E0A44B9B6C1B68A44C1834A34202D16B
:107FA0004FF400231FE09F4B9B6C1B689E4C303CA2
:107FB000A34202D14FF4002315E09A4B9B6C1B683F
:107FC0009A4C7834A34202D14FF400230BE0954B36
:107FD0009B6C1B68944C3034A34202D14FF40023B5
:107FE00001E04FF00073904C683C2360EFE0FFE746
:107FF0008C4B9B6C1B688D4C3034A34274D9894BDD
:108000009B6C1B68894C183CA34201D1082366E095
:10801000844B9B6C1B68844C603CA34201D10823B9
:108020005DE0804B9B6C1B68804C4834A34201D1BF
:10803000082354E07B4B9B6C1B687B4CA34201D113
:1080400008234CE0774B9B6C1B68784CA34201D112
:108050005B1544E0734B9B6C1B68734C483CA3421C
:1080600001D15B153BE06F4B9B6C1B686F4C603420
:10807000A34201D15B1532E06A4B9B6C1B686A4CD2
:108080001834A34201D15B1529E0664B9B6C1B6839
:10809000664C1834A34202D14FF400231FE0614B19
:1080A0009B6C1B68604C303CA34202D14FF4002310
:1080B00015E05C4B9B6C1B685C4C7834A34202D18E
:1080C0004FF400230BE0574B9B6C1B68564C30342D
:1080D000A34202D14FF4002301E04FF00073534C50
:1080E000283CE36073E0FFE74E4B9B6C1B684F4CF2
:1080F000183CA34201D1082366E04A4B9B6C1B68E5
:10810000494C603CA34201D108235DE0454B9B6C88
:108110001B68464C4834A34201D1082354E0414B2C
:108120009B6C1B68404CA34201D108234CE03D4BA3
:108130009B6C1B683D4CA34201D15B1544E0394B5D
:108140009B6C1B68384C483CA34201D15B153BE05B
:10815000344B9B6C1B68354C6034A34201D15B15DA
:1081600032E0304B9B6C1B682F4C1834A34201D17A
:108170005B1529E02B4B9B6C1B682C4C1834A342DD
:1081800002D14FF400231FE0264B9B6C1B68264C4A
:10819000303CA34202D14FF4002315E0214B9B6CED
:1081A0001B68224C7834A34202D14FF400230BE029
:1081B0001C4B9B6C1B681C4C3034A34202D14FF407
:1081C000002301E04FF00073184C283CA360154BCE
:1081D0009B6C1B68144C183CA3427AD9114B9B6CC6
:1081E0001B68124C183CA34201D104236DE00D4BD7
:1081F0009B6C1B680C4C603CA34201D1042364E0DF
:10820000084B9B6C1B68094C4834A34201D10423E2
:108210005BE0044B9B6C1B68034CA34208D1042316
:1082200053E00000C0090020706402402860024052
:10823000F74B9B6C1B68F74CA34201D19B1544E0A4
:10824000F34B9B6C1B68F44CA34201D19B153CE0A3
:10825000EF4B9B6C1B68EF4C6034A34201D19B1524
:1082600033E0EB4B9B6C1B68EB4C6034A34201D1B9
:108270009B152AE0E64B9B6C1B68E64C1834A34226
:1082800002D14FF4802320E0E14B9B6C1B68E24C51
:108290001834A34202D14FF4802316E0DC4B9B6CD0
:1082A0001B68DC4C7834A34202D14FF480230CE0ED
:1082B000D74B9B6C1B68D84C7834A34203D14FF446
:1082C000802302E005E04FF08073D34C1C3C236018
:1082D0006AE1CF4B9B6C1B68CE4C9034A34274D99F
:1082E000CB4B9B6C1B68CB4C183CA34201D10423A5
:1082F00066E0C74B9B6C1B68C74C183CA34201D17E
:1083000004235DE0C24B9B6C1B68C24C4834A34203
:1083100001D1042354E0BE4B9B6C1B68BE4C483417
:10832000A34201D104234BE0B94B9B6C1B68B94CB1
:10833000A34201D19B1543E0B54B9B6C1B68B64C27
:10834000A34201D19B153BE0B14B9B6C1B68B14C28
:108350006034A34201D19B1532E0AD4B9B6C1B688E
:10836000AD4C6034A34201D19B1529E0A84B9B6C16
:108370001B68A84C1834A34202D14FF480231FE09D
:10838000A34B9B6C1B68A44C1834A34202D14FF43E
:10839000802315E09E4B9B6C1B689E4C7834A34257
:1083A00002D14FF480230BE0994B9B6C1B689A4CD5
:1083B0007834A34202D14FF4802301E04FF0807360
:1083C000954C203C2360EFE0FFE7914B9B6C1B68D2
:1083D000904C3034A34274D98D4B9B6C1B688D4CF0
:1083E000183CA34201D1042366E0894B9B6C1B68B7
:1083F000894C183CA34201D104235DE0844B9B6C63
:108400001B68844C4834A34201D1042354E0804BC0
:108410009B6C1B68804C4834A34201D104234BE081
:108420007B4B9B6C1B687B4CA34201D19B1543E0AB
:10843000774B9B6C1B68784CA34201D19B153BE0AA
:10844000734B9B6C1B68734C6034A34201D19B152A
:1084500032E06F4B9B6C1B686F4C6034A34201D1C0
:108460009B1529E06A4B9B6C1B686A4C1834A3422D
:1084700002D14FF480231FE0654B9B6C1B68664C58
:108480001834A34202D14FF4802315E0604B9B6C5B
:108490001B68604C7834A34202D14FF480230BE078
:1084A0005B4B9B6C1B685C4C7834A34202D14FF44D
:1084B000802301E04FF08073564C283CE36073E06A
:1084C000FFE7534B9B6C1B68524C183CA34201D1F5
:1084D000042366E04E4B9B6C1B684F4C183CA34238
:1084E00001D104235DE04A4B9B6C1B68494C483426
:1084F000A34201D1042354E0454B9B6C1B68464CBE
:108500004834A34201D104234BE0414B9B6C1B68D0
:10851000404CA34201D19B1543E03D4B9B6C1B6833
:108520003D4CA34201D19B153BE0394B9B6C1B6832
:10853000384C6034A34201D19B1532E0344B9B6C24
:108540001B68354C6034A34201D19B1529E0304BA8
:108550009B6C1B682F4C1834A34202D14FF480232C
:108560001FE02B4B9B6C1B682B4C1834A34202D191
:108570004FF4802315E0264B9B6C1B68254C783408
:10858000A34202D14FF480230BE0214B9B6C1B686C
:10859000214C7834A34202D14FF4802301E04FF004
:1085A00080731C4C283CA360194B9B6C1B681A4CB5
:1085B0003034A3427AD9164B9B6C1B68154C183C7F
:1085C000A34201D101236DE0114B9B6C1B68124C3F
:1085D000183CA34201D1012364E00D4B9B6C1B6846
:1085E0000C4C4834A34201D101235BE0084B9B6C47
:1085F0001B68094C4834A34201D1012352E0044BCB
:108600009B6C1B68034CA34208D140234AE0000046
:10861000C00900202860024028640240E74B9B6CA0
:108620001B68E74CA34201D140233BE0E34B9B6C2A
:108630001B68E44CA34201D1402333E0DF4B9B6C29
:108640001B68DF4C6034A34201D140232AE0DB4B9E
:108650009B6C1B68DB4C483CA34202D14FF4803337
:1086600020E0D64B9B6C1B68D54C1834A34202D13A
:108670004FF4803316E0D14B9B6C1B68D14C1834FF
:10868000A34202D14FF480330CE0CC4B9B6C1B68AF
:10869000CB4C7834A34203D14FF4803302E005E0A1
:1086A0004FF48003C64C1C3C23606AE1C34B9B6CB7
:1086B0001B68C44C3034A34274D9C04B9B6C1B68FC
:1086C000C04C783CA34201D1012366E0BB4B9B6CBC
:1086D0001B68BB4C183CA34201D101235DE0B74BA2
:1086E0009B6C1B68B74C183CA34201D1012354E09A
:1086F000B24B9B6C1B68B24C4834A34201D101239E
:108700004BE0AE4B9B6C1B68AE4C603CA34201D16E
:10871000402342E0A94B9B6C1B68A94CA34201D1AA
:1087200040233AE0A54B9B6C1B68A64CA34201D1A9
:10873000402332E0A14B9B6C1B68A14C6034A342E8
:1087400001D1402329E09D4B9B6C1B689D4C483C0C
:10875000A34202D14FF480331FE0984B9B6C1B68FF
:10876000974C1834A34202D14FF4803315E0934B59
:108770009B6C1B68934C1834A34202D14FF4803396
:108780000BE08E4B9B6C1B688D4C7834A34202D15E
:108790004FF4803301E04FF48003894C203C236088
:1087A000EFE0FFE7854B9B6C1B68864C303CA34297
:1087B00074D9824B9B6C1B68824C783CA34201D1DC
:1087C000012366E07D4B9B6C1B687D4C183CA342EB
:1087D00001D101235DE0794B9B6C1B68794C183CFF
:1087E000A34201D1012354E0744B9B6C1B68744C71
:1087F0004834A34201D101234BE0704B9B6C1B68B2
:10880000704C603CA34201D1402342E06B4B9B6C17
:108810001B686B4CA34201D140233AE0674B9B6C31
:108820001B68684CA34201D1402332E0634B9B6C30
:108830001B68634C6034A34201D1402329E05F4BA5
:108840009B6C1B685F4C483CA34202D14FF48033C1
:108850001FE05A4B9B6C1B68594C1834A34202D141
:108860004FF4803315E0554B9B6C1B68554C183406
:10887000A34202D14FF480330BE0504B9B6C1B683A
:108880004F4C7834A34202D14FF4803301E04FF4CF
:1088900080034C4C883CE36073E0FFE7474B9B6CE4
:1088A0001B68484C783CA34201D1012366E0434B4E
:1088B0009B6C1B68424C183CA34201D101235DE034
:1088C0003E4B9B6C1B683F4C183CA34201D10123DB
:1088D00054E03A4B9B6C1B68394C4834A34201D19D
:1088E00001234BE0354B9B6C1B68364C603CA3422C
:1088F00001D1402342E0314B9B6C1B68304CA342BA
:1089000001D140233AE02D4B9B6C1B682D4CA342B8
:1089100001D1402332E0294B9B6C1B68284C60340A
:10892000A34201D1402329E0244B9B6C1B68254CBA
:10893000483CA34202D14FF480331FE01F4B9B6C95
:108940001B681F4C1834A34202D14FF4803315E04A
:108950001A4B9B6C1B681B4C1834A34202D14FF47A
:1089600080330BE0154B9B6C1B68154C7834A3428D
:1089700002D14FF4803301E04FF48003114C883C66
:10898000A360114B1B68D960104B1B68D8600E4B5D
:108990001B685A600D4B1B685A600B4B1B681B68A9
:1089A00043F00103084C24682360084B1B681B68D4
:1089B00043F00103054C2468236010BDC00900206A
:1089C0002864024088600240180A0020780A0020CB
:1089D00010B5594B1B685B6843F00203564C246882
:1089E0006360554B1B685B6843F00103524C24687D
:1089F0006360514B1B681B6843F040034E4C246876
:108A000023604E4B1B681B6823F001034B4C24680A
:108A1000236007E0494B1B681B6823F00103474CA8
:108A200024682360454B1B681B6803F00103002B7F
:108A3000F0D1424B1B68424CA34205D94FF40013BE
:108A40003F4C4C3C23601BE03C4B1B683D4CA3421D
:108A500005D94FF400133A4C503C236010E0374BDB
:108A60001B68384C603CA34205D94FF40013354CC9
:108A7000B83CE36004E04FF40013324CB83CA36010
:108A8000314B2E4C2468A3602C4B1B68D9602B4BB8
:108A90001B685A60294B1B681B6843F01003274C66
:108AA00024682360294B1B681B6823F00103274CB3
:108AB0002468236007E0254B1B681B6823F0010333
:108AC000224C24682360214B1B681B6803F00103C0
:108AD000002BF0D11D4B1B68194CA34205D94FF058
:108AE0000063174C4C3C23601BE0184B1B68154C73
:108AF000A34205D94FF00063114C503C236010E0B5
:108B0000124B1B680F4C603CA34205D94FF0006329
:108B10000C4CB83CE36004E04FF00063094CB83CF7
:108B2000A360094B094C2468A360084B1B68D860FC
:108B3000064B1B685A6010BDC0090020180A0020AF
:108B400058640240B86002400C300140780A0020AE
:108B50007CB504460D461646164800681821B0FB41
:108B6000F1F01549B0FBF1F04FF47A7148430190F0
:108B70006068B0F5827F0DD12B460022802120460F
:108B8000009600F01BF898B1606D40F02000606521
:108B900003207CBD00BF019800B908E00198401E89
:108BA000019020688068C0F3C0100028F3D100BF96
:108BB0000020EEE72800002040420F002DE9F041A0
:108BC00004460E4617461D46DDF818803EE0681C38
:108BD000D8B3FAF717F9A0EB0800A84200D2A5BB5A
:108BE0002068406820F0E000216848606068B0F5C7
:108BF000827F0DD1A068B0F5004F03D0A068B0F51A
:108C0000806F05D12068006820F04000216808606E
:108C1000A06AB0F5005F0DD100BF2068006820F4A5
:108C20000050216808602068006840F40050216806
:108C3000086000BF012084F8510000BF002084F8C4
:108C4000500000BF0320BDE8F081FFE72068806886
:108C50003040B04201D1012000E00020B842B6D13E
:108C60000020F0E710B5FAF73FFC03F09BFD10BDC4
:108C700000B597B030210BA8F7F701FD142106A825
:108C8000F7F7FDFC0020029003900490059000BFD0
:108C900001902948006840F0805027490860084644
:108CA000006800F08050019000BF00BF00BF0020AE
:108CB00001902248006840F480402049086008463E
:108CC000006800F48040019000BF00BF01200B90BD
:108CD00000040C900220119041051291062113917D
:108CE000A821149102211591072116910BA8FAF7DA
:108CF000E5FE08B1F8F73CFF0F2006900220079030
:108D0000002008904FF4A05009904FF480500A9032
:108D1000052106A8FAF794FD08B1F8F729FF02200B
:108D200002900748059002A8FAF7BAFC08B1F8F7D4
:108D30001FFF17B000BD0000403802400070004027
:108D400000031E001448006840F4700012490860D7
:108D50001248006840F001001049086000200F49E7
:108D6000083108600D4800680D4908400B4908604B
:108D70000C48091D0860081F006820F48020091FA6
:108D80000860002005490C3108604FF0006002497E
:108D9000803908607047000088ED00E0003802402C
:108DA000FFFFF6FE1030002410B50268294B9842F0
:108DB0000ED0B0F1804F0BD0274B984208D0274BF4
:108DC000984205D0264B984202D0264B984203D1B8
:108DD00022F070024B681A431E4B984220D0B0F12B
:108DE000804F1DD01C4B98421AD01C4B984217D074
:108DF0001B4B984214D01B4B984211D01A4B9842EF
:108E00000ED01A4B98420BD0194B984208D0194BF0
:108E1000984205D0184B984202D0184B984203D183
:108E200022F44072CB681A4322F080034C6943EA73
:108E3000040202608B68C3620B688362054B984230
:108E400002D0084B984201D10B69036301234361AF
:108E500010BD000000000140000400400008004078
:108E6000000C00400004014000400140004401406B
:108E70000048014000180040001C00400020004055
:108E800030B501F01F05012404FA05F3046A9C4380
:108E90000462046A01F01F0502FA05F52C4304621E
:108EA00030BD30B50C46816821F47F4142EA03258C
:108EB00025432943816030BD0A46816821F0700155
:108EC00042F00703194381607047000030B5056A1E
:108ED00025F001050562026A4368846924F0700484
:108EE00024F003040D682C4322F002028D682A430B
:108EF000104DA84200D103E00F4DA84206D100BF9B
:108F000022F00802CD682A4322F00402094DA8424B
:108F100002D0094DA84207D123F4807323F40073D3
:108F20004D692B438D692B43436084614D684563D4
:108F3000026230BD000001400004014030B5056A06
:108F400025F010050562026A4368846924F4E04450
:108F500024F440740D6844EA052422F020028D6850
:108F600042EA0512124DA84200D103E0114DA84279
:108F700007D100BF22F08002CD6842EA051222F03C
:108F800040020B4DA84202D00A4DA84209D123F459
:108F9000806323F400634D6943EA85038D6943EAE6
:108FA0008503436084614D688563026230BD0000C3
:108FB000000001400004014030B5056A25F48075C9
:108FC0000562026A4368C46924F0700424F0030453
:108FD0000D682C4322F400728D6842EA0522124D7E
:108FE000A84200D103E0114DA84207D100BF22F4EE
:108FF0000062CD6842EA052222F480620A4DA8424E
:1090000002D00A4DA84209D123F4805323F400531F
:109010004D6943EA05138D6943EA05134360C46152
:109020004D68C563026230BD00000140000401408C
:1090300030B5056A25F480550562036A4468C26943
:1090400022F4E04222F440720D6842EA052223F441
:1090500000538D6843EA0533084DA84202D0084DFD
:10906000A84204D124F480444D6944EA8514446044
:10907000C2614D680564036230BD0000000001401C
:109080000004014030B50B461446026A056A25F01B
:1090900001050562816921F0F00141EA041122F025
:1090A0000A021A438161026230BD30B50B46144694
:1090B000056A25F0100505628169026A21F4704194
:1090C00041EA043122F0A00242EA03128161026205
:1090D00030BD00002DE9F04104462068006920F40D
:1090E0004050E1680843216808612169A06808438D
:1090F00061690843E16940EA01052068C06849F2F6
:109100000C61884328432168C8602068406920F4C6
:109110004070A169084321684861E069B0F5004FDB
:109120007ED1C4492068884203D0C3492068884260
:109130005DD1FAF75BFC00EBC00101EB0010616848
:109140004900B0FBF1F06421B0FBF1F00601FAF741
:109150004DFC00EBC00101EB001061684900B0FB61
:10916000F1F7FAF743FC00EBC00101EB0010616876
:109170004900B0FBF1F06421B0FBF1F000EBC0015D
:1091800001EB0010A7EB8000322101EBC00064214D
:10919000B0FBF1F000F0F80006EB4006FAF726FC11
:1091A00000EBC00101EB001061684900B0FBF1F772
:1091B000FAF71CFC00EBC00101EB001061684900EC
:1091C000B0FBF1F06421B0FBF1F000EBC00101EB6A
:1091D0000010A7EB8000322101EBC0006421B0FB3E
:1091E000F1F000F0070030442168886020E1FAF7D0
:1091F000EDFB00EBC00101EB001061684900B0FB22
:10920000F1F06421B0FBF1F00601FAF7DFFB00EBAF
:10921000C00101EB001061684900B0FBF1F700E00C
:1092200045E0FAF7D3FB00EBC00101EB00106168E9
:109230004900B0FBF1F06421B0FBF1F000EBC0019C
:1092400001EB0010A7EB8000322101EBC00064218C
:10925000B0FBF1F000F0F80006EB4006FAF7B6FBC1
:1092600000EBC00101EB001061684900B0FBF1F7B1
:10927000FAF7ACFB00EBC00101EB0010616849009C
:10928000B0FBF1F06421B0FBF1F000EBC00101EBA9
:109290000010A7EB8000322101EBC0006421B0FB7D
:1092A000F1F000F00700304421688860C0E06149B7
:1092B0002068884203D06049206888425CD1FAF770
:1092C00095FB00EBC00101EB001061688900B0FB69
:1092D000F1F6FAF78BFB00EBC00101EB00106168BF
:1092E0008900B0FBF1F06421B0FBF1F000EBC001AC
:1092F00001EB0010A6EB8000322101EB001064218D
:10930000B0FBF1F000F0F006FAF770FB00EBC001E3
:1093100001EB001061688900B0FBF1F06421B0FB43
:10932000F1F006EB0016FAF761FB00EBC00101EB70
:10933000001061688900B0FBF1F7FAF757FB00EB0A
:10934000C00101EB001061688900B0FBF1F06421FD
:10935000B0FBF1F000EBC00101EB0010A7EB8000C7
:10936000322101EB00106421B0FBF1F000F00F009E
:109370003044216888605BE0FAF728FB00EBC0010D
:1093800001EB001061688900B0FBF1F6FAF71EFBF3
:1093900000EBC00101EB001061688900B0FBF1F047
:1093A0006421B0FBF1F000EBC00101EB0010A6EB73
:1093B0008000322101EB00106421B0FBF1F000F0DD
:1093C000F006FAF703FB00EBC00101EB0010616847
:1093D0008900B0FBF1F06421B0FBF1F006EB001660
:1093E000FAF7F4FA00EBC00101EB001061688900A4
:1093F000B0FBF1F7FAF7EAFA00EBC00101EB00105D
:1094000061688900B0FBF1F06421B0FBF1F000EB82
:10941000C00101EB0010A7EB8000322101EB00102E
:109420006421B0FBF1F000F00F0030442168886047
:10943000BDE8F081001001400014014008B5444827
:109440000068006800F0200060B100BF00200090BC
:109450003F480068006800903D4800684068009000
:1094600000BF74E03B48006800F0100000286ED098
:1094700000BF002000903648006800680090344823
:1094800000684068009000BF00BF33480068006873
:1094900000F4002070BB30480068006820F0010034
:1094A0002D49096808602C4800684068C0F1240014
:1094B0002A4908802420284909684860264800680D
:1094C000006840F4002024490968086022480068C8
:1094D000006840F001002049096808601F480088C2
:1094E000122834D11E491F4804F000F8002002F071
:1094F000DBF82CE018480068006820F001001649ED
:1095000009680860144800684068C0F124001349E5
:10951000088024201049096848601348806A20F4B4
:109520000020114988620C480068006840F0010082
:1095300009490968086009480088122807D10849C4
:109540000848243003F0D2FF002002F0ADF808BD37
:10955000180C002000480040580C00200802002091
:109560001C760020327600200060024000BFFEE73B
:109570004100080218BF04200A0E18BF40F0010085
:109580004FF07F4232EA010108BF40F0020001289B
:1095900008BF05207047000002480068C0F30220A1
:1095A000704700000CED00E010B5002804DB0A074E
:1095B000130E054A135406E00A07140E034A00F07E
:1095C0000F031B1FD45410BD00E400E018ED00E0B1
:1095D00010B54FF00E402DED028BB0EE408A18EE24
:1095E000104A00EB4400B0F1506F4AD84FF0FC40F5
:1095F000B0EB440F22D2B0EEC80AF7EE000A30EE0C
:10960000C00AF6EE000A60EE208A18EE900A03F017
:10961000DAFF01EE100A14F0004F1DBFDFED2D0A36
:109620009FED2D0AB1EE411ADFED2C0A08BF9FED28
:109630002C0AF8EE001A21EE218A05E0DFED290A56
:1096400068EE088AB0EE600A9FED271ADFED271A50
:1096500030EE080A48EE811A9FED251A08EEA11A8D
:10966000DFED241A48EE811A9FED231A08EEA11AA5
:1096700068EE281ABDEC028B01EE810A30EE200A5A
:1096800010BD4FF0E440B0EB440F0CD918EE100AB7
:10969000FFF76EFF042808BF00F08EF9B0EE480A0D
:1096A000BDEC028B10BD4FF07F40B0EB440F07D2F2
:1096B000B0EE480ABDEC028BBDE8104000F06DB979
:1096C0000120F7F70BF8BDEC028BBDE8104000F06D
:1096D0006BB900000000C9BF22AAFDB90000C93F54
:1096E00022AAFD390000000024FE1C3DC78AD83C98
:1096F0001E67383D1B93993DAFAA2A3E10EE100A13
:1097000010B510EE901A4FF0684202EB40032DEDB9
:10971000028BB3F1654F3CBF02EB4102B2F1654FE2
:109720007CD200BFC0F3C753C1F3C7529A1A1B2A99
:1097300009DD10F0004F14BF9FED6E0A9FED6E0A19
:10974000BDEC028B10BD12F11A0F1BDA11F0004FA5
:1097500009D010F0004F0CBF9FED680A9FED680A1A
:10976000BDEC028B10BD80EE208A18EE100AFFF7C8
:10977000FFFE042808BF00F01FF9B0EE480ABDEC58
:10978000028B10BD4200B2EB410F37D910F0004FF1
:1097900019BFDFED5C1A9FED5C1ADFED5C1A9FEDDF
:1097A0005C1AB0EE602A0A46F1EE400A80F00041F1
:1097B000B0EE420A10460A1A5200B2F1807F34D24B
:1097C000484010F0004FDFED532A9FED533A1DBF84
:1097D000BEEE002A71EEE21A31EE431AB6EE002A0E
:1097E00004BF71EEA21A31EE031AF0EE402A42EEE7
:1097F000602A40EE020A82EEA02A18E011F0004F23
:1098000004BF9FED461AF0EE411AD4D010F0004F7D
:109810001CBFDFED431A9FED431A00E026E004BFB2
:10982000DFED411A9FED411AC5E780EE202A22EEB6
:10983000020ADFED3F0ADFED3F2ABDEC028B40EE6E
:10984000202ADFED3D0A40EE220ADFED3C2A40EE01
:10985000202ADFED3B0A40EE220A22EE000A00EE4B
:10986000201A31EE020A30EE210A10BD4FF07F427D
:10987000B2EB400F28BFB2EB410F05D2BDEC028B1B
:10988000BDE8104000F08CB840EA01035B0008BF5F
:1098900041F0FF410BD0B2EB400F08BFB2EB410FDC
:1098A00008D120F0804000EE100A21F0804100EE47
:1098B000901A37E7B2EB400F12BF5FEA410240F067
:1098C000FF4001F000413FF42DAF4A0092EA40030F
:1098D0003FF528AF002AACBF9FED1A1A9FED1A1A68
:1098E00020EE010A60EE810A10EE100A10EE901AC6
:1098F00018E70000DB0FC9BFDB0FC93FDB0F494092
:10990000DB0F49C00000C9BF22AAFDB90000C93F52
:1099100022AAFD390060ED3EC30ACE3700000000E8
:10992000000049C022AA7DBA0000494022AA7D3A1F
:109930002DAD65BD8FB8D53D0FB511BE61C84C3E8C
:10994000A8AAAABE0000804F0000802F2DED020BB8
:10995000019820F0004001909DED000B02B070478F
:1099600010B52DED028BB1EEC08A18EE100A20F072
:109970000040C0F1FF40C00F0AD010EE100A20F0E6
:109980000040C0F1FF40C00F04BF0120F6F7A6FE63
:10999000B0EE480ABDEC028B10BD30EE000A7047F5
:1099A00030EE200A70470000DFED020A80EEA00AC8
:1099B00070470000000000009FED020A20EE000A40
:1099C0007047000000000010010E144A1170C0F32F
:1099D0000741127811FB02F1114A1180C0F30721EF
:1099E0000E4A127811FB02F10E4A1180C1B20B4AE5
:1099F000127811FB02F10C4A1180114609880B4ABA
:109A00001268516307490988084A1268916304493A
:109A10000988064A1268D16370470000B800002028
:109A2000BA000020BC000020BE000020580B00201F
:109A300070B52DED028B8AB005460C4616460DB169
:109A400004B11EB90AB0BDEC028B70BD94ED000AE2
:109A5000B5EEC00AF1EE10FA0DD194ED010AB5EEA3
:109A6000C00AF1EE10FA06D194ED020AB5EEC00A72
:109A7000F1EE10FA7DD09FED600AB0EE408A002032
:109A80000790089009900490059006905B4A07CAD9
:109A900001AB07C395ED010AD5ED030A20EE200ABC
:109AA000D5ED000A95ED021A00EEC10AF0EE000AAB
:109AB00020EE200A8DED070A95ED000AD5ED010A8A
:109AC00020EE200AD5ED020A95ED031A00EE810A78
:109AD000F0EE000A20EE200A8DED080A95ED000A4E
:109AE00020EE000AD5ED030A95ED031A00EE810A77
:109AF000F7EE000AB0EE001A51EE000ACDED090AA9
:109B000001AB22463146284600F07AF8D4ED000A2F
:109B100060EEA00A94ED011AD4ED011A41EE210A7B
:109B200094ED021AD4ED021A41EE210AB0EE600A59
:109B3000F7F762F8B0EE408A94ED000A20EE080ACA
:109B400084ED000A94ED010A20EE080A84ED010A72
:109B500094ED020A20EE080A84ED020A94ED010A4F
:109B6000DDED090A20EE200AD4ED020A9DED081A67
:109B700000E03EE000EEC10A8DED040A94ED020A19
:109B8000DDED070A20EE200AD4ED000A9DED091A4A
:109B900000EEC10A8DED050A94ED000ADDED080A1C
:109BA00020EE200AD4ED010A9DED071A00EEC10A4D
:109BB0008DED060A96ED000ADDED010A9DED041A11
:109BC00000EE810A86ED000A96ED010ADDED020A3B
:109BD0009DED051A00EE810A86ED010A96ED020A56
:109BE000DDED030A9DED061A00EE810A86ED020AFC
:109BF00000BF00BF26E700000000000088F9000851
:109C00002DE9F0412DED048B07460D4614461E4606
:109C10009FED580AB0EE409A9FED560AB0EE408A8A
:109C20009FED540AF0EE408AD4ED000A60EEA00ADF
:109C300094ED011AD4ED011A41EE210A94ED021AB5
:109C4000D4ED021A41EE210AB0EE600AF6F7D4FF15
:109C5000F7EE000A80EE801AB0EE419AD5ED000AC8
:109C6000B0EE600AF6F75FFEF0EE409AD5ED010A1D
:109C7000B0EE600AF6F757FE79EE809AD5ED020A4B
:109C8000B0EE600AF6F74FFE39EE800AF0EE408A39
:109C90003948D0ED000A79EE600AB0EE600AF6F7B6
:109CA00042FEB0EE408A9FED350AB4EEC08AF1EE76
:109CB00010FA06DC9FED320AF4EEC08AF1EE10FADB
:109CC00053DD9FED2C2AB0EE420A9FED2A2AF0EEDA
:109CD000421AB7EE002AF0EE420A9FED262AB0EEB5
:109CE000421AB5EEC08AF1EE10FA05DD9FED232A87
:109CF000C2EE082AB0EE620A9FED222AB4EEC20A32
:109D0000F1EE10FA03D29FED1B2AB0EE420AF5EEF7
:109D1000C08AF1EE10FA05DD9FED192AC2EE282A5D
:109D2000F0EE621AB7EE002AB4EEC20AF1EE10FAB3
:109D300003D220EE802AF0EE420AB7EE002AF4EEBB
:109D4000C21AF1EE10FA03D220EEA12AF0EE420A76
:109D50009FED0D2A20EE822AB0EE421A86ED001AFF
:109D600086ED011A86ED021A00BFBDEC048BBDE83A
:109D7000F08100000000000050020020CDCCCC3D5E
:109D80008FC2F53D9A99993ECDCC4C3E10B52DED44
:109D9000048B86B00446B0EE408AF0EE608AB0EEE6
:109DA000419A002003900490059000900190029049
:109DB000B0EE000AC8EE000AF0EE609AB0EE690A52
:109DC000F6F7A5FD8DED030AB0EE000AC8EE800A95
:109DD000F0EE609AB0EE690AF6F799FD8DED040A8F
:109DE000B0EE000AC9EE000AF0EE609AB0EE690A21
:109DF000F6F78DFD8DED050AB0EE000AC8EE000AFB
:109E0000F0EE609AB0EE690AF6F708FF8DED000AF1
:109E1000B0EE000AC8EE800AF0EE609AB0EE690A71
:109E2000F6F7FCFE8DED010AB0EE000AC9EE000A5D
:109E3000F0EE609AB0EE690AF6F7F0FE8DED020AD8
:109E40009DED050ADDED040A20EE200ADDED030A92
:109E500020EE200ADDED020A9DED011A60EE810A76
:109E60009DED001A00EE810A84ED000A9DED020AC4
:109E7000DDED040A20EE200ADDED030A20EE200AC3
:109E8000DDED050A9DED011A60EE810A9DED001AD7
:109E900000EEC10A84ED010A9DED050ADDED010A1F
:109EA00020EE200ADDED030A20EE200ADDED020A95
:109EB0009DED041A60EE810A9DED001A00EE810A04
:109EC00084ED020A9DED050ADDED040A20EE200A6C
:109ED000DDED000A20EE200ADDED020A9DED011AFB
:109EE00060EE810A9DED031A00EEC10A84ED030ABB
:109EF00006B0BDEC048B10BD38B5002000900024E6
:109F0000F6F740FF8020F7F7DFF85520F7F7DCF889
:109F10005520F7F7D9F80090F6F72AFF9620F6F7C4
:109F2000A0FFF6F72FFF8020F7F7CEF85520F7F7C0
:109F3000CBF85520F7F7C8F80090F6F719FF9620F0
:109F4000F6F78FFFF6F71EFFB6217E20F7F7E6F84B
:109F5000F6F70EFF5020F6F77EFFF6F713FF80208E
:109F6000F7F7B2F85520F7F7AFF85520F7F7ACF848
:109F70000090F6F7FDFE9620F6F773FFF6F702FF66
:109F80008020F7F7A1F85520F7F79EF85520F7F74E
:109F90009BF80090F6F7ECFE9620F6F762FF9DF82E
:109FA00000001E2801D0FF2038BD002437E0F6F75E
:109FB000E9FE04EB44021C4B1A44517804EB4402C2
:109FC000985CF7F7ABF8F6F7D3FE9620F6F749FF63
:109FD000F6F7D8FE04EB4401134A515C41F08000CF
:109FE000F7F772F85520F7F76FF85520F7F76CF888
:109FF0000090F6F7BDFE9620F6F733FF04EB440021
:10A000000949084440789DF80010884205D004EBC7
:10A010004400054908448078C6E7601CC4B2062C99
:10A02000C5DB0020C0E700002002002010B586B08C
:10A0300000200190029000900024F6F7A3FE8020FB
:10A04000F7F742F85520F7F73FF85520F7F73CF8B7
:10A050000090F6F78DFE9620F6F703FFF6F792FED6
:10A060008020F7F731F85520F7F72EF85520F7F74D
:10A070002BF80090F6F77CFE9620F6F7F2FEF6F746
:10A0800081FEB6217E20F7F749F8F6F771FE5020E1
:10A09000F6F7E1FEF6F776FE8020F7F715F8552083
:10A0A000F7F712F85520F7F70FF80090F6F760FE73
:10A0B0009620F6F7D6FEF6F765FE8020F7F704F84F
:10A0C0005520F7F701F85520F6F7FEFF0090F6F758
:10A0D0004FFE9620F6F7C5FE9DF800001E2802D020
:10A0E000FF2006B010BD00243AE0F6F74BFE04EB6B
:10A0F00044028C4B1A44517804EB4402985CF7F705
:10A100000DF8F6F735FE9620F6F7ABFEF6F73AFEB9
:10A1100004EB4401834A515C41F08000F6F7D4FF20
:10A120005520F6F7D1FF5520F6F7CEFF0090F6F751
:10A130001FFE9620F6F795FE04EB4400794908448B
:10A1400040789DF80010884205D004EB4400754922
:10A1500008448078C5E75020F6F77DFE601CC4B245
:10A16000042CC2DB00246FE0F6F70CFE221D02EB8C
:10A1700042026C4B1A445178221D02EB4202985C59
:10A18000F6F7CCFFF6F7F4FD9620F6F76AFEF6F741
:10A19000F9FD211D01EB4101624A515C41F0800053
:10A1A000F6F792FF5520F6F78FFF5520F6F78CFF54
:10A1B0000090F6F7DDFD9620F6F753FE201D00EB2C
:10A1C00040005849084440789DF80010884206D065
:10A1D000201D00EB400053490844807881E750205F
:10A1E000F6F739FEF6F7CEFD9220F6F76DFF062260
:10A1F00001A91220F6F748FFF6F7BAFD9DF8050011
:10A20000000200B29DF80410084304EB440103AAC5
:10A2100022F811009DF80700000200B29DF8061018
:10A22000084304EB440102EB410148809DF809001A
:10A23000000200B29DF80810084304EB440102EB51
:10A2400041018880601CC4B2022C8DDBF6F79AFDB8
:10A2500000216D20F6F762FFF6F78AFD9620F6F7EB
:10A2600000FEF6F78FFDED20F6F72EFF5520F6F7EE
:10A270002BFF5520F6F728FF0090F6F779FD962082
:10A28000F6F7EFFD9DF8000008B1042029E7F6F786
:10A2900079FDB6217E20F6F741FFF6F769FD5020E3
:10A2A000F6F7D9FDBDF90C00BDF91210401A40F2C5
:10A2B0005551884210DBBDF90E10BDF91400081A83
:10A2C00040F25551884207DBBDF91010BDF9160068
:10A2D000081AB0F52A7F01DA802002E7F6F752FD6E
:10A2E0008020F6F7F1FE5520F6F7EEFE5520F6F742
:10A2F000EBFE0090F6F73CFD9620F6F7B2FDF6F780
:10A3000041FD8020F6F7E0FE5520F6F7DDFE5520F2
:10A31000F6F7DAFE0090F6F72BFD9620F6F7A1FD92
:10A320000020DEE668F9000838B50024002000901F
:10A33000F6F73EFD69460020F6F7B9FEF6F72EFD6A
:10A340009620F6F78EFDF6F733FD69460020F6F706
:10A35000AEFEF6F723FD9620F6F783FDF6F728FD0F
:10A36000B6211420F6F7DAFEF6F718FD5020F6F7BE
:10A3700072FDF6F71DFD69460020F6F798FEF6F728
:10A380000DFD9620F6F76DFDF6F712FD69460020EB
:10A39000F6F78DFEF6F702FD9620F6F762FD9DF8C2
:10A3A00000000F2801D0FF2038BD00242FE0F6F771
:10A3B000FFFC04EB4402184B1A44517804EB4402AE
:10A3C000985CF6F7ABFEF6F7E9FC9620F6F749FD48
:10A3D000F6F7EEFC04EB44010F4A505C6946F6F7D1
:10A3E00066FEF6F7DBFC9620F6F73BFD04EB440037
:10A3F0000949084440789DF80010884205D004EBD4
:10A400004400054908448078CEE7601CC4B2062C9D
:10A41000CDDB0020C8E700003202002038B5002064
:10A4200000900024F6F7C4FC69460020F6F73FFED2
:10A43000F6F7B4FC9620F6F714FDF6F7B9FC69467A
:10A440000020F6F734FEF6F7A9FC9620F6F709FD92
:10A45000F6F7AEFCB6211420F6F760FEF6F79EFC88
:10A460005020F6F7F8FCF6F7A3FC69460020F6F753
:10A470001EFEF6F793FC9620F6F7F3FCF6F798FC31
:10A4800069460020F6F713FEF6F788FC9620F6F7EB
:10A49000E8FCF6F78DFC01213C20F6F73FFEF6F7CD
:10A4A0007DFC5020F6F7D7FC00BFF6F781FC69462B
:10A4B0003C20F6F7FCFDF6F771FC9620F6F7D1FC90
:10A4C000601CC4B29DF8000000F0020008B90A2C1C
:10A4D000EBDB0A2C01D1402038BD9DF8000000F0D4
:10A4E000040008B14020F7E70020F5E7002002490A
:10A4F0000968C86370470000180B0020034A1268FF
:10A500009062024A1268D16370470000180B002065
:10A5100010B504461A48007840B91A48007828B99E
:10A520001748047064201749087028E01448007820
:10A5300038B914480078401E12490870FFF7D6FF5A
:10A540001DE011480078401C0F490870084600784B
:10A55000322802DAFFF7CAFF11E00B4800786428BE
:10A5600005DA47F230510120FFF7C8FF07E000206D
:10A570000549087002480078401E0149087010BD66
:10A58000130200201402002015020020F8B5002458
:10A59000002500BF69E004EB840303EBC403344EE1
:10A5A00033441B7903F07F0204EB840303EBC40301
:10A5B0003344D3F805102F4BE81801F054FB04EB9B
:10A5C000840000EBC40031460844007900F07F00AD
:10A5D00005EB800085B2274968180122694601F021
:10A5E00042FB9DF8000004EB840101EBC4013246FC
:10A5F00050549DF8010004EB840101EBC4011144A7
:10A6000048709DF8020004EB840101EBC401114481
:10A6100088709DF8030004EB840101EBC401114430
:10A62000C870281D85B204EB840000EBC4001146FD
:10A630000844C078552816D004EB840000EBC40011
:10A640000844D0F8090070B104EB840000EBC400AA
:10A650000844007920F08000803004EB840101EB95
:10A66000C40111440871601CC4B2052C93DBF8BD11
:10A67000EC6F002000000A0870B50024002500BF20
:10A680002DE004EB840303EBC4031B4E33441B791E
:10A690005B06DA0D04EB840303EBC4033344D3F805
:10A6A0000510164B5819F5F76BFF04EB840000EB0F
:10A6B000C40031460844007900F07F0005EB8000BB
:10A6C00085B20E48284404EB840101EBC4013246F4
:10A6D000114409680160281D85B2601CC4B2052CB4
:10A6E000CFDB0121064801F0A7FA1E2203490448E6
:10A6F00001F0C4FA70BD0000EC6F0020746F002000
:10A7000000000A08024601207047000070B50646A6
:10A710000C46354634B9294605F10C00FAF7EAFC37
:10A72000002070BD012C1ED1104A294605F10C00F5
:10A73000FAF7A2FC0D48008844F62061884209DD42
:10A7400000200A490880FFF7D1FE2420FBF74EFDC8
:10A750000120E6E7FBF772FD42F210715F20FFF780
:10A76000CDFE0020DDE70020DBE700001201002025
:10A7700002460B4611460BB90120704700200870B5
:10A780002820C87091F903002D2801DD2D20C87004
:10A7900043F23900A1F80100B3EE060A10EE100AE8
:10A7A00048600120E9E7000010B5002400BF26E062
:10A7B0002748015D04EB840000EBC400254A1044E7
:10A7C000007961F3060004EB840101EBC40111443C
:10A7D0000871214850F8240004EB840101EBC40106
:10A7E0001144C1F805001D4850F8240004EB840111
:10A7F00001EBC4011144C1F80900601CC4B2052C6E
:10A80000D6DBFFF7C3FE00241FE004EB840000EB5F
:10A81000C40010490844C078552814D104EB8400C2
:10A8200000EBC4000844D0F8090060B10A4951F8AF
:10A83000240004EB840101EBC401064B1944D1F858
:10A84000092000219047601CC4B2052CDDDB10BD3F
:10A85000E4000020EC6F0020D0000020EC0000207D
:10A8600001F0EAFB4A49086091E0FBF70BFB00208E
:10A87000484908707EE04748007800EB800101EB12
:10A88000C000454908440079C00900286DD04148FE
:10A89000007800EB800101EBC0003F490844D0F88C
:10A8A0000900002861D03D493A4B1B7851F823003C
:10A8B0003849097801EB810303EBC101364B194498
:10A8C000D1F8092001219047F0B33248007800EB1D
:10A8D00040003349085C2F49097801EB810202EB03
:10A8E000C1012D4A50542B48007800EB40002C4900
:10A8F000084440782749097801EB810202EBC10145
:10A90000254A114448702348007800EB4000244950
:10A91000084480781F49097801EB810202EBC101EC
:10A920001D4A1144887055201A49097801EB8102AB
:10A9300002EBC101184A1144C8701648007800EBB8
:10A94000800101EBC00000E00FE0114608440079EF
:10A9500020F080000F49097801EB810202EBC10170
:10A960000D4A11440871FFF787FE0A480078401C21
:10A9700008490870074800780528FFF67CAF0120D9
:10A9800001F0FFFE002002F01BFF064908606CE7A3
:10A99000C400002004010020EC6F0020D000002043
:10A9A000CCF80008C000002000B58BB00120099051
:10A9B0000020079001200890002001900290039051
:10A9C00004900690059001A90C48F7F7E3FA0B48AC
:10A9D000F7F735FF02210948F7F71CFA0E200A9015
:10A9E000069001A90648F7F7D5FA0548F7F727FFBB
:10A9F00002210348F7F70EFA0BB000BD5402002005
:10AA00007C0200202DE9F04107460C4615461E4603
:10AA100017B10CB105B10EB9BDE8F081204800783E
:10AA200030B933462A462146384600F0E7FD35E086
:10AA30001B480078012806D133462A46214638466D
:10AA400000F072FB2AE016480078022806D133464F
:10AA50002A462146384600F025FA1FE010480078C3
:10AA6000032806D133462A462146384600F042F9EB
:10AA700014E00B480078042806D133462A462146C4
:10AA8000384600F02FFB09E005480078052805D17D
:10AA900033462A462146384600F05CFB00BFBBE740
:10AAA0002801002000B970470168897A032903D181
:10AAB00004211E4A11700EE00168897A022903D12F
:10AAC00001211A4A117006E00168897A012902D130
:10AAD0000321164A11701549097811B90321017231
:10AAE00021E012490978012902D1022101721AE0FC
:10AAF0000E490978022902D10021017213E00B49A5
:10AB00000978032902D1012101720CE00749097873
:10AB1000042902D10221017205E0044909780529BE
:10AB200001D10321017200BFBDE700002801002010
:10AB300030B52DED088B85B005469FED6D0AB0EE62
:10AB4000408A9FED6B0AB0EE409A9FED690AF0EEE5
:10AB5000408A002001900290039004900024D5EDDB
:10AB60007E1AB0EE611AD5ED7D1AF0EE610AD5EDD0
:10AB70007C1AB0EE610A01A800F016FD287A0328BD
:10AB80001AD100BF12E001A800EB840090ED000A8A
:10AB9000BDEEC00A10EE100A01B204EB840205F10A
:10ABA0000C0000EB82000182601CC4B2042CEADBC2
:10ABB00005B0BDEC088B30BD002434E001A800EBEB
:10ABC000840090ED000A04EB840105F10C0000EB19
:10ABD000810080ED030A04EB840205F10C0000EB18
:10ABE000820090ED030A10EE101A084604F014FCDF
:10ABF00041EC1B0BB0EE4B0AF0EE6B0AFEF7A6FE23
:10AC0000B0EE40AAF0EE60AA51EC1A0B04F022F864
:10AC100008EE900AB4EEE88AF1EE10FA01D2B0EE36
:10AC2000688A601CC4B2042CC8DBB1EE000AB4EE22
:10AC3000C08AF1EE10FA1DDDB1EE000AC0EE080A7E
:10AC4000B0EE609A002413E004EB840105F10C00DF
:10AC500000EB810090ED030A20EE090A04EB840169
:10AC600005F10C0000EB810080ED030A601CC4B20A
:10AC7000042CE9DB00241DE004EB840205F10C0147
:10AC800001EB820191ED031AF0EE410A04EB84021C
:10AC900005F10C0101EB820191ED021AB0EE410ABF
:10ACA00004EBC40205F15C0101EBC200FAF774FF8A
:10ACB000601CC4B2042CDFDB002415E004EBC401EB
:10ACC00005F15C0000EBC10090ED080ABDEEC00A82
:10ACD00010EE100A01B204EB840205F10C0000EB47
:10ACE00082000182601CC4B2042CE7DB00BF5FE776
:10ACF000000000002DE9F04106460F4615461C46AF
:10AD000016B10FB105B10CB9BDE8F0812246394644
:10AD1000304600F04DFAD4ED810A2068B0F9040005
:10AD200001EE100AB8EEC11ADFED071A41EEC10AB2
:10AD3000B0EE600A9FED051ADFED050A01F0BEFCDA
:10AD400085ED000A00BFDFE7BD370636DB0F49405F
:10AD5000DB0F49C070B5044604B970BD002500BFC3
:10AD60002DE005EB850104F10C0050F82100B0F94D
:10AD7000020000EE100AB8EEC00ADFED450A20EE30
:10AD8000200A05EB850104F10C0000EB810080ED49
:10AD9000020A05EBC50104F15C0000EBC10090ED77
:10ADA0000C0ADFED3C0A20EE200A05EB850104F1D8
:10ADB0000C0000EB810080ED010A681CC5B2042D77
:10ADC000CFDB94ED050AB1EE400AD4ED0A0A30EE6D
:10ADD000200AD4ED0F0A30EE200AD4ED140A30EE2A
:10ADE000600AF5EE000A20EE200A84ED790A94ED5F
:10ADF000050AB1EE400AD4ED0A0A30EE600AD4ED3D
:10AE00000F0A30EE200AD4ED140A30EE200AF5EED7
:10AE1000000A20EE200A84ED7A0A94ED050AB1EECC
:10AE2000400AD4ED0A0A30EE600AD4ED0F0A30EE83
:10AE3000600AD4ED140A30EE600AF5EE000A20EE46
:10AE4000200ADFED150A80EE201A84ED7B1A606877
:10AE5000D0ED000AB0EE600A9FED101ADFED100A87
:10AE600001F02CFC84ED860A6068D0ED010AB0EE9A
:10AE7000600A9FED0A1ADFED0A0A01F01FFC84ED5B
:10AE8000870A606890ED020A84ED880A00BF64E7D3
:10AE90000A01DA390000FA43CDCC4C3EDB0F4940C1
:10AEA000DB0F49C02DE9F04107460E4615461C460A
:10AEB00017B10EB105B10CB9BDE8F081224631469B
:10AEC000384600F075F92068007D00F0200058B188
:10AED0003248007858B90120304908709FED300A97
:10AEE000304880ED000A02E000202C4908702068FC
:10AEF000007D00F0010070B92068007D00F00200C4
:10AF000048B92068007D00F0040020B92068007D69
:10AF100000F0080028B19FED240A244880ED000AC3
:10AF200004E09FED230A214880ED000A1B480078C9
:10AF3000B0B11C4890ED000AF5F752FA1B48D0ED6D
:10AF4000000A20EE200A1B4880ED000A154890ED0B
:10AF5000000ADFED190A30EE200A80ED000A04E055
:10AF60009FED0F0A134880ED000A0E4890ED000A8D
:10AF7000DFED120AB4EEE00AF1EE10FA07DD90ED13
:10AF8000000ADFED0E0A30EE600A80ED000A094883
:10AF900090ED000A85ED000A00BF8DE73801002022
:10AFA000000000002C0100207CD9A03E34010020CC
:10AFB0003333333F300100207C594444DB0FC94018
:10AFC00070B5044604B970BD0320207201F034F856
:10AFD000206000F02FFF6060002517E0284600F099
:10AFE000A1FF05EB850204F10C0141F8220005EBFD
:10AFF000C502503101EBC200DFED1C0A9FED1C0AB7
:10B000001C4A0021FAF7C0FE681CC5B2042DE5DB1E
:10B01000DFED190AB1EE080A184A002104F5BE70E6
:10B02000FAF7B2FE16499FED170A04F5E27000F038
:10B03000F1FD15499FED130A04F5EA7000F0EAFDF1
:10B04000B0EE000A84ED820AB8EE000A84ED830AAD
:10B05000B7EE080A84ED840ABFEE080A84ED850A7B
:10B060002046FFF777FE00BFADE700000000FA447E
:10B0700000007A46DCF80008CDCC4C3EE8F8000829
:10B08000F4F800086F12033BF8F8000800B97047A5
:10B09000417A027A914200D1F9E7417A31B1017ADD
:10B0A00021B99FED0F0A80ED800A14E0417A012951
:10B0B00007D0017A012904D190ED860A80ED810A3A
:10B0C00009E0417A022906D0017A022903D190EDE4
:10B0D000860A80ED810A017A417200BFD7E700003D
:10B0E000000000002DE9F04106460F4615461C46BB
:10B0F00016B10FB105B10CB9BDE8F0812246394651
:10B10000304600F055F82068B0F9040000EE100A4F
:10B11000B8EEC00ADFED030A20EE200A85ED000A32
:10B1200000BFE9E70AD723BC10B109B102B103B9E6
:10B1300070479FED070A80ED000A9FED050A81ED3B
:10B14000000A9FED030A82ED000A00BFF0E700004D
:10B150000000000010B510B109B102B103B910BD73
:10B160001C68B4F9024004EB8404640000EE104A49
:10B17000B8EEC00A80ED000A1C68B4F900406442D1
:10B1800004EB8404640000EE104AB8EEC00A81EDBE
:10B19000000A1C68B4F90440644204EB84046400AF
:10B1A00000EE104AB8EEC00A82ED000A00BFD6E7F2
:10B1B0002DE9F0412DED028B0746884614461CB15F
:10B1C00017B1B8F1000F03D1BDEC028BBDE8F081DF
:10B1D0002068B0F902000A2805DC2068B0F90200F6
:10B1E00010F10A0F03DA2068B0F9025000E00025E0
:10B1F0002068B0F900000A2805DC2068B0F90000DA
:10B2000010F10A0F03DA2068B0F9006000E00026B0
:10B2100000EE105AB8EEC00ADFED350A20EE208AA3
:10B2200000EE106AB8EEC00ADFED320A60EE208A46
:10B230002068007D00F0010020B194ED820AB0EE9C
:10B24000408A08E02068007D00F0020018B194ED0B
:10B25000830AB0EE408A2068007D00F0040020B12F
:10B2600094ED840AF0EE408A08E02068007D00F04A
:10B27000080018B194ED850AF0EE408AB0EE480A55
:10B2800004F5E27000F09CFCB0EE680A04F5EA7088
:10B2900000F096FC9FED180AB4EEC08AF1EE10FAA9
:10B2A0000AD29FED160AB4EEC08AF1EE10FA03DD61
:10B2B0009FED130A84ED720A9FED120AF4EEC08A24
:10B2C000F1EE10FA0AD29FED100AF4EEC08AF1EE08
:10B2D00010FA03DD9FED0A0A84ED760A94ED720AF6
:10B2E00087ED000A94ED760A88ED000A00BF6BE74F
:10B2F000A69BC43B0AD7A3BB90C2753D90C275BD47
:10B3000000000000CCCC4C3DCCCC4CBD10B52DED9C
:10B31000028B84B004461CB904B0BDEC028B10BD96
:10B320009FED660A8DED030A9FED640A8DED020A1A
:10B330009FED620A8DED010A234601AA02A903A826
:10B34000FFF760FB207A90BB9DED030A84ED7C0A39
:10B350009DED020A84ED7D0A9FED591ADFED590A31
:10B360009DED010A01F0AAF984ED800AD4ED821A5C
:10B37000B0EE611AD4ED831AF0EE610AD4ED7C1AB6
:10B38000B0EE610A00F0C6FC84ED7C0AD4ED841AAC
:10B39000B0EE611AD4ED851AF0EE610AD4ED7D1A93
:10B3A000B0EE610A00F0B6FC84ED7D0A83E0FFE7B1
:10B3B000207A012844D19FED410AB0EE408A9FEDEA
:10B3C000401ADFED400A9DED010A01F077F984EDA6
:10B3D000810AD4ED810A94ED861A70EEC10AB0EEAE
:10B3E000600A9FED371ADFED370A01F067F9B0EE1A
:10B3F000408AF0EE480A9FED310A04F5BE70FAF774
:10B40000CBFB84ED7E0A94ED820AB0EE401A94EDF7
:10B41000830AF0EE400A9DED030A00F07BFC84ED08
:10B420007C0A94ED840AB0EE401A94ED850AF0EEA1
:10B43000400A9DED020A00F06DFC84ED7D0A3AE0C1
:10B44000207A022820D19DED010A84ED7E0A94ED38
:10B45000820AB0EE401A94ED830AF0EE400A9DEDA8
:10B46000030A00F057FC84ED7C0A94ED840AB0EEE8
:10B47000401A94ED850AF0EE400A9DED020A00F0B4
:10B4800049FC84ED7D0A16E0207A032813D19DED56
:10B49000030A84ED7C0A9DED020A84ED7D0A9DED90
:10B4A000010A84ED7E0A9FED050A84ED720A9FED84
:10B4B000030A84ED760A00BF2EE7000000000000BA
:10B4C000DB0F4940DB0F49C010B5044604B910BD7D
:10B4D0002046FFF7E7FA00BFF9E7000040F26510E9
:10B4E00002F0EEFA2E48FFF76BFD02E0022002F0B8
:10B4F000E7FA012002F0CCF80028F7D1022002F090
:10B50000C7F80028F2D1032002F0C2F80028EDD1DC
:10B51000042002F0BDF80028E8D102F0B9F80028B4
:10B52000E4D13CE01E48FFF7CFFF1D48FFF7AEFD1A
:10B530001B48FFF70FFC1A48FFF7E8FE1848FFF713
:10B54000F7FA012002F0A4F858B1022002F0A0F8A6
:10B5500038B1032002F09CF818B1042002F098F8EA
:10B56000A8B9002002F094F830B100231A46194619
:10B570001846F5F7EFFD0AE0094CB4F95830B4F974
:10B580004420B4F93010B4F91C00F5F7E3FD0220B3
:10B5900002F096FA002002F013F902490860C1E7B0
:10B5A000A87000203C010020F1EE401A71EEE01A74
:10B5B0009FED102A42EE011AC0ED001A70EE601ADB
:10B5C0009FED0C2A42EE011AC0ED011A70EE201A0E
:10B5D0009FED092A42EE011AC0ED021AF1EE401A5F
:10B5E00071EEA01A9FED042A42EE011AC0ED031A73
:10B5F00070470000EB5138BEAF4761BE10B109B1D2
:10B6000002B103B970479FED070A80ED000A9FED74
:10B61000050A81ED000A9FED030A82ED000A00BFD2
:10B62000F0E7000000000000074800680749B0FB91
:10B63000F1F007490870044800684FF47A71B0FBD4
:10B64000F1F00449086070472800002040420F00D4
:10B65000A0000020A400002070B5034600240021B3
:10B660000020002200254FF0E02675690D4E367847
:10B6700003FB06F44FF0E026B16910E04FF0E0263E
:10B68000B06988420BD0884202D20E1A324402E0DE
:10B690002E1A0E4432440146A24200D300E0EDE7E8
:10B6A00000BF70BDA000002010B5044604EBC4002C
:10B6B000454901EB8000006804EBC401424A02EBFB
:10B6C0008101486003F06CF804EBC4013E4A02EBD0
:10B6D0008101086004EBC400114601EB8000C07CCE
:10B6E000C0F38010B0B104EBC40001EB8000C07C5B
:10B6F00020F0400004EBC40102EB8101C87404EBAC
:10B70000C400114601EB8000006804EBC40102EBA9
:10B710008101C86004EBC4002B4901EB8000806903
:10B7200090B304EBC401284A02EB81018869804789
:10B7300058B304EBC400244901EB8000C07C20F026
:10B740002000203004EBC4011F4A02EB8101C874C1
:10B7500004EBC400114601EB8000C07C20F08000A7
:10B76000803004EBC40102EB8101C87404EBC40017
:10B77000114601EB8000006A28B304EBC40102EB20
:10B780008101086A80471EE00FE0FFE704EBC40078
:10B790000D4901EB8000C07C20F0800004EBC40167
:10B7A000094A02EB8101C8740DE004EBC4000649AC
:10B7B00001EB8000C07C20F0800004EBC401024A51
:10B7C00002EB8101C87410BDCC72002010B596B098
:10B7D00004465422554901A8F4F717FF00209FE0C2
:10B7E00000EB400101AA32F8112000EBC001504BE0
:10B7F00003EB8101098A62F30B0100EBC00203EB4A
:10B800008202118200EB400101AA02EB41014A8849
:10B8100000EBC00103EB8101B1F8111062F30F11CD
:10B8200000EBC00203EB8202A2F8111000EB400112
:10B8300001AA02EB4101097900EBC00203EB82028D
:10B84000D27C61F3440200EBC00103EB8101CA74B6
:10B85000002100EBC00203EB8202916100EBC00209
:10B8600003EB8202D16100EBC00203EB82021162A2
:10B8700000EBC0011A4602EB8101C97C21F00101F5
:10B88000491C00EBC00203EB8202D17400EBC00143
:10B890001A4602EB8101C97C21F02001203100EB26
:10B8A000C00203EB8202D17400EBC0011A4602EB26
:10B8B0008101C97C21F04001403100EBC00203EB63
:10B8C0008202D17400EBC0011A4602EB8101C97CEF
:10B8D00021F08001803100EBC00203EB8202D174C1
:10B8E0009FED140A10EE101A00EBC00203EB820267
:10B8F000516100EBC0011A4602EB81010C6000EBC4
:10B90000C00102EB81014C6000EBC00102EB810140
:10B910008C6000EBC00102EB8101CC60411CC8B21D
:10B920000E28FFF65DAF16B010BD0000FCF8000851
:10B93000CC7200200000000002F032FF9B4908603A
:10B9400008460068FFF742FF392002F0B9F82CE101
:10B9500002F026FF954908600E2095490870954829
:10B9600090F80B0220F04001924880F80B1290F8FA
:10B970000B0220F020018F4880F80B12002409E10F
:10B9800004EBC4008B4901EB8000C07C00F0010097
:10B9900000B9FEE004EBC400864901EB80000068BA
:10B9A00082490968081A04EBC401824A02EB81014A
:10B9B000098AC1F30B01884260D904EBC400114627
:10B9C00001EB8000C07CC0F3401008BB04EBC40056
:10B9D00001EB8000C07C20F04000403004EBC4014B
:10B9E00002EB8101C87404EBC400114601EB800036
:10B9F000C07C20F02000203004EBC40102EB810168
:10BA0000C8746A48006804EBC40102EB81018860D5
:10BA100004EBC400674901EB8000C07CC0F3430025
:10BA20006349097801EBC101624A02EB8101C97CDB
:10BA3000C1F34301884201DD5D490C705D4890F817
:10BA40000B0220F0400040305A4981F80B020846B2
:10BA500090F80B0220F02000203081F80B0204EB5C
:10BA6000C40001EB8000C069002806D004EBC401CB
:10BA7000504A02EB8101C869804789E004EBC400A9
:10BA80004C4901EB8000C06848490968081A04EB7A
:10BA9000C401484A02EB8101B1F81110B0EB111F4B
:10BAA0001BD204EBC400114601EB8000C07C20F0E7
:10BAB000400004EBC40102EB8101C87404EBC40034
:10BAC000114601EB8000C07C20F02000203004EB08
:10BAD000C40102EB8101C8745AE004EBC40035498B
:10BAE00001EB8000C07C20F0400004EBC401314A2F
:10BAF00002EB8101C87404EBC400114601EB800025
:10BB0000C07CC00968B104EBC40001EB8000C07CBC
:10BB100020F02000203004EBC40102EB8101C87446
:10BB20000DE004EBC400234901EB8000C07C20F051
:10BB3000200004EBC4011F4A02EB8101C87404EB2E
:10BB4000C4001C4901EB8000006804EBC401194AE1
:10BB500002EB8101496888421AD904EBC4001146FE
:10BB600001EB8000006804EBC40102EB810149682D
:10BB7000401A00EE100AF8EE400A9FED0F1A81EE0F
:10BB8000200A10EE100A04EBC40102EB81014861A7
:10BB900000BF641C0E2CFFF6F3AE0A2001F090FFEC
:10BBA000002001F00DFE05490860D1E644010020A7
:10BBB00048010020CC72002000007A44400100209F
:10BBC00010EE101A0160816800EE901AC16801EE53
:10BBD000101A70EE811A816800EE901A80EEA11A98
:10BBE000416800EE901A61EE200A816801EE101A99
:10BBF000C16801EE901A31EE212A01EE101AC1EE51
:10BC0000021A016801EE101A41EE810A10EE901A34
:10BC10004160704710EE102AC2600A688260DFED52
:10BC2000050A10EE902A0260DFED020A10EE902A5B
:10BC3000426070470000000030B587B005460C46F2
:10BC4000284600F07DF80490002002900220069023
:10BC50000594F6F74DFF01A902A8F6F79DFEF6F749
:10BC6000F1FE07B030BD70B504460D461646B20071
:10BC700021462846F4F784FC70BD00002DE9F04110
:10BC800004460D461646F6F733FF1E48046020466C
:10BC900000F05EF91C4908601C48056000201C4942
:10BCA000086024E01948006807683A4600231548F0
:10BCB00001680220F6F7D0FE98B912480068001D0E
:10BCC0001049086011480068001D104908601048BC
:10BCD0000068401C0E49086008460068B04206D162
:10BCE0000BE0F6F7AFFE4FF0FF30BDE8F0810548FE
:10BCF0000068054909688842D4D900BFF6F7A2FE5A
:10BD00000020F2E7A8000020AC000020B0000020D6
:10BD1000B4000020F0EE401AF4EEE01AF1EE10FA52
:10BD200002D2B0EE600A7047F4EEC11AF1EE10FADA
:10BD300002DDB0EE410AF6E7B0EE610AF3E700007B
:10BD400001460020304A914203D2B1F1006F00D386
:10BD500058E02E4A914204D22B4A914201D301204D
:10BD600050E02B4A914204D2284A914201D302204A
:10BD700048E0284A914204D2254A914201D3032047
:10BD800040E0254A914204D2224A914201D3042044
:10BD900038E0224A914204D21F4A914201D3052041
:10BDA00030E01F4A914204D21C4A914201D306203E
:10BDB00028E01C4A914204D2194A914201D307203B
:10BDC00020E0194A914204D2164A914201D3082038
:10BDD00018E0164A914204D2134A914201D3092035
:10BDE00010E0134A914204D2104A914201D30A2032
:10BDF00008E0B1F1016F04D20D4A914201D30B204A
:10BE000000E00B20704700000040000800800008A0
:10BE100000C000080000010800000208000004083B
:10BE2000000006080000080800000A0800000C08CE
:10BE300000000E0800487047107600202DE9F04100
:10BE400004460D4616461F4614B10DB106B10FB992
:10BE5000BDE8F081D4ED010A94ED031A60EE810A89
:10BE600094ED001AD4ED021A41EE610AB8EE001A00
:10BE700060EE810AB0EE600AF4F72DFD86ED000A4F
:10BE800094ED001A21EE011AD4ED011A94ED012A65
:10BE900001EE821AF7EE001AB0EE002A52EE011AF5
:10BEA000F0EE610A94ED001AD4ED031A21EE211A86
:10BEB000D4ED011A94ED022A01EE821AF0EE001A76
:10BEC00021EE211AB0EE410AF4F711FD85ED000ACA
:10BED00094ED001A21EE011AD4ED031A94ED032A11
:10BEE00001EE821AF7EE001AB0EE002A52EE011AA5
:10BEF000F0EE610A94ED001AD4ED011A21EE211A38
:10BF0000D4ED021A94ED032A01EE821AF0EE001A23
:10BF100021EE211AB0EE410AF4F7E9FC87ED000AA0
:10BF200000BF95E7014601F0030000EB8000024AE4
:10BF300002EB40007047000030700020014890F98B
:10BF400003007047C800002000487047CC720020F2
:10BF5000014600202D4A914204D2B1F1006F01D375
:10BF6000104651E02A4A914204D2284A914201D314
:10BF7000274849E0274A914204D2254A914201D3F9
:10BF8000244841E0244A914204D2224A914201D3FA
:10BF9000214839E0214A914204D21F4A914201D3FB
:10BFA0001E4831E01E4A914204D21C4A914201D3FC
:10BFB0001B4829E01B4A914204D2194A914201D3FD
:10BFC000184821E0184A914204D2164A914201D3FE
:10BFD000154819E0154A914204D2134A914201D3FF
:10BFE000124811E0124A914204D2104A914201D300
:10BFF0000F4809E00F4A914204D20D4A914201D301
:10C000000C4801E04FF0016070470000004000085C
:10C010000080000800C000080000010800000208BD
:10C0200000000408000006080000080800000A08D4
:10C0300000000C0800000E08004870471C76002025
:10C0400008B101B102B9704790ED000AD1ED000AC4
:10C050009FED0F1A01EE600A80ED000A90ED010AD3
:10C06000D1ED010A9FED0A1A01EE600A80ED010A86
:10C0700090ED020AD1ED020A9FED051A01EE600A69
:10C0800080ED020A13885B1C138000BFDBE7000011
:10C0900052499D39F0B50546059C00207FE093ED9F
:10C0A000050A00EB4006404F07EB8606D6ED000A76
:10C0B00020EE200AD3ED060A00EB400607EB8606C9
:10C0C00096ED011A00EE810AD3ED070A00EB400657
:10C0D00007EB860696ED021A00EE810A334E06EB58
:10C0E0008006D6ED000A30EE200A05EB800686EDCC
:10C0F000000A93ED010A00EB40062D4F07EB860680
:10C10000D6ED000A20EE200AD3ED020A00EB40062D
:10C1100007EB860696ED011A00EE810AD3ED030ABD
:10C1200000EB400607EB860696ED021A00EE810A48
:10C13000204E06EB8006D6ED000A30EE200A01EB19
:10C14000800686ED000A94ED010A00EB40061A4FC6
:10C1500007EB8606D6ED000A20EE200AD4ED020A8F
:10C1600000EB400607EB860696ED011A00EE810A09
:10C17000D4ED030A00EB400607EB860696ED021AA3
:10C1800000EE810A0D4E06EB8006D6ED000A30EE79
:10C19000200A02EB800686ED000A461CF0B2032856
:10C1A000FFF67DAFF0BD000078010020187500207B
:10C1B0009C01002030750020C0010020587500202F
:10C1C00010B54D48007800F0010068B34B48806C12
:10C1D0000068006800F0010030BB4848C06C00688F
:10C1E000006800F00100F8B94548007800F002004E
:10C1F000D0B94448007800F00200A8B93E48007861
:10C2000020F001003C4908700846007840F0020028
:10C210000870002201213C48F6F7EEFD08223B4958
:10C220003B48FAF737F810BD3548007800F00100B8
:10C2300068B33248806C0068006800F0010030BBD1
:10C240002E48C06C0068006800F00100F8B92A4868
:10C25000007800F00200D0B92A48007800F002000F
:10C26000A8B92748007820F0010025490870084641
:10C27000007840F002000870002210212548F6F7EF
:10C28000BBFD092224492548FAF704F8CBE71D48ED
:10C29000007800F0010068B31848806C00680068FE
:10C2A00000F0010030BB1548C06C0068006800F069
:10C2B0000100F8B91048007800F00200D0B9104829
:10C2C000007800F00200A8B90E48007820F00100C4
:10C2D0000C4908700846007840F0020008700022FF
:10C2E00010210C48F6F788FD04220D490D48F9F796
:10C2F000D1FF98E700BF96E771010020C009002038
:10C30000720100207301002000040240500100204F
:10C310005801002000000240E87400206001002065
:10C32000690100206D0100200149096848637047D8
:10C33000D80B002010B52DED028BB0EE408A2648B8
:10C34000007830B3FFF7FAFD00EE100AB8EEC00A2D
:10C35000F0EE408AF0EE680AB0EE480A1F48F9F79E
:10C360001BFC1E4890ED080AB5EEC00AF1EE10FA6B
:10C3700003D29FED1B0A80ED080A184890ED080AC9
:10C38000BCEEC00A10EE100A84B22046FFF7CCFFC4
:10C390001FE0FFF7D3FD00EE100AB8EEC00AB4EEBE
:10C3A000C80AF1EE10FA10D20E480078401C0D4970
:10C3B000087008460078C82807DD01200649087083
:10C3C0009FED090A054880ED0A0A41F28730FFF720
:10C3D000ABFFBDEC028B10BDE401002070750020A6
:10C3E00000000000E501002000401C4570470000EF
:10C3F0001FB504466420012103AA0B46CDE90021A4
:10C40000029022461C210348F6F7DEFD9DF80C0041
:10C4100004B010BD4C09002013B584B0044664205C
:10C42000012105AA0B46CDE90021029022461C21DC
:10C430000248F6F743FF06B010BD00004C0900208B
:10C4400010B5012240210248F6F7D6FC10BD0000CD
:10C450000018024010B5002240210248F6F7CCFC3B
:10C4600010BD000000180240704710B50446204679
:10C4700000F087F910BD000070B500250024FFF71B
:10C48000B5FFFFF7F1FFFFF7E5FF3220FFF7EDFF04
:10C49000FFF7D6FF3220FFF7E8FF0020FFF7A8FFE5
:10C4A0000546102D01D0402070BD0120FFF7DDFFB3
:10C4B000002424E004EB4402134B1A44517804EBAB
:10C4C0004402985CFFF7A8FF0120FFF7CEFF04EBC2
:10C4D00044010D4A505CFFF78BFF05460120FFF732
:10C4E000C4FF04EB4400084908444078A84204D043
:10C4F00004EB440008448078D6E7601CC4B2042CE6
:10C50000D8DB0020D0E700007AF900082DED088B79
:10C51000CEE00024C9E0674850F82400000E00EE89
:10C52000100AB8EE400AB0EE40AA624850F8240063
:10C53000C0F3074000EE100AB8EE400AF0EE40AA41
:10C540005C4830F82400C0F3072000EE100AB8EE73
:10C55000400AB0EE40BA574810F8240000EE100A26
:10C56000B8EE400AF0EE40BA5249601C51F8200083
:10C57000000E00EE100AF8EE400A084650F82400BB
:10C58000000E00EE100AB8EE400A30EEC00AB0EE1F
:10C59000408A601C51F82000C0F3074000EE100AEA
:10C5A000F8EE400A084650F82400C0F3074000EEB9
:10C5B000100AB8EE400A30EEC00AF0EE408A601C65
:10C5C00031F82000C0F3072000EE100AF8EE400A10
:10C5D000084630F82400C0F3072000EE100AB8EE39
:10C5E000400A30EEC00AB0EE409A601C11F82000FC
:10C5F00000EE100AF8EE400A084610F8240000EE9B
:10C60000100AB8EE400A30EEC00AF0EE409A9FEDF4
:10C610002A0AC8EE000AB0EE608A9FED270AC8EE2B
:10C62000800AF0EE608A9FED240AC9EE000AB0EE9F
:10C63000609A9FED210AC9EE800AF0EE609A00250B
:10C640002EE03AEE080AB0EE40AA3AEEA80AF0EE62
:10C6500040AA3BEE090AB0EE40BA3BEEA90AF0EE62
:10C6600040BABCEECA0A10EE100A0106BCEEEA0A95
:10C6700010EE100A41EA0041BCEECB0A10EE100A9F
:10C6800041EA0020BCEEEB0A10EE101A40EA010667
:10C690003046FDF799F9012000F073F8681C85B267
:10C6A000B5F57A7FCDDB601C84B2062CFFF633AF84
:10C6B0002FE70000EC01002000007A44B4EEE01AFD
:10C6C000F1EE10FA00D27047B4EEC10AF1EE10FAA2
:10C6D0000EDD31EE602AF0EE421A03E030EE612A00
:10C6E000B0EE420AB4EEC10AF1EE10FAF6DC13E045
:10C6F000B4EEE00AF1EE10FA0ED231EE602AF0EE5E
:10C70000421A03E030EE212AB0EE420AB4EEE00A0B
:10C71000F1EE10FAF6D300BF00BFD4E7F6F7F0FE53
:10C72000FCF7A6FAF8F766FFF8F7CEFEF8F788FEF2
:10C73000F8F7A8FEF9F776F8F9F720F9F9F770F9A4
:10C74000F9F708FAF9F7CEF9F9F734F8F9F750F8EC
:10C75000F9F7C2F8F9F78AF8FEF726F9FEF764FF51
:10C76000FEF722F800F0B8FEF8F7EAFE00F015F840
:10C7700000BFFEE701460020842901D0CA1C1044F6
:10C78000704770B5044625460DB1294600E00121E9
:10C79000084601F095F9002070BD10B501F084FA4B
:10C7A000002010BD10B501F0EBFF012801D001F011
:10C7B000D9FB10BD7FB504460D46606998B1A069EC
:10C7C00088B1B4F90800FFF7D5FF0646D4E9051093
:10C7D000CDE9006102902B462269D4E9001001F0F6
:10C7E00021FF039013E0B4F90800FFF7C3FF0646EA
:10C7F00003A8CDE90060238A9AB22B46D4E9001041
:10C8000001F0DEFE012802D0002004B070BD0398C4
:10C81000FBE70000014611B90948006800E008463E
:10C82000024652B900BF502080F31188BFF34F8FEA
:10C83000BFF36F8F00BF00BFFEE702F13400704707
:10C840002C0000202DE9F04105460E461F480768E0
:10C8500000201F49096881F852001D480068001D2A
:10C8600000F099FF50B91A48006890F82C10012088
:10C87000884018490968814316480160681C38B926
:10C8800036B113480168091D134800F0EFFF1AE0A4
:10C890007C190F4800684460BC4207D20C4801680C
:10C8A000091D0E48006800F0C7FF0CE00848016849
:10C8B000091D0B48006800F0BFFF0A480068844269
:10C8C00001D208480460BDE8F0810000400000206B
:10C8D0002C00002044000020F40D00203400002033
:10C8E000300000205C00002010B5044600F0CAFFB4
:10C8F00023480068401C224908602248006840B96B
:10C90000204804600846006801280DD100F0F6F9BF
:10C910000AE01D48006838B91A480068C06AE16A30
:10C92000884201D81748046018480068401C17491D
:10C93000086094F82C1001208840154909680843C4
:10C9400013490860E16A01EB8101124A02EB8100A0
:10C95000211D00F08BFF00F0BFFF0B48006868B19D
:10C9600008480068C06AE16A884207D24FF08050E8
:10C9700009490860BFF34F8FBFF36F8F10BD0000F0
:10C980003C0000202C00002048000020580000201F
:10C9900044000020180D002004ED00E008B500F070
:10C9A00071FF12480068E8B9114800F035FF1148DE
:10C9B00000F032FF0E48104908600E480F49086029
:10C9C00000200F4B0F4A102100900A2001F0E4FADA
:10C9D000064908600846006820B10BA103480068BA
:10C9E00001F032F800F078FF08BD00007000002070
:10C9F000080E00201C0E0020680000206C000020A3
:10CA0000300E0020780E0020546D7251000000009E
:10CA100010B516E000F036FF0C48C068C468201D51
:10CA200000F0B9FE0A480068401E0949086009483C
:10CA30000068401E0749086000F04EFF204600F0E5
:10CA40005EF8044800680028E4D110BDE00D002025
:10CA50003C0000203800002070B504460D46206CD4
:10CA600070B1216CE0680844E0606168E068884269
:10CA700001D32068E0602846226CE168F3F780FD6E
:10CA800070BD2DE9F04104460F4615464FF00008F1
:10CA9000A66B206C40B9206860BB606801F02AFF7B
:10CAA00080460020606025E07DB93946226CA06890
:10CAB000F3F766FD216CA0680844A060D4E901107A
:10CAC000884217D32068A06014E03946226CE068E1
:10CAD000F3F756FD216CE068401AE0602168E068D9
:10CAE000884203D2216C6068401AE060022D01D1B7
:10CAF00006B1761E701CA0634046BDE8F08110B5FB
:10CB0000044694F8510030B9206B00F003FF204632
:10CB100000F000FF1AE094F85100012803D12046EC
:10CB200000F0F8FE12E094F85100022801D1012033
:10CB300000E0002050B900BF502080F31188BFF3FF
:10CB40004F8FBFF36F8F00BF00BFFEE710BD000027
:10CB50000146084A126812680AB9012200E0002260
:10CB60000A600A6822B9034A1268D268106800E0B5
:10CB7000002070476800002030B54FF4C0431748CC
:10CB800000F007042CB1C01D20F00700134C041B5B
:10CB90001B1B0246124C22600024114D6C60D01801
:10CBA000083820F007000F4C206000240D4D2D6840
:10CBB0006C600C4D2D682C601146441A4C60094C79
:10CBC00024680C60084D4C682C60084D4C682C6043
:10CBD0004FF00044064D2C6030BD0000180F0020BF
:10CBE0007C000020840000208C00002088000020B1
:10CBF0009000002000BFFFF70BFF064800680128E7
:10CC0000F9D94FF0805004490860BFF34F8FBFF34C
:10CC10006F8FF0E7180D002004ED00E02DE9F041E2
:10CC200006460D4617469846069C0DB9246000E05E
:10CC30002760E66325640121204601F01DFABDE866
:10CC4000F0812DE9F05F82460F4690469B460A9E92
:10CC50000C9C4FEA8801A522206BF3F708FDA8F190
:10CC60000100216B01EB800929F0070909F0070099
:10CC700008B9012000E0002050B900BF502080F327
:10CC80001188BFF34F8FBFF36F8F00BF00BFFEE768
:10CC9000002507E0795D04F134004155785D00B965
:10CCA00002E06D1C102DF5D300BF0021432001557B
:10CCB000072E00D30626E66266640020A064201DCD
:10CCC00000F0B7FD04F1180000F0B3FD2461C6F1D7
:10CCD0000700A06164620020E06484F8500084F8DA
:10CCE00052005A465146484600F09EFB20600B9881
:10CCF00008B10B980460BDE8F09F000010B5002457
:10CD000007E004EB84010F4A02EB810000F084FD90
:10CD1000641C072CF5D30C4800F07EFD0B4800F096
:10CD20007BFD0B4800F078FD0A4800F075FD0A48CD
:10CD300000F072FD04480949086004480849086089
:10CD400010BD0000180D0020A40D0020B80D00201B
:10CD5000CC0D0020E00D0020F40D0020300000205C
:10CD60003400002010B50146164800E00068036852
:10CD70008B42FBD30246436813448B4204D1436881
:10CD80004C682344436001460A464B6813440468D8
:10CD9000A34211D10C4C03682468A34208D04B680D
:10CDA0000468646823444B6003681B680B6005E0FB
:10CDB000054B1B680B6001E003680B60884200D0E4
:10CDC000016010BD7C000020840000202DE9F041AE
:10CDD00004460D4616461F464FF000086560246164
:10CDE000B5420CD8F01BA169884202D34FF001086C
:10CDF00011E0211D0948006800F01EFD0BE0BE4255
:10CE000004D2BD4202D34FF0010804E0211D0448C2
:10CE1000006800F011FD4046BDE8F0816C00002084
:10CE20006800002070B5054600F02CFDA86B08B91D
:10CE3000012400E0002400F04FFD204670BD70B5D5
:10CE4000054600F01FFDA86BE96B884201D1012463
:10CE500000E0002400F040FD204670BDF8B5054616
:10CE60000F4616480068C068C468201D00F093FC97
:10CE7000E06901281DD1A06941192B463A46204698
:10CE8000FFF7A4FFA8B1002003462A460146009000
:10CE9000204601F09DFE064656B900BF502080F3A3
:10CEA0001188BFF34F8FBFF36F8F00BF00BFFEE746
:10CEB00000BF2046616A8847F8BD00006800002076
:10CEC000F0B587B082E00398002811DA04AE56B9B5
:10CED00000BF502080F31188BFF34F8FBFF36F8FD7
:10CEE00000BF00BFFEE7D6E90020B168904700BF51
:10CEF000039800286ADB059C606908B9012000E0FE
:10CF0000002010B9201D00F046FC02A800F0C0F877
:10CF1000054603980A2857D2DFE800F009050731D3
:10CF2000334F0608323400BF00BF00BF00BF049873
:10CF3000A269811803462A462046FFF747FFE8B159
:10CF40002046616A8847E069012817D100200090D7
:10CF50000498A169421800231946204601F038FEC2
:10CF6000074657B900BF502080F31188BFF34F8F99
:10CF7000BFF36F8F00BF00BFFEE700BF25E000BF1B
:10CF800023E000BF0498A061A06908B1012000E07F
:10CF9000002050B900BF502080F31188BFF34F8F9D
:10CFA000BFF36F8F00BF00BFFEE7A06941192B469A
:10CFB0002A462046FFF70AFF07E094F8280010B938
:10CFC000204600F0A7FC00E000BF00BF002203A93C
:10CFD0000448006801F0ECF900287FF474AF07B052
:10CFE000F0BD000070000020F8B505460C4600F0CA
:10CFF000B7FE684600F04CF80646009820BB44B9DE
:10D00000B54206D801F026FD31462846FFF726FF37
:10D010001CE03CB10E480068006808B9012000E03F
:10D0200000200446A91B22460A48006800F022FDA1
:10D0300001F010FD50B94FF0805007490860BFF370
:10D040004F8FBFF36F8F01E001F004FDF8BD0000CA
:10D050006C0000207000002004ED00E00A4909681F
:10D06000096809B9012100E0002121B14FF0FF3129
:10D07000064A116006E004490968C968C868034A9D
:10D080004168116070470000300000205C00002003
:10D0900070B5044601F084FB0546074800688542E8
:10D0A00004D200F05BF80120206001E00020206045
:10D0B00001480560284670BD780000202DE9F04148
:10D0C00002460D4600271068002843D01046D0F8CD
:10D0D00004C0DCF804C0C0F804C000F1080CD0F8AB
:10D0E0000480E04505D1D0F804C0DCF804C0C0F8E5
:10D0F00004C0D0F804C0DCF80C6000BF1046D0F8C3
:10D1000004C0DCF804C0C0F804C000F1080CD0F87A
:10D110000480E04505D1D0F804C0DCF804C0C0F8B4
:10D1200004C0D0F804C0DCF80C1000230AE001F1C0
:10D130003400C45CE85CA04200D005E00CB90F46A6
:10D1400002E05B1C102BF2D300BF07B101E0B1423B
:10D15000D4D100BF3846BDE8F08100002DE9F84386
:10D1600032E024480068C068056822480068C0684A
:10D17000C468201D00F00FFB2046616A8847E06903
:10D18000012821D1A0694619AE4207D96660246101
:10D19000211D1848006800F04FFB15E000200346F1
:10D1A0002A4601460090204601F012FD074657B975
:10D1B00000BF502080F31188BFF34F8FBFF36F8FF4
:10D1C00000BF00BFFEE700BF0A480068006808B95A
:10D1D000012000E000200028C3D00648D0F80080DD
:10D1E00005480068034908600348C0F80080BDE8AE
:10D1F000F8830000680000206C0000200246002137
:10D2000001E0521C491C1078A528FAD0890888B280
:10D21000704700000E480068401C08B9012000E07B
:10D22000002050B900BF502080F31188BFF34F8F0A
:10D23000BFF36F8F00BF00BFFEE700BF502080F339
:10D240001188BFF34F8FBFF36F8F00BF00BFFEE7A2
:10D250009400002008B500BF6846FFF779FC04463B
:10D2600020460099FFF7C0FEFFF72AFEF4E770B5ED
:10D27000044600F007FB94F9455010E0606A08B9D5
:10D28000012000E0002038B904F1240001F096FBF1
:10D2900018B100F04FFC00E003E0681E45B2002D1D
:10D2A000ECDC00BFFF2084F8450000F015FB00F027
:10D2B000E9FA94F9445010E0206908B9012000E02F
:10D2C000002048B904F1100001F078FB08B100F02B
:10D2D00031FC681E45B200E001E0002DECDC00BF2F
:10D2E000FF2084F8440000F0F7FA70BD2DE9F0410A
:10D2F00004464FF0000800F033FD4648006808B9C6
:10D30000FFF73AFC44480068204000286BD1D4B1B4
:10D31000083404F00700B0B104F00700C0F10800C1
:10D32000044404F0070008B9012000E0002050B9CF
:10D3300000BF502080F31188BFF34F8FBFF36F8F72
:10D3400000BF00BFFEE7002C4DD034480068844287
:10D3500049D8334E3046056801E02E462D6868688E
:10D36000A04202D228680028F7D12A4800688542E6
:10D3700039D0306800F10808286830606868001B00
:10D38000102819D92F1907F0070008B9012000E06B
:10D39000002050B900BF502080F31188BFF34F8F99
:10D3A000BFF36F8F00BF00BFFEE76868001B7860A7
:10D3B0006C603846FFF7D6FC184968680968081A97
:10D3C000164908600846006816490968884203D271
:10D3D00012480068134908600F49686809680843E3
:10D3E00068600020286001F035FB08F0070008B9EC
:10D3F000012000E0002050B900BF502080F31188C8
:10D40000BFF34F8FBFF36F8F00BF00BFFEE74046F3
:10D41000BDE8F081840000209000002088000020FA
:10D420007C0000208C000020001F4FF08073036000
:10D43000001F21F001030360001F054B0360143837
:10D440000260001F6FF00203036020387047000085
:10D4500015D2000810B52DED028B04469FED1D0A74
:10D46000B0EE408AD4ED000A60EEA00A94ED011AF5
:10D47000D4ED011A41EE210A94ED021AD4ED021AFC
:10D4800041EE210A94ED031AD4ED031A41EE210A6C
:10D49000B0EE600AF3F7B0FBB0EE408A94ED000AFC
:10D4A00020EE080A84ED000A94ED010A20EE080A35
:10D4B00084ED010A94ED020A20EE080A84ED020AC6
:10D4C00094ED030A20EE080A84ED030ABDEC028BFA
:10D4D00010BD00000000000010B524220249A1F197
:10D4E0002400F8F781FC10BD5676002000B101B988
:10D4F00070470278437842EA0322C2F30A020A80A4
:10D500004278D210837842EA4312C2F30A024A8078
:10D5100082789211C37842EA8302037942EA832235
:10D52000C2F30A028A8002795210437942EAC31296
:10D53000C2F30A02CA804279C2F301128A724279A6
:10D5400012119308CB728279C37942EA032212B294
:10D550008A81027A437A42EA032213B201F10C0271
:10D56000CB81827AC37A42EA032213B201F10C0220
:10D570000B82037B8B74437BCB74827BC37B42EA3D
:10D5800003228A82027C437C42EA032212B20A818D
:10D590000A88A2F5806212B20A804A88A2F58062E7
:10D5A00012B24A808A88A2F5806212B28A80CA8842
:10D5B000A2F5806212B2CA800A89A2F5806212B214
:10D5C0000A8100BF94E710B500EE100A2DED028B22
:10D5D000B1EEC08A18EE100A20F00040C0F1FF4002
:10D5E000C00F0AD010EE100A20F00040C0F1FF403A
:10D5F000C00F04BF0120F3F771F818EE100ABDEC5C
:10D60000028B10BDFEF7A0FC1D49086037E000202A
:10D610001C4908701C49087014E01B48007800EB96
:10D62000C0001749096801EB8000C07CC0F34010BE
:10D6300018B101201349087008E013480078401C15
:10D6400011490870104800780B28E6DB00BF0D4830
:10D65000007820B90D48007808B1FCF747FF094869
:10D66000007828B108490978491CC8B2FCF750FF76
:10D6700004480078054908700A20FFF782F8C6E7D9
:10D680000C020020100200201202002011020020D3
:10D69000014601EBC100034A02EB8000C07CC0F3ED
:10D6A00040107047CC72002070B506460D4600F061
:10D6B000E9F818480068C06C88B901201549096864
:10D6C00081F850005DB101212846FFF7BBF84FF00B
:10D6D000805011490860BFF34F8FBFF36F8F00F088
:10D6E000FBF800F0CFF80B480068C46C4CB126B1D1
:10D6F000002008490968C86403E0601E05490968FC
:10D70000C86400200349096881F8500000F0E4F87B
:10D71000204670BD2C00002004ED00E091ED000AD1
:10D72000B1EE400A80ED010A91ED010AB1EE400A26
:10D7300080ED020A91ED020AB1EE400A80ED030A83
:10D7400091ED000A80ED040A91ED020A80ED060ACF
:10D7500091ED010AB1EE400A80ED070A91ED010A50
:10D7600080ED080A91ED020AB1EE400A80ED090A47
:10D7700091ED000A80ED0B0A91ED020A80ED0C0A92
:10D7800091ED010A80ED0D0A91ED000AB1EE400A1B
:10D7900080ED0E0A704701460A69D1E901309860B0
:10D7A000D1E9010358605068884201D1886850600F
:10D7B000002008611068401E10601068704700006B
:10D7C0002DE9F041044614B90648006800E02046FF
:10D7D00007463D6B2846FFF711FD06463046BDE87B
:10D7E000F08100002C000020034B0360034B0B6012
:10D7F0008023136070470000A4020020F80200207C
:10D80000034B0360034B0B604FF48073136070474E
:10D81000F80400204C05002000F1080141604FF0A1
:10D82000FF31816000F10801C160016100210160E8
:10D83000704700210161704710B502460B685C1CFF
:10D840000CB9106907E002F1080000E04068446884
:10D8500024689C42FAD944684C604C68A160886096
:10D8600041600A611468641C146010BD42684A601B
:10D8700093688B60936859609160086103685B1CD2
:10D880000360704700BF502080F31188BFF34F8FB3
:10D89000BFF36F8F00BF0E480068401C0C49086042
:10D8A00008460068012812D10A480068C0B208B9C9
:10D8B000012000E0002050B900BF502080F3118803
:10D8C000BFF34F8FBFF36F8F00BF00BFFEE77047FE
:10D8D0009400002004ED00E00D48006850B900BF3E
:10D8E000502080F31188BFF34F8FBFF36F8F00BFBD
:10D8F00000BFFEE706480068401E0549086008466C
:10D90000006820B9002080F3118800BF00BF704775
:10D910009400002070B506463546002E3FD0083DE5
:10D920002C461F4960680968084008B1012000E0E2
:10D93000002050B900BF502080F31188BFF34F8FF3
:10D94000BFF36F8F00BF00BFFEE7206808B901205A
:10D9500000E0002050B900BF502080F31188BFF3D1
:10D960004F8FBFF36F8F00BF00BFFEE70C496068A9
:10D970000968084098B1206888B909496068096851
:10D980008843606000F0ECF9064960680968084463
:10D99000044908602046FFF7E5F901F05BF870BD27
:10D9A000900000208800002000204FF0E021086156
:10D9B0008861064800684FF47A71B0FBF1F0401EB0
:10D9C0004FF0E021486107200861704728000020DF
:10D9D00070B5F2F7A5FC0446102C16D304F1E02034
:10D9E00090F8F05315480078854201DB012000E0F3
:10D9F000002050B900BF502080F31188BFF34F8F33
:10DA0000BFF36F8F00BF00BFFEE70D48006800F452
:10DA1000E0600C490968884201D8012000E000203C
:10DA200050B900BF502080F31188BFF34F8FBFF370
:10DA30006F8F00BF00BFFEE770BD000098000020A0
:10DA40000CED00E09C000020024600200BE0084B9B
:10DA500053F8303033B9064B43F8301003EBC003B2
:10DA60005A6002E0401C0828F1D300BF7047000054
:10DA7000D80C00202DE9F04105460E4617462C46ED
:10DA8000FFF700FF94F94400401C10B9002084F80F
:10DA9000440094F94500401C10B9002084F845006A
:10DAA000FFF71AFFA06B28B93A46314604F124006B
:10DAB00000F0DAF82046FFF7DAFBBDE8F08100005D
:10DAC00070B504460025D4B11248006808B9012099
:10DAD00000E0002050B900BF502080F31188BFF350
:10DAE0004F8FBFF36F8F00BF00BFFEE700F038F924
:10DAF00000212046FEF7A6FE00F0ACFF05463DB92A
:10DB00004FF0805004490860BFF34F8FBFF36F8F11
:10DB100070BD00006400002004ED00E003490968C6
:10DB2000016003490968416070470000540000200B
:10DB3000400000200120014908607047500000208B
:10DB40002DE9F04105460F4655B900BF502080F33E
:10DB50001188BFF34F8FBFF36F8F00BF00BFFEE789
:10DB6000FFF736FF2C4600BF5021EFF3118081F301
:10DB70001188BFF34F8FBFF36F8F00BF064694F835
:10DB80005080022084F85000E06C401CE064B8F142
:10DB9000010F3BD1A06A08B9012000E0002050B974
:10DBA00000BF502080F31188BFF34F8FBFF36F8FFA
:10DBB00000BF00BFFEE718480068A8B9201DFFF7A6
:10DBC000EAFD94F82C1001208840144909680843A4
:10DBD00012490860E16A01EB8101114A02EB810000
:10DBE000211DFFF743FE04E004F118010D48FFF783
:10DBF0003DFE0D49E06A0968C96A884206D917B135
:10DC00000120386002E001200849086000BF86F367
:10DC1000118800BFBDE8F0816400002044000020AE
:10DC2000180D0020CC0D00202C00002050000020FA
:10DC300070B504460D4654B900BF502080F31188DA
:10DC4000BFF34F8FBFF36F8F00BF00BFFEE70548E4
:10DC5000016818312046FFF7EFFD01212846FEF745
:10DC6000F1FD70BD2C00002070B505460E4614462F
:10DC700055B900BF502080F31188BFF34F8FBFF319
:10DC80006F8F00BF00BFFEE70648016818312846C5
:10DC9000FFF7ECFD0CB14FF0FF3621463046FEF7A2
:10DCA000D1FD70BD2C00002010B586B0002005907D
:10DCB000049003AA04A905A8FFF796FD0022DDE958
:10DCC00004101346CDE9002102901EA11F48039ABB
:10DCD00000F0A8FC1E4908600846006808B101244D
:10DCE00000E00024012C02D100F036FF0446012C94
:10DCF00015D100BF502080F31188BFF34F8FBFF3C1
:10DD00006F8F00BF4FF0FF301249086001201249A9
:10DD1000086000201149086000F070F810E0601CF5
:10DD200008B1012000E0002050B900BF502080F36E
:10DD30001188BFF34F8FBFF36F8F00BF00BFFEE7A7
:10DD400006B010BD49444C4500000000F5CB00086A
:10DD5000600000205C0000204800002040000020FF
:10DD600002480068401C01490860704764000020B8
:10DD70001D48006818B101201C49086032E00020ED
:10DD80001A4908601A480068B0FA80F0C0F11F0113
:10DD900001EB8100174A52F8200008B1012000E091
:10DDA000002050B900BF502080F31188BFF34F8F7F
:10DDB000BFF36F8F00BF00BFFEE701EB81020D4B89
:10DDC00003EB820042685268426000F10802436837
:10DDD000934202D14268526842604268D268064B60
:10DDE0001A6000BF7047000064000020500000204F
:10DDF00044000020180D00202C0000201CB55248C3
:10DE000000685249884201D0012000E0002050B94A
:10DE100000BF502080F31188BFF34F8FBFF36F8F87
:10DE200000BF00BFFEE7484800684849491E8842D5
:10DE300001D0012000E0002050B900BF502080F345
:10DE40001188BFF34F8FBFF36F8F00BF00BFFEE796
:10DE50003F49084600780190FF200A4610700846A6
:10DE6000007800909DF8000000F0F0009DF8002080
:10DE7000904201D1012000E0002050B900BF5020A5
:10DE800080F31188BFF34F8FBFF36F8F00BF00BFC8
:10DE9000FEE79DF8000000F050002E4A10700720A9
:10DEA0002D4A106009E02C480068401E2A4A106084
:10DEB0009DF800004006000E00909DF8000000F064
:10DEC00080008028EFD024480068C0F107000428B3
:10DED00001D1012000E0002050B900BF502080F3A4
:10DEE0001188BFF34F8FBFF36F8F00BF00BFFEE7F6
:10DEF000194800680002184A10601046008800F4B3
:10DF0000E0601060124A019810700F4820300068DD
:10DF100040F470000C49203108600846006840F069
:10DF200070400860FFF740FD00200C490860F2F7E0
:10DF3000BFF90B48006840F0404009490860F2F71B
:10DF4000A3F900201CBD000000ED00E071C20F41EC
:10DF500000E400E0980000209C00002094000020D5
:10DF600034EF00E010B500BF502080F31188BFF3FC
:10DF70004F8FBFF36F8F00BF00F018FC18B14FF048
:10DF800080500449086000BF002080F3118800BF62
:10DF900010BD000004ED00E02DE9F84380460E4678
:10DFA00017461D46DDF82090B8F1000F01D0012082
:10DFB00000E0002050B900BF502080F31188BFF36B
:10DFC0004F8FBFF36F8F00BF00BFFEE70DB1012081
:10DFD00000E0002050B900BF502080F31188BFF34B
:10DFE0004F8FBFF36F8F00BF00BFFEE707B10EB1C9
:10DFF000012000E0002050B900BF502080F31188BC
:10E00000BFF34F8FBFF36F8F00BF00BFFEE707B9AD
:10E010000EB9012000E0002050B900BF502080F36D
:10E020001188BFF34F8FBFF36F8F00BF00BFFEE7B4
:10E03000482000900098482801D1012000E00020ED
:10E0400050B900BF502080F31188BFF34F8FBFF34A
:10E050006F8F00BF00BFFEE72C464CB1012084F853
:10E0600046004B463A46314640460094FEF7D6FD00
:10E070002046BDE8F883000070B505460E462C46E4
:10E0800054B900BF502080F31188BFF34F8FBFF306
:10E090006F8F00BF00BFFEE7FFF7F4FBD4E90F125C
:10E0A000206801FB020060600020A0632068A0607F
:10E0B000E06B401E226C216800FB0210E060FF2034
:10E0C00084F8440084F845009EB9206908B901200D
:10E0D00000E00020A8B904F1100000F06FFC80B14E
:10E0E0004FF0805009490860BFF34F8FBFF36F8F27
:10E0F00007E004F11000FFF78FFB04F12400FFF7A5
:10E100008BFBFFF7E9FB012070BD000004ED00E090
:10E110002DE9FF4383B0064688461D464FF00009AF
:10E12000344654B900BF502080F31188BFF34F8F9D
:10E13000BFF36F8F00BF00BFFEE7B8F1000F01D142
:10E14000206C08B9012000E0002050B900BF502029
:10E1500080F31188BFF34F8FBFF36F8F00BF00BFF5
:10E16000FEE7022D02D1E06B012801D1012000E081
:10E17000002050B900BF502080F31188BFF34F8FAB
:10E18000BFF36F8F00BF00BFFEE700F0F9FA08B9D8
:10E19000059808B9012000E0002050B900BF5020C8
:10E1A00080F31188BFF34F8FBFF36F8F00BF00BFA5
:10E1B000FEE700BFFFF766FBA06BE16B884201D36F
:10E1C000022D28D12A4641462046FEF75AFC074632
:10E1D000606A08B9012000E0002068B904F1240059
:10E1E00000F0ECFB88B14FF0805032490860BFF37B
:10E1F0004F8FBFF36F8F08E03FB14FF080502D4934
:10E200000860BFF34F8FBFF36F8FFFF765FB0120EF
:10E2100007B0BDE8F083059818B9FFF75DFB002053
:10E22000F6E7B9F1000F04D101A8FFF777FC4FF032
:10E230000109FFF751FBFFF793FDFFF723FB94F96B
:10E240004400401C10B9002084F8440094F94500B3
:10E25000401C10B9002084F84500FFF73DFB05A9DC
:10E2600001A800F059F9F0B92046FEF7E8FDA0B189
:10E2700004F110000599FFF7DBFC2046FEF7F7FFDD
:10E2800000F0E8FB002895D14FF080500949086064
:10E29000BFF34F8FBFF36F8F8CE72046FEF7E7FF8A
:10E2A00000F0D8FB86E72046FEF7E1FF00F0D2FB46
:10E2B0000020ADE704ED00E02DE9F05F07468A4657
:10E2C00090461E463C4654B900BF502080F311884A
:10E2D000BFF34F8FBFF36F8F00BF00BFFEE7BAF1F0
:10E2E000000F01D1206C08B9012000E0002050B9D6
:10E2F00000BF502080F31188BFF34F8FBFF36F8FA3
:10E3000000BF00BFFEE7022E02D1E06B012801D161
:10E31000012000E0002050B900BF502080F3118898
:10E32000BFF34F8FBFF36F8F00BF00BFFEE7FFF754
:10E330004FFB00BF5021EFF3118081F31188BFF331
:10E340004F8FBFF36F8F00BF0546A06BE16B884214
:10E3500001D3022E23D194F945B0324651462046CE
:10E36000FEF78FFB0BF1010088B9606A08B9012044
:10E3700000E0002080B904F1240000F01FFB58B138
:10E38000B8F1000F08D00120C8F8000004E00BF13C
:10E39000010040B284F845004FF0010901E04FF060
:10E3A000000900BF85F3118800BF4846BDE8F09F13
:10E3B0002DE9F74183B005460E464FF000082C4684
:10E3C00054B900BF502080F31188BFF34F8FBFF3C3
:10E3D0006F8F00BF00BFFEE70EB9206C08B90120A7
:10E3E00000E0002050B900BF502080F31188BFF337
:10E3F0004F8FBFF36F8F00BF00BFFEE700F0C0F983
:10E4000008B9059808B9012000E0002050B900BF04
:10E41000502080F31188BFF34F8FBFF36F8F00BF81
:10E4200000BFFEE700BFFFF72DFAA76BF7B131463B
:10E430002046FEF711FB781EA063206908B9012071
:10E4400000E0002060B904F1100000F0B7FA38B124
:10E450004FF080502F490860BFF34F8FBFF36F8F8D
:10E46000FFF73AFA012006B0BDE8F081059818B927
:10E47000FFF732FA0020F6E7B8F1000F04D101A847
:10E48000FFF74CFB4FF00108FFF726FAFFF768FC97
:10E49000FFF7F8F994F94400401C10B9002084F803
:10E4A000440094F94500401C10B9002084F8450050
:10E4B000FFF712FA05A901A800F02EF8F0B92046DE
:10E4C000FEF7B0FCA0B104F124000599FFF7B0FB02
:10E4D0002046FEF7CCFE00F0BDFA0028A3D14FF095
:10E4E00080500C490860BFF34F8FBFF36F8F9AE7DE
:10E4F0002046FEF7BCFE00F0ADFA94E72046FEF79A
:10E50000B6FE00F0A7FA2046FEF78CFC00288AD061
:10E510000020A8E704ED00E070B506460C4656B9A9
:10E5200000BF502080F31188BFF34F8FBFF36F8F70
:10E5300000BF00BFFEE754B900BF502080F3118830
:10E54000BFF34F8FBFF36F8F00BF00BFFEE7FFF732
:10E5500099F9184802687068131A1748006890F80B
:10E56000520030B100201449096881F85200012599
:10E570001CE02068401C08B9002517E00F493068EE
:10E580000968884204D07068904201D801250DE0E6
:10E590002068984207D92068C01A20603046FFF7EB
:10E5A000BDFA002502E0002020600125FFF794F964
:10E5B000284670BD400000202C00002054000020A0
:10E5C0002DE9FF4F85B0804689461746DDE912AB3D
:10E5D000B800FEF78BFE064656B15420FEF786FEC5
:10E5E00004460CB1266304E03046FFF793F900E0DF
:10E5F00000248CB1002084F85100CDE900ABCDE9B6
:10E6000002403A4649464046089BFEF71AFB204620
:10E61000FEF76AF9012501E04FF0FF35284609B001
:10E62000BDE8F08F2DE9F04F85B00746884691464A
:10E630009A46DDE90EB6109C0EB1012000E00020E4
:10E6400050B900BF502080F31188BFF34F8FBFF344
:10E650006F8F00BF00BFFEE70CB1012000E000207B
:10E6600050B900BF502080F31188BFF34F8FBFF324
:10E670006F8F00BF00BFFEE754200390039854281B
:10E6800001D1012000E0002050B900BF502080F3EC
:10E690001188BFF34F8FBFF36F8F00BF00BFFEE73E
:10E6A000B4B1AEB125462C462E63022085F8510048
:10E6B000002004A953464A46CDE900B1CDE90250F5
:10E6C00041463846FEF7BDFA2846FEF70DF901E04F
:10E6D00000200490049805B0BDE8F08F70B50646A0
:10E6E00007253046F1F72DFF102801D2012000E068
:10E6F000002050B900BF502080F31188BFF34F8F26
:10E70000BFF36F8F00BF00BFFEE7FFF729FB00BF1D
:10E710006D1E05EB8501154A02EB81003146FEF7BF
:10E72000CDFC044604B101E0002DF1D100BF2CB9AD
:10E7300031460F480068FEF7C1FC04462CB931464B
:10E740000C480068FEF7BAFC044624B931460A4872
:10E75000FEF7B4FC044624B931460848FEF7AEFC87
:10E76000044600F077F9204670BD0000180D002027
:10E770003000002034000020F40D0020E00D0020C7
:10E780000549096809B9012005E00449096809B982
:10E79000022000E0002070474800002064000020B4
:10E7A0000149086870470000400000202DE9F04151
:10E7B0004FF0000844480068002877D143480068BB
:10E7C000451C4248056015BB41480068006808B90F
:10E7D000012000E0002050B900BF502080F31188D4
:10E7E000BFF34F8FBFF36F8F00BF00BFFEE7384806
:10E7F0000768384800683649086036480760364878
:10E800000068401C34490860FEF728FC00BF33480C
:10E81000006885423CD300BF2D480068006808B9F5
:10E82000012000E0002020B14FF0FF302B490860AC
:10E830002DE027480068C068C4686668B54202D207
:10E840002648066023E0201DFEF7A5FFA06A18B148
:10E8500004F11800FEF79FFF94F82C100120884067
:10E860001F49096808431E490860E16A01EB8101FC
:10E870001C4A02EB8100211DFEF7F8FF1A49E06AED
:10E880000968C96A8842C7D34FF00108C4E700BFCE
:10E8900015480068C06A00EB8000124951F820005A
:10E8A000012801D94FF0010805E0FFE70F48006893
:10E8B000401C0E4908600E48006808B14FF001087E
:10E8C0004046BDE8F08100006400002040000020C8
:10E8D0003000002034000020540000205C000020A4
:10E8E00044000020180D00202C0000204C000020C7
:10E8F0005000002070B505462C460026002D55D04E
:10E900002B480068844201D1012000E0002050B96A
:10E9100000BF502080F31188BFF34F8FBFF36F8F7C
:10E9200000BF00BFFEE7A06C50B900BF502080F3CD
:10E930001188BFF34F8FBFF36F8F00BF00BFFEE79B
:10E94000A06C401EA064616CE06A88422ED0A06C6E
:10E9500060BB201DFEF71FFF78B9E06A00EB800066
:10E96000144951F8200040B994F82C100120884037
:10E9700011490968814310480160606CE062E06AF7
:10E98000C0F10700A06194F82C10012088400A49CA
:10E990000968084308490860E16A01EB8101054AFA
:10E9A00002EB8100211DFEF761FF0126304670BD9C
:10E9B0002C000020180D00204400002070B50646F1
:10E9C000F068C46854B900BF502080F31188BFF3C9
:10E9D0004F8FBFF36F8F00BF00BFFEE704F1180039
:10E9E000FEF7D9FE15480068A8B9201DFEF7D3FE32
:10E9F00094F82C10012088401149096808431049F7
:10EA00000860E16A01EB81010E4A02EB8100211DE1
:10EA1000FEF72CFF04E004F118010B48FEF726FF77
:10EA20000A49E06A0968C96A884204D901250120B7
:10EA30000749086000E00025284670BD64000020FA
:10EA400044000020180D0020CC0D00202C000020D8
:10EA50005000002070B5002400263648006850B9E8
:10EA600000BF502080F31188BFF34F8FBFF36F8F2B
:10EA700000BF00BFFEE7FEF705FF2E480068401EFE
:10EA80002C4908600846006800284FD12A480068D1
:10EA900000284BD024E02948C068C46804F118005D
:10EAA000FEF779FE201DFEF776FE94F82C1001206B
:10EAB000884023490968084321490860E16A01EB5D
:10EAC0008101204A02EB8100211DFEF7CFFE1E4985
:10EAD000E06A0968C96A884202D301201B490860BC
:10EAE0001648006808B9012000E000200028D2D0B4
:10EAF0000CB1FEF7B3FA1648056865B100BFFFF721
:10EB000055FE10B10120114908606D1E002DF6D18F
:10EB100000200F4908600D48006838B10126300711
:10EB20000C490860BFF34F8FBFF36F8FFEF7D4FE21
:10EB3000304670BD640000203C000020CC0D002059
:10EB400044000020180D00202C0000205000002060
:10EB50004C00002004ED00E010B586B00024FDF765
:10EB60001DFF16480068D0B100200590049003AA4C
:10EB700004A905A8FEF744FE0222DDE904100023E3
:10EB8000CDE9002102900EA10F48039AFFF74AFD3C
:10EB90000E4908600846006800B1012400BF54B95E
:10EBA00000BF502080F31188BFF34F8FBFF36F8FEA
:10EBB00000BF00BFFEE7204606B010BD7000002079
:10EBC000546D72205376630055D200087400002003
:10EBD0002DE9FF4704460D4616461F46DDF83080F6
:10EBE0004FF0000954B900BF502080F31188BFF3E3
:10EBF0004F8FBFF36F8F00BF00BFFEE71448006860
:10EC000010B3009501960294062D15DAFFF7B8FDB2
:10EC1000022808D10023424669460D480068FFF7E4
:10EC200077FA814610E000231A46694608480068D2
:10EC3000FFF76EFA814607E000233A46694604482A
:10EC40000068FFF739FB8146484604B0BDE8F0870D
:10EC50007000002021F00042A2F16052B2F5801F46
:10EC600001F0004328BFD2F17E6C51D9F1EE10CAF9
:10EC70001CF4400F14D15FEAC00C43EAC20202EB5D
:10EC8000507008BF70475FEA4C0C40F10000DFF89D
:10EC900080C240F0CB8228BF20F0010000F0C6BA4D
:10ECA000C30001F0004343EAC20202EB507008BF08
:10ECB00070471B4248BF4FEA4C0C1CF4000F08BFC2
:10ECC000401CDFF84CC200F0B1BAC30001F00043B1
:10ECD00043EAC20202EB507204BF104670471B4267
:10ECE00048BF4FEA4C0C1CF4000FDFF824C218BFD9
:10ECF000104640F09B8208BF521C12F4000F08BF60
:10ED0000104600F0938221F0004201F0004330E011
:10ED100050EA410C04BF084670475FEA125CBCF140
:10ED2000FE0F1ED1F1EE10CA1CF4400FCDD15FEAE8
:10ED3000C00C9BD05FEA001C4FEAC20C4CEB507C2D
:10ED400004BFC2002CEAD27C1CF4000F04BF4CEAC2
:10ED50000300DFF8BCC100F0698221F00042A2F19B
:10ED60006052B2F5801F4FEA410C2ADB1CF5001FF0
:10ED700016D2F1EE10CA1CF4806F06D02CF0005CA5
:10ED80004CF0805CA1F140612AE04FF07F40DFF859
:10ED900084C143EA500000F049BA084600F0F7BBCE
:10EDA00070B500F0C6F800BF000000B9880000048C
:10EDB000FFF7F3BF21F0704243EA507040EAC2000F
:10EDC0007047F1EE10CA2CF0805C4CF0005C1CF433
:10EDD000006F25D04B00B3F5001F51D301F1406106
:10EDE0001CF4400F40F07E800CF0405CC3004CF0FF
:10EDF000880C11D05CF0404C10F0805F0CD00346C2
:10EE000010F1005041F10001020108BF20F0005054
:10EE1000834218BF2CF0004C00F0604000F0B3BCFF
:10EE20001CF4400F1AD01B4248BF4FEA4C0C1CF494
:10EE3000000F13D112F1406248BF22F07F424FEA27
:10EE4000C00CBCF1010F43EAC20242EB50704FF01C
:10EE5000880228BF42F0804200F09EBB12F140625F
:10EE600048BF22F07F425FEAC00C43EAC20242EA96
:10EE700050704FF0880218BF42F0404200F08CBB47
:10EE800001F0004321F00041094214D0B1FA81FCA5
:10EE9000ACF10B0CCCF1200201FA0CF120FA02F2D9
:10EEA00041EA02014FEA0C5200FA0CF0A1EB020118
:10EEB00081EA03010FE0B0FA80F200FA02F002F1F9
:10EEC00015024FEAD0214FEA0252A1EB02014FEAAC
:10EED000405081EA0301F1EE10CA2CF0805C4CF046
:10EEE000005C7BE762460CF0405CC3004CF0880C91
:10EEF00092D05CF0404C094248BF520012F4000F1F
:10EF00008AD110F1005041F100012CF0004C83D166
:10EF10008800004088000010B1FA81F201FA02F185
:10EF2000C2F11D024FEA415003EB025303EBD12122
:10EF300070470EF1020E2EF0030E01285EF8086BEA
:10EF400041EB010414F5001418BFB4F5801F23D35E
:10EF5000364208D4012A43EB030515F5001518BF06
:10EF6000B5F5801F18D301EB010C1CF5801F16D2DC
:10EF7000364204D403EB030C1CF5801F0FD2002C87
:10EF800010D14FEAD17C002D0CEB4C0C0CF1020C93
:10EF900008BF4CEBD37C07E04FF0090C04E04FF0C6
:10EFA000080C01E04FEAD37C0CEB4C0526FA05F681
:10EFB00006F00706B6F1040C06D20EEB860CBDE88F
:10EFC00070404CF0010C6047DFE80CF02224130283
:10EFD0005EF804CC1B2D08D1002C88BFB4F5801F2F
:10EFE00034BF4CF4804C4CF4004CBDE8704000F051
:10EFF0001DB9002C88BFB4F5001F24BF1946104668
:10F0000070BD4FF000004FF00041A1F5002170BD30
:10F0100019461046012851EB010418BFD4F500141D
:10F0200084BF5EF804CC2CF0806CBDE8704000F228
:10F03000DC80704780B54FF003065C004FEA033375
:10F040004FEA3606640D4FEA133318BF43F48013BA
:10F050001CD153EA125E04F1010402BF13460022E0
:10F06000203C1B4202BF130B1205143CB3FA83FE73
:10F07000AEF10B0ECEF1200C03FA0EF322FA0CFCCB
:10F0800002FA0EF2A4EB0E0443EA0C030FB416F0DE
:10F09000010F0CBC03BC18BF2546CED180BD80B586
:10F0A0000126F3E70808A0F500114FEA3101704787
:10F0B000F1EE103A13F0807F1EBF01F000410020F6
:10F0C000704713F4006F40F0AA80094248BF4CF427
:10F0D000803C4FF4C0634FEA115203F1010321EA6F
:10F0E000025122F400629A1A48BF6FF0FE0241F406
:10F0F0008011352A3CD830D0152A1ED3203A0CD99D
:10F100000028C2F1200321FA02F001FA03F218BF2D
:10F1100042F001024FF0000130E0C2F1000302F1C1
:10F12000200201FA03F120FA02F241EA020100FA98
:10F1300003F208464FF0000120E0C2F1200310B4B2
:10F1400000FA03F401FA03F320FA02F021FA02F1C3
:10F15000224610BC43EA000010E050EA01324FF0B2
:10F1600000004FF000014FF0004218BF521C05E0B4
:10F170004FF001024FF000014FF000001CF4803FFF
:10F180002CF4803C18BF41F0004112421ED0F1EE39
:10F19000103A13F4400F20D1520003D30CD0401C7E
:10F1A00041F10001F1EE103A4CF0804C43F00803BD
:10F1B000E1EE103A00F03AB85FEAAC72EFD4F1D168
:10F1C000401C41F1000120F00100EBE71CF0804FF2
:10F1D00008BF70472CF0004CE4E7094254BF13F419
:10F1E000000F13F4800FDDD1D9E7F1EE103A13F0E0
:10F1F000807F1EBF01F000410020704713F4006FB4
:10F2000008BF70472DE9F050FFF749FF04F5C064CF
:10F21000A4F10104314301EB0451BDE8F0504CF07E
:10F22000005C4CF0800C00F0AEBA00001CF0700FD7
:10F2300008BF0A460FB4F1EE101A0CF0405030EA45
:10F24000814318BF4CF0804C4FEA4C0310EA814FC9
:10F250004FEAD36323EA112318BF23F0100341EAD6
:10F26000030101F0E073E1EE101A4CEA030C0CF01C
:10F270000F030A2B1DBF082B0CF070034CEAC30CC4
:10F280004FF4003304BF33EA0C034CF4400C1CF081
:10F29000005F14D11CF0805F0BD11CF0804F31D186
:10F2A0001CF0006F12D111F4807F0FBC62D000F00F
:10F2B0006ABA11F4806F0FBC2BD000F064BA11F45D
:10F2C000006F0FBC08BF704700F05DBA11F4007FFB
:10F2D0000FBC40F058821CF0400F1EBF4FF00040A2
:10F2E00040F0010070471CF0100F14BF81EA0302C8
:10F2F00042400CF00F000A2808BF4FF0FF324FF0D9
:10F30000000326E011F4805F0FBC08BF704700F0D7
:10F310003ABAF1EE103A2CF0805C1CF0800F14BF6A
:10F3200001F0004200F0004212420CBF12EA336FBB
:10F3300012EAF35F0DD31CF0100F1DBF30A003C8FD
:10F340001143314808BF104313F4805F40F01B8223
:10F3500070471CF0100F02F000421DBF0FF2940026
:10F3600003C81143254808BF104313F4805F40F0E1
:10F370000A8270471CF0400F40F028801CF4404F78
:10F380001BD01CF4004F1CBF194610460CF48072B1
:10F3900018BF8CEA520C1CF0800F0CBF40F48000A8
:10F3A00041F400218CEADC0313F0100F1CBF2CF099
:10F3B0000F0C4CF0080C00F08DB91CF0100F1ABFA8
:10F3C00012A393E80300134800F084B91CF0800FE7
:10F3D00014BF01F0004200F000421CF0100F1BBFF0
:10F3E0000AA393E803000B48114308BF104300F041
:10F3F00071B900BF000000000000F07F0000807FB6
:10F40000FFFFFFFFFFFFEF7FFFFF7F7F0000000098
:10F410000000F87F0000C07F43004FEAD30C4FEAA2
:10F420003C0C43401FBF40070CF1605113F0FE4FEE
:10F4300070471CF0006F14D133F0004004BF194630
:10F44000704783EA830383EA430303F0070343EA35
:10F45000CC010CF0004303F15A5303F54013FFF7BE
:10F460005BBD0CF0004343EA507010B540EACC009D
:10F4700000F00FF8000000BA180000044FEA000185
:10F48000FFF710BE4FEAE0024FEA407042F0E04161
:10F4900070470EF1020E2EF0030E4FEA40025EF8A6
:10F4A000084B12F1807218BFB2F5000F22D324422C
:10F4B00007D44FEA410313F1807318BFB3F5000F6F
:10F4C00018D34FEA400C1CF5000F16D2244204D486
:10F4D0004FEA410C1CF5000F0FD2002A10D14FEA61
:10F4E000D07C002B0CEB4C0C0CF1020C08BF4CEB4D
:10F4F000D17C07E04FF0090C04E04FF0080C01E06C
:10F500004FEAD17C0CEB4C0324FA03F404F007041B
:10F51000B4F1040C06D20EEB840CBDE810404CF0A4
:10F52000010C6047DFE80CF01F2013025EF804CCEA
:10F530001B2B08D1002A88BFB2F5000F34BF4CF452
:10F54000804C4CF4004CBDE81040FFF76FBE002A21
:10F5500088BFB2F1807F28BF084610BD4FF0004041
:10F56000A0F5800010BD0846420018BFD2F180729D
:10F5700084BF5EF8042C22F08062BDE8104000F2E7
:10F580008A8070474FF00000E1EE100A7047FF21BB
:10F5900041EAD050C0057047F1EE101A11F0807F9B
:10F5A0001CBF00F00040704711F4006F40F08E80E7
:10F5B00000F0004343EAD05323F48073C3F1C10346
:10F5C00023F00041172941D8C3F1200310FA03F1B9
:10F5D000C3F1200320F07F4040F4000020FA03F044
:10F5E00003F0004340EA030019D00B46F1EE101A75
:10F5F00041F00801E1EE101A11F4400F1CD159003E
:10F6000009D318BF401C06D17FEAE27398BF401CA3
:10F6100038BF20F0010042F0804CFFF707BE12F027
:10F62000804F08BF7047F1EE101A944641F0080170
:10F63000E1EE101AFFF7FABD10F0004F14BF5FEAB9
:10F64000F1535FEA316338BF401CE4E7182903EB4C
:10F65000912318BF6FF000410131F1EE101A41F013
:10F660000801E1EE101A11F4400F18BF03F000403A
:10F67000E2D168BF03F0004009D6400203F0004029
:10F6800000F1010004BF12F0004F20F001004FF024
:10F69000804CFFF7CBBDF1EE101A11F0807F1CBF3C
:10F6A00000F00040704711F4006F08BF704700F091
:10F6B000004120F00040B0FA80F3A3F1080341F0CC
:10F6C000C04100FA03F0A1EBC351084442F0005CD2
:10F6D00000F059B80CF00F03092B08BF082000F008
:10F6E00064800A2B32D0082B18BF704708BF1CF06B
:10F6F000400F31D01CF4803F23D11CF0200F11D1DA
:10F700001CF0100F0BBF02460A466FF000406FF06E
:10F71000004118BF4FF0FF3012F0004F1CBFC04334
:10F72000C94370471CF0100F0CBF02460A4612F086
:10F73000004F4FF0FF304FF0FF311CBFC043C943B3
:10F7400070474FF000004FF0000170471CF0400F71
:10F7500018BF4FF0004070471CF0100F08D020F089
:10F76000704300F07F4242EAD3014FEA4370704792
:10F7700000F0604021F07F4242EA000201F07F4049
:10F7800040EA727070472DE900502DE90050F0F703
:10F79000D1FFBDE80050BDE800500CF00F0393F01E
:10F7A000090F18BF7047AFF300801CF4801F24D0EE
:10F7B0001CF4E02F09D010F0080F02D1D0F10200A4
:10F7C00070476FEACC31490070474FF0604111EA51
:10F7D000407028BF40F04050F1EE103A23F07043E3
:10F7E00043EA0003E1EE103AEFF3008222F07042A8
:10F7F00042EA000282F3008870471CEA004018BF0A
:10F8000001207047C001010805D600080000000073
:10F810000000000080000000000000000000000068
:10F82000A401010861A80008000000000000000019
:10F83000000200000000000000000000AC01010810
:10F84000DDB400080100000000000000000200001C
:10F8500000000000000000009801010839B900080C
:10F860000000000000000000000100000000000097
:10F8700000000000B80101083D510008030000002D
:10F880000000000000040000000000000000000074
:10F89000A00101080DC500080000000000000000E4
:10F8A000000100000000000000000000000610162B
:10F8B0000006101600000000000000000102030412
:10F8C000060708090000000001020304484400473D
:10F8D0004D004759524143434D41470000606A463D
:10F8E0000000204100000000000020420000000055
:10F8F00000000000ABAA2A3EABAAAA3E1E002800C8
:10F900000F000A000A000B000A000A000A000A00A1
:10F910000A0009000A000A000800020003000E00A5
:10F92000020003000D000A000A000C0002000300A0
:10F9300007000500050007002800C8000700640054
:10F94000640005000A000A0007006400640001006A
:10F950000000C844CDCC4C3E000000005AF8F63FF1
:10F960005D896EBFD5A9183B40AC037D04014103FE
:10F97000057C00026D0D026D09020B0801410902B0
:10F9800042C0030A0B040000CDCC4C3ECDCC4C3E13
:10F99000CDCC4C3E00000000920E493CB10AC93C5F
:10F9A0002BC3163D2EFB483D752B7B3D04A9963D90
:10F9B00080B6AF3D36BDC83D2FBCE13D73B2FA3DC8
:10F9C00087CF093E8340163EB5AB223EA2102F3EA4
:10F9D000CF6E3B3EC2C5473E0115543E135C603EB0
:10F9E0007F9A6C3ECCCF783EC07D823E938E883E1F
:10F9F000229A8E3E32A0943E86A09A3EE59AA03E80
:10FA0000128FA63ED47CAC3EEF63B23E2A44B83E91
:10FA1000491DBE3E15EFC33E53B9C93ECA7BCF3E1A
:10FA20004136D53E80E8DA3E4F92E03E7533E63E01
:10FA3000BBCBEB3EEA5AF13ECBE0F63E275DFC3E07
:10FA4000E4E7003F3D9C033F824B063F9BF5083FA8
:10FA50006B9A0B3FDA390E3FCDD3103F2A68133F24
:10FA6000D9F6153FC07F183FC6021B3FD17F1D3F0F
:10FA7000CBF61F3F9967223F25D2243F5636273FBA
:10FA80001594293F4AEB2B3FDE3B2E3FBB85303F91
:10FA9000C9C8323FF304353F233A373F4268393F04
:10FAA0003B8F3B3FF9AE3D3F67C73F3F70D8413F7B
:10FAB00001E2433F03E4453F65DE473F12D1493F42
:10FAC000F8BB4B3F029F4D3F207A4F3F3D4D513F8A
:10FAD0004918533F31DB543FE595563F5348583F53
:10FAE0006AF2593F1A945B3F532D5D3F05BE5E3F5E
:10FAF0002146603F97C5613F5A3C633F59AA643F26
:10FB0000880F663FD86B673F3CBF683FA7096A3FD5
:10FB10000C4B6B3F5E836C3F93B26D3F9ED86E3F44
:10FB200073F56F3F0809713F5213723F4714733FDB
:10FB3000DD0B743F0BFA743FC6DE753F07BA763FA4
:10FB4000C58B773FF853783F9812793F9DC7793F2F
:10FB500002737A3FBE147B3FCDAC7B3F283B7C3F9A
:10FB6000C9BF7C3FAC3A7D3FCCAB7D3F23137E3F8A
:10FB7000B0707E3F6DC47E3F580E7F3F6D4E7F3F1D
:10FB8000AB847F3F0FB17F3F97D37F3F43EC7F3FF5
:10FB900011FB7F3F0000803F11FB7F3F43EC7F3F25
:10FBA00097D37F3F0FB17F3FAB847F3F6D4E7F3F49
:10FBB000580E7F3F6DC47E3FB0707E3F23137E3F63
:10FBC000CCAB7D3FAC3A7D3FC9BF7C3F283B7C3FFF
:10FBD000CDAC7B3FBE147B3F02737A3F9DC7793F1C
:10FBE0009812793FF853783FC58B773F07BA763F35
:10FBF000C6DE753F0BFA743FDD0B743F4714733F4D
:10FC00005213723F0809713F73F56F3F9ED86E3FE4
:10FC100093B26D3F5E836C3F0C4B6B3FA7096A3F0D
:10FC20003CBF683FD86B673F880F663F59AA643F67
:10FC30005A3C633F97C5613F2146603F05BE5E3F2A
:10FC4000532D5D3F1A945B3F6AF2593F5348583F2A
:10FC5000E595563F31DB543F4918533F3D4D513FE9
:10FC6000207A4F3F029F4D3FF8BB4B3F12D1493F97
:10FC700065DE473F03E4453F01E2433F70D8413F23
:10FC800067C73F3FF9AE3D3F3B8F3B3F4268393F3F
:10FC9000233A373FF304353FC9C8323FBB85303F75
:10FCA000DE3B2E3F4AEB2B3F1594293F5636273F2C
:10FCB00025D2243F9967223FCBF61F3FD17F1D3FBE
:10FCC000C6021B3FC07F183FD9F6153F2A68133F75
:10FCD000CDD3103FDA390E3F6B9A0B3F9BF5083FAF
:10FCE000824B063F3D9C033FE4E7003F275DFC3E1F
:10FCF000CBE0F63EEA5AF13EBBCBEB3E7533E63E37
:10FD00004F92E03E80E8DA3E4136D53ECA7BCF3E98
:10FD100053B9C93E15EFC33E491DBE3E2A44B83E05
:10FD2000EF63B23ED47CAC3E128FA63EE59AA03E75
:10FD300086A09A3E32A0943E229A8E3E938E883EB2
:10FD4000C07D823ECCCF783E7F9A6C3E135C603E95
:10FD50000115543EC2C5473ECF6E3B3EA2102F3E1A
:10FD6000B5AB223E8340163E87CF093E73B2FA3DC3
:10FD70002FBCE13D36BDC83D80B6AF3D04A9963DE0
:10FD8000752B7B3D2EFB483D2BC3163DB10AC93C6C
:10FD9000920E493C00000000920E49BCB10AC9BC59
:10FDA0002BC316BD2EFB48BD752B7BBD04A996BD8C
:10FDB00080B6AFBD36BDC8BD2FBCE1BD73B2FABDC4
:10FDC00087CF09BE834016BEB5AB22BEA2102FBEA0
:10FDD000CF6E3BBEC2C547BE011554BE135C60BEAC
:10FDE0007F9A6CBECCCF78BEC07D82BE938E88BE1B
:10FDF000229A8EBE32A094BE86A09ABEE59AA0BE7C
:10FE0000128FA6BED47CACBEEF63B2BE2A44B8BE8D
:10FE1000491DBEBE15EFC3BE53B9C9BECA7BCFBE16
:10FE20004136D5BE80E8DABE4F92E0BE7533E6BEFD
:10FE3000BBCBEBBEEA5AF1BECBE0F6BE275DFCBE03
:10FE4000E4E700BF3D9C03BF824B06BF9BF508BFA4
:10FE50006B9A0BBFDA390EBFCDD310BF2A6813BF20
:10FE6000D9F615BFC07F18BFC6021BBFD17F1DBF0B
:10FE7000CBF61FBF996722BF25D224BF563627BFB6
:10FE8000159429BF4AEB2BBFDE3B2EBFBB8530BF8D
:10FE9000C9C832BFF30435BF233A37BF426839BF00
:10FEA0003B8F3BBFF9AE3DBF67C73FBF70D841BF77
:10FEB00001E243BF03E445BF65DE47BF12D149BF3E
:10FEC000F8BB4BBF029F4DBF207A4FBF3D4D51BF86
:10FED000491853BF31DB54BFE59556BF534858BF4F
:10FEE0006AF259BF1A945BBF532D5DBF05BE5EBF5A
:10FEF000214660BF97C561BF5A3C63BF59AA64BF22
:10FF0000880F66BFD86B67BF3CBF68BFA7096ABFD1
:10FF10000C4B6BBF5E836CBF93B26DBF9ED86EBF40
:10FF200073F56FBF080971BF521372BF471473BFD7
:10FF3000DD0B74BF0BFA74BFC6DE75BF07BA76BFA0
:10FF4000C58B77BFF85378BF981279BF9DC779BF2B
:10FF500002737ABFBE147BBFCDAC7BBF283B7CBF96
:10FF6000C9BF7CBFAC3A7DBFCCAB7DBF23137EBF86
:10FF7000B0707EBF6DC47EBF580E7FBF6D4E7FBF19
:10FF8000AB847FBF0FB17FBF97D37FBF43EC7FBFF1
:10FF900011FB7FBF000080BF11FB7FBF43EC7FBF21
:10FFA00097D37FBF0FB17FBFAB847FBF6D4E7FBF45
:10FFB000580E7FBF6DC47EBFB0707EBF23137EBF5F
:10FFC000CCAB7DBFAC3A7DBFC9BF7CBF283B7CBFFB
:10FFD000CDAC7BBFBE147BBF02737ABF9DC779BF18
:10FFE000981279BFF85378BFC58B77BF07BA76BF31
:10FFF000C6DE75BF0BFA74BFDD0B74BF471473BF49
:020000040801F1
:10000000521372BF080971BF73F56FBF9ED86EBFE0
:1000100093B26DBF5E836CBF0C4B6BBFA7096ABF09
:100020003CBF68BFD86B67BF880F66BF59AA64BF63
:100030005A3C63BF97C561BF214660BF05BE5EBF26
:10004000532D5DBF1A945BBF6AF259BF534858BF26
:10005000E59556BF31DB54BF491853BF3D4D51BFE5
:10006000207A4FBF029F4DBFF8BB4BBF12D149BF93
:1000700065DE47BF03E445BF01E243BF70D841BF1F
:1000800067C73FBFF9AE3DBF3B8F3BBF426839BF3B
:10009000233A37BFF30435BFC9C832BFBB8530BF71
:1000A000DE3B2EBF4AEB2BBF159429BF563627BF28
:1000B00025D224BF996722BFCBF61FBFD17F1DBFBA
:1000C000C6021BBFC07F18BFD9F615BF2A6813BF71
:1000D000CDD310BFDA390EBF6B9A0BBF9BF508BFAB
:1000E000824B06BF3D9C03BFE4E700BF275DFCBE1B
:1000F000CBE0F6BEEA5AF1BEBBCBEBBE7533E6BE33
:100100004F92E0BE80E8DABE4136D5BECA7BCFBE94
:1001100053B9C9BE15EFC3BE491DBEBE2A44B8BE01
:10012000EF63B2BED47CACBE128FA6BEE59AA0BE71
:1001300086A09ABE32A094BE229A8EBE938E88BEAE
:10014000C07D82BECCCF78BE7F9A6CBE135C60BE91
:10015000011554BEC2C547BECF6E3BBEA2102FBE16
:10016000B5AB22BE834016BE87CF09BE73B2FABDBF
:100170002FBCE1BD36BDC8BD80B6AFBD04A996BDDC
:10018000752B7BBD2EFB48BD2BC316BDB10AC9BC68
:10019000920E49BC00000080444554454354000081
:1001A0006C65640063616C69000000004368617302
:1001B0007369735461736B00696D755461736B007F
:1001C0007465737400000000E8010108000000205D
:1001D00054020000C40100088402010854020020F7
:1001E0008CB4000020020008012032104201036993
:1001F00024F41AAA01013822C81420186F1B2044C5
:10020000041A2C041A5C043602050606061371A7AC
:100210001B0805041A0D04013C05203333333F4B02
:1002200082FF015A920842FF5AA208915A8048035D
:100230001280BF791C091D246920E93809101019A2
:100240007C2AFF0519074988390E5905B132641017
:100250000DE7416B3A58A08B3A7D04017C160240B1
:10026000AB03411009055308065804070F16081080
:10027000820911160A15800B16850C18010D2DCD5B
:04028000CC1C41044D
:040000050800018965
:00000001FF
