:020000040800F2
:10000000F8B60020290300083D5F0008754D000880
:10001000395F0008391100086199000800000000EC
:10002000000000000000000000000000690200085D
:100030004F1B000800000000C5020008599000088E
:100040004303000843030008430300084303000878
:100050004303000843030008511B00084303000842
:10006000430300085B1B0008651B000843030008EE
:100070004303000843030008430300084303000848
:100080004303000843030008430300084303000838
:100090003D11000843030008430300086F1B0008DC
:1000A0004303000843030008430300084303000818
:1000B0004303000843030008430300084303000808
:1000C00043030008430300084303000843030008F8
:1000D0004303000843030008430300083198000865
:1000E00043030008430300084303000843030008D8
:1000F00043030008430300084303000843030008C8
:1001000043030008430300084303000843030008B7
:1001100043030008430300084303000843030008A7
:100120004303000843030008F111000843030008DB
:100130004303000843030008430300084303000887
:100140004D1100084303000843030008430300085F
:100150004303000843030008430300084303000867
:100160004303000843030008430300084303000857
:100170004303000843030008430300080000000095
:10018000430300084303000800F002F800F05CF8A5
:100190000AA090E8000C82448344AAF10107DA45E2
:1001A00001D100F051F8AFF2090EBAE80F0013F0D8
:1001B000010F18BFFB1A43F001031847180901008B
:1001C000380901000A444FF0000C10F8013B13F00D
:1001D000070408BF10F8014B1D1108BF10F8015BA0
:1001E000641E05D010F8016B641E01F8016BF9D193
:1001F00013F0080F1EBF10F8014BAD1C0C1B09D1EA
:100200006D1E58BF01F801CBFAD505E014F8016B5B
:1002100001F8016B6D1EF9D59142D6D370470000ED
:100220000023002400250026103A28BF78C1FBD8FF
:10023000520728BF30C148BF0B6070471FB50FF091
:100240002FFE1FBD10B510BD00F078FA1146FFF764
:10025000F5FF0CF0A9FF00F0AFFA03B4FFF7F2FFCF
:1002600003BC00F015FB00002C4B19680868B0E8CF
:10027000F04F80F30988BFF36F8F4FF0000080F3D9
:10028000118870470000000008480068006880F38B
:1002900008884FF0000080F3148862B661B6BFF39F
:1002A0004F8FBFF36F8F00DF00BF00BF08ED00E08E
:1002B000DFF80C00016841F470010160704700BF75
:1002C00088ED00E0EFF30980BFF36F8F134B1A68DE
:1002D0001EF0100F08BF20ED108A20E9F04F1060CB
:1002E00009B44FF0500080F31188BFF34F8FBFF374
:1002F0006F8F0EF0B3FA4FF0000080F3118809BC45
:1003000019680868B0E8F04F1EF0100F08BFB0EC95
:10031000108A80F30988BFF36F8F70472C0000208C
:10032000EFF30580704700000948804709480047FF
:10033000FEE7FEE7FEE7FEE7FEE7FEE7FEE7FEE795
:10034000FEE7FEE704480549054A064B70470000F2
:100350003991000889010008F8760020F8B60020DD
:10036000F8960020F89600209FED1A1AF5EE000A84
:1003700040EE010ABDEEE00AF5EEC00A10EE100AEA
:10038000F1EE10FA38BF401E00EE100A1349F7EEE6
:10039000001AB8EEC00A30EEC00ADFED0F0A20EEF8
:1003A000200AFCEEC00A10EE900AC0F3080000EE2E
:1003B000900A01EB8000F8EE600A90ED011A70EEF1
:1003C000600A90ED000A71EEE01A21EE800A00EE5C
:1003D000810A704783F9223E00000044A002010810
:1003E000DFED190AB5EEC00A60EE200ABDEEE01A94
:1003F00011EE100AF1EE10FA38BF401E00EE100A9E
:100400001349F7EE001AB8EEC00A30EEC00ADFED6D
:100410000F0A60EE200ABCEEE00A10EE100AC0F3EC
:10042000080000EE100A01EB8000B8EE400A90EDE3
:10043000011A70EEC00A90ED000A71EEE01A21EE8A
:10044000800A00EE810A704783F9223E00000044D2
:10045000A002010853EA020C00F069802DE9F04B7C
:100460004FF00006002B1FBFB3FA83F503FA05F423
:1004700024FA05F65E4012BF1643B2FA82F502FA7C
:1004800005F4C5F120051EBF22FA05FC44EA0C0460
:10049000203556EA044C4FEA144418BF641C4FF050
:1004A00000084FF00009904271EB030C39D300298A
:1004B00019BFB1FA81F701FA07F6B0FA80F700FA2E
:1004C00007F6C7F120071EBF20FA07FC46EA0C0614
:1004D0002037B6FBF4FCA7EB0507103F07F01F0B16
:1004E000CBF120060CFA0BFB2CFA06F644BFB34600
:1004F0000026202FA4BF5E464FF0000B5BEA060CDF
:1005000008BF4FF0010B19EB0B09ABFB027C48EB6A
:100510000608C01B06FB02CC0BFB03CC71EB0C01E5
:10052000C1E70B46024641464846BDE8F08B13B58D
:100530004FF000004FF00001AFF30080BDE81C4019
:10054000704710B5431C02E010F8011B71B1810720
:10055000FAD14FF0013202C88C1A8C4314EAC2114E
:10056000F9D0C01A0A0603D0C01E10BDC01A10BDB3
:100570000A0401D0801E10BD0902FCD0401E10BD2F
:10058000032A40F2308010F0030C00F0158011F8BF
:10059000013BBCF1020F624498BF11F801CB00F897
:1005A000013B38BF11F8013BA2F1040298BF00F8EB
:1005B00001CB38BF00F8013B11F0030300F02580A8
:1005C000083AC0F0088051F8043B083A51F804CBCF
:1005D000A0E80810F5E7121D5CBF51F8043B40F895
:1005E000043BAFF30080D20724BF11F8013B11F8A0
:1005F00001CB48BF11F8012B24BF00F8013B00F8E4
:1006000001CB48BF00F8012B704710B5203AC0F06D
:100610000B80B1E81850203AA0E81850B1E8185003
:10062000A0E81850BFF4F5AF5FEA027C24BFB1E840
:100630001850A0E8185044BF18C918C0BDE81040B1
:100640005FEA827C24BF51F8043B40F8043B08BFBA
:100650007047D20728BF31F8023B48BF11F8012B81
:1006600028BF20F8023B48BF00F8012B704702F07A
:10067000FF0343EA032242EA024200F037B84FF098
:10068000000200B5134694469646203922BFA0E8E2
:100690000C50A0E80C50B1F12001BFF4F7AF0907EE
:1006A00028BFA0E80C5048BF0CC05DF804EB8900DF
:1006B00028BF40F8042B08BF704748BF20F8022B22
:1006C00011F0804F18BF00F8012B7047704770473A
:1006D000704710B500F02AF8006810BD10B5044648
:1006E00000F024F8046010BD4FF000020429C0F0AF
:1006F000128010F0030C3FF4C4AFCCF1040CBCF139
:10070000020F18BF00F8012BA8BF20F8022BA1EBA5
:100710000C01FFF7B6BF5FEAC17C24BF00F8012BD4
:1007200000F8012B48BF00F8012B704700487047C4
:100730009476002000487047947600207546FFF7B5
:10074000F9FFAE4605006946534620F0070085468E
:1007500018B020B5FFF7F6FDBDE820404FF00006C9
:100760004FF000074FF000084FF0000B21F0070199
:10077000AC46ACE8C009ACE8C009ACE8C009ACE8DC
:10078000C0098D46704700001FB584B000200A9C48
:1007900006AB04AA02A90094AFF3008018B1DDE90A
:1007A000020108B010BD0348204000F00EF8002000
:1007B0000146F6E70000207C10B50446AFF3008048
:1007C0002046BDE81040FFF748BD10B500F00AF81C
:1007D000BDE81040AFF30080002801D000F058B809
:1007E0007047000010B5022803D0410103D50DA1C8
:1007F00012E0002010BD010101D50FA10CE0C100E5
:1008000001D511A108E0810001D512A104E040004A
:1008100001D513A100E0002115A000F03FF8012050
:1008200010BD0000496E76616C6964204F7065727E
:100830006174696F6E0000004469766964652042E6
:1008400079205A65726F00004F766572666C6F771B
:1008500000000000556E646572666C6F77000000E2
:10086000496E657861637420526573756C7400001D
:100870005349474650453A2041726974686D657422
:10088000696320657863657074696F6E3A20000053
:1008900001491820ABBEFEE72600020070B50546F0
:1008A0000C460A2000E06D1C00F011F835B12878E4
:1008B0000028F8D102E0641C00F009F814B1207897
:1008C0000028F8D1BDE870400A20AFF3008008B5D9
:1008D00069468DF800000320ABBE08BD704710B517
:1008E0002DED028BB0EE408AB0EE480A09F06AF8AE
:1008F000BDEC028B10BD10B52DED028BB0EE408A21
:10090000F0EE608AF0EE680AB0EE480A09F0F0F8FE
:10091000BDEC028B10BD10B52DED028BB0EE408A00
:10092000B0EE480AFFF720FDBDEC028B10BDF0EEE3
:10093000400AF5EEC00AF1EE10FA02DDB0EE600AF0
:100940007047B1EE600AFBE718B19FED020A80ED37
:10095000000A70470000000018B1B3EE060A80EDEF
:10096000000A704770B52DED0C8B84B006460C461E
:1009700015469FED990AF0EE408A9FED970AB0EE7A
:10098000409A9FED950AF0EE40BA9FED930AF0EE83
:10099000409A9FED910AB0EE40AA0EB104B11DB984
:1009A00004B0BDEC0C8B70BD8C48FFF7CDFF8C48BC
:1009B000FFF7D2FF8A48D0ED000A9FED8A1A60EE59
:1009C000810AB0EE600A00F02DF9F0EE408A28EEC0
:1009D000A80AF0EE408A8248D0ED000AB0EE001A74
:1009E00060EE810A9FED7F1A60EE810AB0EE600A28
:1009F00000F018F9B0EE409A29EE090AB0EE409ADC
:100A0000DFED790AB7EE000A00EEA80ADFED770AFB
:100A100000EEC90ADFED760A20EE200A754880ED67
:100A2000000A6E4890ED000ADFED730A80EE201A8E
:100A3000B7EE000A31EE000A20EE000A6D48D0ED54
:100A4000000A80EE801A6D4880ED001A94ED000ACD
:100A5000B5EEC00AF1EE10FA0DD194ED010AB5EE33
:100A6000C00AF1EE10FA06D194ED020AB5EEC00A02
:100A7000F1EE10FA46D09FED580AB0EE408A002001
:100A8000019002900390D4ED000A60EEA00A94ED6C
:100A9000011AD4ED011A41EE210A94ED021AD4EDA7
:100AA000021A41EE210AB0EE600A00F0A9F8B0EE99
:100AB000408A94ED000A20EE080A8DED010A94EDBB
:100AC000010A20EE080A8DED020A94ED020A20EEDA
:100AD000080A8DED030ADDED010AF1EE600AB0EEC1
:100AE000600AFFF7FCFEF0EE409A9DED031AF0EE6F
:100AF000410A9DED021AB0EE410AFFF7FCFEB0EE8E
:100B000040AA07E09FED340AF0EE409A9FED320ACA
:100B1000B0EE40AA95ED000AB5EEC00AF1EE10FA6B
:100B20000DD195ED010AB5EEC00AF1EE10FA06D12D
:100B300095ED020AB5EEC00AF1EE10FA3CD0B0EE27
:100B4000690A00F06FF8B0EE408AB0EE690AFFF76C
:100B5000E2FEB0EE40DAB0EE4A0A00F063F8F0EEE2
:100B600040AAB0EE4A0AFFF7D6FEB0EE40BA28EE31
:100B70002A0AD5ED010A20EE200AD5ED000A0DEE75
:100B8000200A68EE0B0A95ED021A00EE810AB0EE1B
:100B900040CA95ED010A20EE0B0AD5ED020A0AEED5
:100BA000E00AF0EE40CAF0EE6C0AB0EE4C0AFFF735
:100BB000A2FEF0EE40BA03E09FED070AF0EE40BA65
:100BC000B0EE4A1AF0EE690AB0EE6B0A304609F050
:100BD000EFFA00BFE4E60000000000005802002029
:100BE0005C02002035FA8E3CC1BFAD3B9DF8C53696
:100BF0002F7C1C4160020020506CC24A640200201D
:100C000010B52DED028BB0EE408AB0EE480A09F027
:100C1000A1F8B7EE001AC1EE000AB0EE600ABDEC12
:100C2000028B10BD10B52DED028BB0EE408AB0EEF8
:100C3000480AFFF7D5FBBDEC028B10BD2DE9F04152
:100C40002DED028B9AB00546B0EE408A0E4617464F
:100C500098460020179018901990149015901690AF
:100C60004DB146B13FB1B8F1000F04D0B5EEC08A26
:100C7000F1EE10FA05D100201AB0BDEC028BBDE8F0
:100C8000F08196ED000A8DED170A96ED010A8DEDC3
:100C9000180A96ED020A8DED190A97ED000A8DEDFE
:100CA000140A97ED010A8DED150A97ED020A8DEDF4
:100CB000160A17AA14A9284609F0CCF8402104A85E
:100CC000FFF7DDFC002000900190029003900024CB
:100CD00017A904A80DF098FA00BF30E004A800EBB3
:100CE000041090ED000AD5ED000A20EE200A04A8B9
:100CF00000EB0410D0ED010A95ED011A00EE810A17
:100D000004A800EB0410D0ED020A95ED021A00EEE3
:100D1000810A04A800EB0410D0ED030A95ED031A34
:100D200000EE810A20EE080AF0EE000A80EE201A9A
:100D3000684600EB840080ED001A601CC4B2042CED
:100D4000CCDB002410E005EB840090ED000A68463F
:100D500000EB8400D0ED000A30EE200A05EB8400A1
:100D600080ED000A601CC4B2042CECDB28460DF0B8
:100D7000D3F8012080E7000010B5012210210248BD
:100D800002F03EF810BD00000000024010B5002245
:100D90001021024802F034F810BD000000000240AB
:100DA0007047000010B501221146024802F028F8F1
:100DB00010BD00000004024010B5002201210248CD
:100DC00002F01EF810BD00000004024010B5437888
:100DD0001B021BB20478234300EE103AB8EEC01A8F
:100DE0001C4BD3ED001A21EE211A81ED001AC378B5
:100DF0001B021BB28478234300EE103AB8EEC01AEF
:100E0000144BD3ED001A21EE211A81ED011A43791A
:100E10001B021BB20479234300EE103AB8EEC01A4D
:100E20000C4BD3ED001A21EE211A81ED021A037A40
:100E30001B04C47943EA04238479234300EE903AE7
:100E4000B8EE601ADFED041A21EE211A82ED001AC5
:100E500010BD00002C02002000401C42704710B55D
:100E6000044620460CF0F0F910BD10B504462046AB
:100E70000AF07AF910BD00004278120212B203782B
:100E80001A4300EE102AF8EEC00A144A92ED001A36
:100E900060EE810AC1ED000AC278120212B28378B4
:100EA0001A4300EE102AF8EEC00A0C4A92ED001A1E
:100EB00060EE810AC1ED010A4279120212B2037991
:100EC0001A4300EE102AF8EEC00A044A92ED001A06
:100ED00060EE810AC1ED020A704700003002002076
:100EE00010B50024FFF75CFFFFF7B8FF09F0B0FA78
:100EF00010B144F0800402E009F010FA044309F054
:100F00009FFC10B144F0400402E009F01FFC0443D0
:100F1000204610BD2DE9FC4105460E46174600202F
:100F200000900190FFF732FF922000F0D1F80622E6
:100F30006946122000F0ACF8FFF71EFF9DF8010093
:100F4000000200B29DF8001040EA010400EE104AD1
:100F5000B8EEC00A4C48D0ED000A20EE200A86ED1B
:100F6000000A9DF80300000200B29DF8021040EA5A
:100F7000010400EE104AB8EEC00A4348D0ED000A62
:100F800020EE200A86ED010A9DF80500000200B25D
:100F90009DF8041040EA010400EE104AB8EEC00AC1
:100FA0003948D0ED000A20EE200A86ED020AFFF74C
:100FB00003FF08226946002000F06AF8FFF7F2FEFE
:100FC0009DF800000F2838D19DF80300000200B200
:100FD0009DF8021040EA010400EE104AB8EEC00A83
:100FE0002A48D0ED000A20EE200A85ED000A9DF87F
:100FF0000500000200B29DF8041040EA010400EE72
:10100000104AB8EEC00A2148D0ED000A20EE200AAE
:1010100085ED010A9DF80700000200B29DF8061058
:1010200040EA010400EE104AB8EEC00A1748D0EDBD
:10103000000A20EE200A85ED020AFFF7A7FEA22093
:1010400000F046F802226946222000F021F8FFF75E
:1010500093FE9DF80000C0009DF8011040EA611465
:10106000B4F5806F02DBA4F5006004B200EE104A14
:10107000F8EEC00AB4EE001AB3EE070A00EE810AD9
:1010800087ED000ABDE8FC812C0200203002002020
:1010900070B506460C46154646F0800000F018F87C
:1010A00006E0552000F014F82070641C681EC5B2DC
:1010B000002DF6D170BD70B504460D4644F0800099
:1010C00000F006F8552000F003F8287070BD00000D
:1010D00001B582B04FF47A70012301AA02A90090F1
:1010E000024803F09BF89DF804000EBDD4090020CF
:1010F00010B502461378DB00547843EA6410B0F56B
:10110000806F02DBA0F5006318B200EE100AF8EE63
:10111000C00AB4EE001AB3EE070A00EE810A81EDB0
:10112000000A10BD70B505460C462846FFF7D0FFF3
:101130002046FFF7CDFF70BD00BFFEE710B50248A7
:1011400001F07DF810BD00006802002010B50248D3
:1011500001F075F810BD00009002002008B54FF4B2
:10116000E0600C49086000208860C86008200861C1
:1011700000200949087048708870C870087148716B
:101180008871C8716B460A460249044800F05BFE4C
:1011900008BD0000E47000201C010020680200204F
:1011A000F8B507460C4615461E4640F2FF100D499D
:1011B000086000208860C86008200861380A0A4971
:1011C00008704F70200A8870CC70280A08714D7121
:1011D000300A8871CE716B460A460249034800F016
:1011E00032FEF8BDCC7000201401002090020020D7
:1011F00010B5FE48C06C0068FD49884276D9FC48AD
:1012000054380068F949C96C0968FA4A914201D119
:10121000202169E0F549C96C0968F54A483A9142CC
:1012200001D1202160E0F149C96C0968F14A6032BE
:10123000914201D1202157E0EC49C96C0968EC4A80
:101240001832914201D120214EE0E849C96C096869
:10125000E84A1832914201D1C91445E0E349C96C0A
:101260000968E34A303A914201D1C9143CE0DF49B0
:10127000C96C0968DF4A7832914201D1C91433E060
:10128000DA49C96C0968DA4A3032914201D1C9148D
:101290002AE0D649C96C0968D64A3032914202D157
:1012A0004FF4001120E0D149C96C0968D04A183ABE
:1012B000914202D14FF4001116E0CC49C96C096883
:1012C000CC4A9032914202D14FF400110CE0C74950
:1012D000C96C0968C64A4832914203D14FF40011E3
:1012E00002E003E04FF00061084070E1BF48C06CCD
:1012F0000068C049A831884276D9BD48583800688E
:10130000BA49C96C0968BB4A914201D1202169E000
:10131000B649C96C0968B64A483A914201D12021C0
:1013200060E0B249C96C0968B24A6032914201D1A9
:10133000202157E0AD49C96C0968AD4A1832914285
:1013400001D120214EE0A949C96C0968A94A183287
:10135000914201D1C91445E0A449C96C0968A44A65
:10136000303A914201D1C9143CE0A049C96C0968E6
:10137000A04A7832914201D1C91433E09B49C96C2B
:1013800009689B4A3032914201D1C9142AE0974939
:10139000C96C0968974A3032914202D14FF400116A
:1013A00020E09249C96C0968914A183A914202D1E9
:1013B0004FF4001116E08D49C96C09688D4A9032CE
:1013C000914202D14FF400110CE08849C96C0968C0
:1013D000874A4832914203D14FF4001102E003E002
:1013E0004FF000610840F2E08048C06C006881491D
:1013F0004831884276D97F48103840687B49C96CAB
:1014000009687C4A914201D1202169E07749C96C81
:101410000968774A483A914201D1202160E0734936
:10142000C96C0968734A6032914201D1202157E0AA
:101430006E49C96C09686E4A1832914201D1202167
:101440004EE06A49C96C09686A4A1832914201D172
:10145000C91445E06549C96C0968654A303A91424A
:1014600001D1C9143CE06149C96C0968614A78320C
:10147000914201D1C91433E05C49C96C09685C4AE6
:101480003032914201D1C9142AE05849C96C096827
:10149000584A3032914202D14FF4001120E05349B2
:1014A000C96C0968524A183A914202D14FF40011AE
:1014B00016E04E49C96C09684E4A9032914202D1F9
:1014C0004FF400110CE04949C96C0968484A483298
:1014D000914203D14FF4001102E003E04FF00061AC
:1014E000084074E04348103800684049C96C0968F6
:1014F000404A914201D1202168E03C49C96C096809
:101500003B4A483A914201D120215FE03749C96CFA
:101510000968384A6032914201D1202156E03349AE
:10152000C96C0968324A1832914201D120214DE03C
:101530002E49C96C09682F4A1832914201D1C91449
:1015400044E02A49C96C0968294A303A914201D1DC
:10155000C9143BE02549C96C0968264A7832914292
:1015600001D1C91432E02149C96C0968204A3032DE
:10157000914201D1C91429E01C49C96C09681D4A6E
:101580003032914202D14FF400111FE01749C96C6B
:101590000968174A183A914202D14FF4001115E038
:1015A0001249C96C0968134A9032914202D14FF432
:1015B00000110BE00D49C96C09680D4A483291428F
:1015C00002D14FF4001101E04FF000610840002803
:1015D0006FD00648C06C0068054988427BD9034833
:1015E000C06C00680349884208D105E0D409002096
:1015F0005864024010600240202068E0FE48C06C41
:101600000068FE49884201D1202060E0FA48C06CA1
:101610000068FB49884201D1202058E0F648C06CA0
:101620000068F6496031884201D120204FE0F2483D
:10163000C06C0068F2494839884201D1C01446E0C4
:10164000ED48C06C0068ED491831884201D1C014E2
:101650003DE0E948C06C0068E9491831884201D191
:10166000C01434E0E448C06C0068E4497831884232
:1016700001D1C0142BE0E048C06C0068E04930396B
:10168000884202D14FF4001021E0DB48C06C0068B2
:10169000DA493031884202D14FF4001017E0D648C1
:1016A000C06C0068D6493031884204D14FF4001034
:1016B0000DE0D4E10FE0D048C06C0068CF49903114
:1016C000884202D14FF4001001E04FF00060CB4996
:1016D000091F08606AE1C848C06C0068C849483101
:1016E000884274D9C448C06C0068C54960398842D2
:1016F00001D1202066E0C048C06C0068BF49884224
:1017000001D120205EE0BC48C06C0068BC49884222
:1017100001D1202056E0B848C06C0068B74960315C
:10172000884201D120204DE0B348C06C0068B44924
:101730004839884201D1C01444E0AF48C06C006809
:10174000AE491831884201D1C0143BE0AA48C06CB0
:101750000068AB491831884201D1C01432E0A64874
:10176000C06C0068A5497831884201D1C01429E0D5
:10177000A148C06C0068A2493039884202D14FF4B8
:1017800000101FE09C48C06C00689C4930318842C2
:1017900002D14FF4001015E09748C06C00689849DA
:1017A0003031884202D14FF400100BE09248C06CF7
:1017B000006892499031884202D14FF4001001E054
:1017C0004FF000608D4908390860EFE0FFE78A4874
:1017D000C06C00688A491839884274D98648C06C40
:1017E000006887496039884201D1202066E082483C
:1017F000C06C00688149884201D120205EE07E48AB
:10180000C06C00687E49884201D1202056E07A48A9
:10181000C06C006879496031884201D120204DE0D8
:101820007548C06C006876494839884201D1C014B7
:1018300044E07148C06C006870491831884201D199
:10184000C0143BE06C48C06C00686D491831884298
:1018500001D1C01432E06848C06C00686749783133
:10186000884201D1C01429E06348C06C0068644913
:101870003039884202D14FF400101FE05E48C06C3E
:1018800000685E493031884202D14FF4001015E003
:101890005948C06C00685A493031884202D14FF42F
:1018A00000100BE05448C06C0068544990318842E5
:1018B00002D14FF4001001E04FF000605049703940
:1018C000C86073E0FFE74C48C06C00684C49603961
:1018D000884201D1202066E04748C06C0068474933
:1018E000884201D120205EE04348C06C0068444932
:1018F000884201D1202056E03F48C06C00683F4933
:101900006031884201D120204DE03B48C06C006826
:101910003B494839884201D1C01444E03648C06C84
:10192000006836491831884201D1C0143BE0324882
:10193000C06C006832491831884201D1C01432E0CD
:101940002D48C06C00682D497831884201D1C014FF
:1019500029E02948C06C006829493039884202D101
:101960004FF400101FE02448C06C00682349303158
:10197000884202D14FF4001015E01F48C06C006887
:101980001F493031884202D14FF400100BE01A4851
:10199000C06C006819499031884202D14FF40010A0
:1019A00001E04FF0006016497039886015480078F2
:1019B00000F0020078B11348007820F002001149CD
:1019C00008700846007840F00400087001221146B3
:1019D0000D4801F015FA0D48007800F00200E0B162
:1019E0000A48007820F0020008490870084600788C
:1019F00040F0040008700BE0D4090020106402409D
:101A00007060024085010020000402408601002031
:101A100001221021124801F0F3F91248007800F079
:101A2000020078B10F48007820F002000D490870DC
:101A30000846007840F00400087001221021084890
:101A400001F0DEF90BF002F90748007800F004001D
:101A500028B10648006840F001000449086010BD44
:101A6000000002408701002085010020103C014059
:101A70000146087810381823B0FBF3F20848805C60
:101A8000C865032A05D908686FF30900001D886539
:101A900003E008686FF309008865886D70470000EF
:101AA000C0010108014600208A6A8B69CBB932B1B6
:101AB000012A0DD0022A03D0032A10D10EE000BF64
:101AC000CB6A03F08073B3F1807F00D1012007E07F
:101AD000CB6AB3F1C07F00D1012001E000E000BF7C
:101AE00034E08B69B3F5005F1AD132B1012A07D017
:101AF000022A03D0032A11D10AE000BF01200EE020
:101B0000CB6A03F08073B3F1807F00D1012006E03F
:101B1000CB6AB3F1C07F00D1012000E000BF15E027
:101B200032B1012A05D0022A04D0032A0CD103E0E5
:101B300000BF00BF012008E0CB6A03F08073B3F15F
:101B4000807F00D1012000E000BF00BF70477047D8
:101B500010B5012001F046F810BD10B5082001F0C5
:101B600041F810BD10B5102001F03CF810BD10B5C3
:101B7000202001F037F810BD7047000010B500229A
:101B800001B909E0012901D10A0205E0022901D1C8
:101B90000A0201E04FF440720E4B1B6823F44073BD
:101BA0000C4C236023461B681343236023461B68A9
:101BB00023F0F803236023461B68022444EAC00490
:101BC0002343044C236023461B6843F48033236083
:101BD00010BD0000103C02401C48006800F400707A
:101BE000B0B11A48006820F400701849086000BFBE
:101BF0000846006840F4006008600846006820F469
:101C00000060086000BF0846006840F4007008608B
:101C10000E48006800F48060B0B10C48006820F401
:101C200080600A49086000BF0846006840F48050A0
:101C300008600846006820F48050086000BF08462D
:101C4000006840F48060086070470000003C02407B
:101C50000A4A126822F44072084B1A601A46126847
:101C600042F004021A601A4612684FF4803343EAC5
:101C700000231A43014B1A6070470000103C0240D9
:101C8000074A126822F44072054B1A601A4612681D
:101C90001A601A46126842F001021A600170704719
:101CA000103C024010B50949096821F44071074C05
:101CB00021602146096841F440712160214609688C
:101CC00041F0010121600260436010BD103C024000
:101CD000084A126822F44072064B1A601A461268CB
:101CE00042F480721A601A46126842F001021A60C9
:101CF00001807047103C0240084A126822F440728A
:101D0000064B1A601A46126842F400721A601A46AC
:101D1000126842F001021A6001607047103C0240F4
:101D20002348006800F0100040B12248C06940F02C
:101D300010002049C86110201D4908601C48006837
:101D400000F0200040B11B48C06940F0080019496C
:101D5000C8612020164908601548006800F040005E
:101D600040B11448C06940F004001249C8614020E5
:101D70000F4908600E48006800F0800040B10D482F
:101D8000C06940F002000B49C86180200849086022
:101D90000748006800F0020040B10648C06940F002
:101DA00020000449C8610220014908607047000012
:101DB0000C3C02400C0D002070B5044600250020AC
:101DC0001449C86101F022F8054609E0601C38B1E9
:101DD00024B101F01BF8401BA04201D9032070BDC3
:101DE0000D48006800F480300028EFD10A480068F0
:101DF00000F0010010B101200749086006480068A2
:101E000000F0F20018B1FFF78BFF0120E7E7002098
:101E1000E5E700000C0D00200C3C024010B5024626
:101E200092F82030012B01D0022B06D110684069B6
:101E3000084314686061002010BD506A40F480209F
:101E400050620120F8E7F0B504460D461E4694F8AE
:101E5000207020688368A86800B900E000BF012FE7
:101E600001D0022F7CD103F0806030B903F0006014
:101E700018B903F08050002873D0C3F30161022920
:101E800005D9606A40F4000060620120F0BD0120C5
:101E900088403060A86860B9B5F800C0E86840EADA
:101EA0004C5C206800F5C07000EB0110C0F800C069
:101EB0000FE0D5E901C040EACC00D5F80CC040EAFB
:101EC0000C00D4F800C00CF5C07C0CEB011CCCF865
:101ED0000000D5F810C0206800F5C07000EB0110BC
:101EE000C0F804C0287D01280ED1206800F5C0701C
:101EF00000EB0110406840F4807C206800F5C07061
:101F000000EB0110C0F804C0D079000692F806C0BA
:101F100040EA0C4092F805C040EA0C2C10794CEADB
:101F2000000C206800F5C07000EB0110C0F80CC078
:101F3000D078000692F802C040EA0C4092F801C046
:101F400040EA0C2092F800C040EA0C00D4F800C02F
:101F50000CF5C07C0CEB011CCCF80800206801E0FB
:101F600016E00FE000F5C07000EB0110006840F0D3
:101F7000010C206800F5C07000EB0110C0F800C033
:101F8000002083E7606A40F40010606201207DE772
:101F9000606A40F480206062012077E7F0B5044673
:101FA0000A46216894F82050012D01D0022D7ED1DF
:101FB000424901F50071086840F0010008600868B6
:101FC00020F47C5008600868566A40EA06200860E1
:101FD000107D00F01F06012000FA06F3C86998433F
:101FE000C861A1F50071D069C8B9D1F80C02984355
:101FF000C1F80C02908880B2968940EA064601F545
:102000001070576940F83760108880B2168940EA2E
:10201000064601F51070576900EBC7004660D069AD
:10202000012819D1D1F80C021843C1F80C0290888C
:1020300080B2168840EA064601F51070576940F8EC
:102040003760908980B2168940EA064601F5107023
:10205000576900EBC7004660906928B9D1F80402BF
:102060009843C1F8040204E0D1F804021843C1F80F
:102070000402106928B9D1F814029843C1F8140277
:1020800004E0D1F814021843C1F81402106A0128C0
:1020900004D1D1F81C021843C1F81C02D1F8000287
:1020A00020F00100C1F800020020F0BDFFE7606AE7
:1020B00040F4802060620120F7E7000000640040E7
:1020C000704770B5044694F82050012D01D0022DC0
:1020D0007CD151B92068C06800F0030080B9606A03
:1020E00040F400106062012070BD2068006900F0BB
:1020F000030028B9606A40F4001060620120F3E731
:10210000206800F5D87000EB0110006800F00400B2
:102110009060906840B9206800F5D87000EB01101D
:102120000068400D106007E0206800F5D87000EBF3
:1021300001100068C0085060206800F5D87000EBFE
:102140000110006800F002004008D060206800F52F
:10215000D87000EB0110406800F00F00106120689B
:1021600000F5D87000EB0110406800F47F40000AD1
:102170009061206800F5D87000EB01104068000CF9
:102180005061206800F5D87000EB0110806818706D
:10219000206800F5D87000EB0110806800F47F40E3
:1021A000000A5870206800F5D87000EB01108068B4
:1021B00000F47F00000C9870206800F5D87000EBE8
:1021C00001108068000ED870206800E031E000F552
:1021D000D87000EB0110C0681871206800F5D87045
:1021E00000EB0110C06800F47F40000A58712068BD
:1021F00000F5D87000EB0110C06800F47F00000CFF
:102200009871206800F5D87000EB0110C068000ECE
:10221000D87131B92068C06840F020002668F060AD
:1022200005E02068006940F0200026683061002049
:102230005AE7606A40F480206062012054E72DE98B
:10224000F05F04460025206846692068D0F80490B5
:10225000206887682068D0F80CA02068D0F810B0FB
:102260002068D0F8188006F00100002855D007F04B
:102270000100C0B101202168886007F0020018B198
:10228000204600F010FB0EE007F0040010B145F40A
:10229000006508E007F0080010B145F4805502E041
:1022A000204600F0FFFA07F48070C8B14FF4807048
:1022B0002168886007F4007018B1204600F0F5FA34
:1022C0000EE007F4806010B145F4005508E007F413
:1022D000006010B145F4804502E0204600F0E4FAC9
:1022E00007F48030C8B14FF480302168886007F46B
:1022F000003018B1204600F0DAFA0EE007F4802032
:1023000010B145F4004508E007F4002010B145F491
:10231000803502E0204600F0C9FA06F0080038B126
:102320000AF0100020B145F4007510202168C86043
:1023300006F0040040B10AF0080028B10820216826
:10234000C860204600F00CFA06F0020038B12068A0
:10235000C06800F0030010B1204600F003FA06F058
:10236000400038B10BF0100020B145F4806510201A
:102370002168086106F0200040B10BF0080028B188
:10238000082021680861204600F05AFA06F0100083
:1023900038B12068006900F0030010B1204600F059
:1023A00050FA06F4003040B109F0100028B11020B6
:1023B00021684860204600F045FA06F4803040B1BC
:1023C00009F0080028B1082021684860204600F084
:1023D0006FFA06F4004088B309F0040078B306F4FD
:1023E000807020B108F0010008B145F0010506F445
:1023F000007020B108F0020008B145F0020506F4B3
:10240000806020B108F0040008B145F0040506F42E
:102410000060A0B108F0700088B108F0700040289A
:1024200017D006DC10280BD020280CD0302819D16A
:102430000CE0502810D0602814D110E01DE019E005
:1024400045F008050FE045F010050CE045F02005CB
:1024500009E045F0400506E045F0800503E045F45D
:10246000807500E000BF00BF2068806920F0700028
:10247000216888610420216848602DB1606A284382
:1024800060622046FFF71CFEBDE8F09F70B5044671
:102490000CB9012070BD94F8200010B9204600F05E
:1024A000AFF82068006820F002002168086000F0A2
:1024B000ADFC05460DE000F0A9FC401B0A2808D938
:1024C000606A40F400306062052084F8200001203A
:1024D000E0E72068406800F002000028EBD12068A7
:1024E000006840F001002168086000F08FFC05469C
:1024F0000DE000F08BFC401B0A2808D9606A40F40C
:1025000000306062052084F820000120C2E72068C6
:10251000406800F001000028EBD0207E012806D1A1
:102520002068006840F080002168086005E02068AD
:10253000006820F0800021680860607E012806D1D4
:102540002068006840F040002168086005E02068CD
:10255000006820F0400021680860A07E012806D1B4
:102560002068006840F020002168086005E02068CD
:10257000006820F0200021680860E07E012806D174
:102580002068006820F010002168086005E02068DD
:10259000006840F0100021680860207F012806D103
:1025A0002068006840F008002168086005E02068A5
:1025B000006820F0080021680860607F012806D1CB
:1025C0002068006840F004002168086005E0206889
:1025D000006820F0040021680860D4E90201084383
:1025E00021690843616908436168491E08432168FD
:1025F000C86100206062012084F82000002049E7C3
:1026000010B586B00446142101A8FEF738F84E49EB
:102610002068884241D14D480068401C4B49086001
:102620000846006801280FD100BF002000904848EC
:10263000006840F00070464908600846006800F0F5
:102640000070009000BF00BF00BF00200090404815
:102650001038006840F008003D491039086008460D
:10266000006800F00800009000BF00BF0320019048
:10267000022002900020039003200490092005907E
:1026800001A9344800F0BCFA00220621142000F011
:10269000B9FF142000F0A6FF54E02F4920688842BB
:1026A00050D100BF002000902948006840F08060B1
:1026B000274908600846006800F08060009000BF6D
:1026C00000BF22480068401C204908600846006896
:1026D00001280FD100BF002000901D48006840F085
:1026E00000701B4908600846006800F00070009008
:1026F00000BF00BF00BF00200090154810380068E0
:1027000040F002001249103908600846006800F0E5
:102710000200009000BF00BF6020019002200290E4
:1027200000200390032004900920059001A90B4884
:1027300000F066FA00220621402000F063FF4020EE
:1027400000F050FF06B010BD006400400000002003
:1027500040380240000C0240006800400004024083
:102760007047000010B58AB0044601AB03AA0021EF
:102770002046FFF7A6FC0398A0F20120072857D2B5
:10278000DFE800F00405060708090A0000BF00BFE3
:1027900000BF00BF00BF00BF0398401E264908705D
:1027A0000846007800EB8000244931F8100000B2A0
:1027B0002149097801EB8101204A02EB410108819E
:1027C0009DF805009DF8041040EA01201A49097897
:1027D00001EB810122F811009DF807009DF8061019
:1027E00040EA012000B21449097801EB810102EBB3
:1027F000410148809DF809009DF8081040EA012039
:1028000000B20D49097801EB810102EB410188809A
:102810009DF80A000849097801EB810102EB4101AA
:10282000887105490978491CC8B208F0C5FC00E068
:1028300000BF00BF0AB010BD24010020847000203A
:1028400070477047704770B5044694F8200001281F
:1028500022D1022084F820002068006820F00100C6
:102860002168086000F0D2FA05460DE000F0CEFACB
:10287000401B0A2808D9606A40F4003060620520D5
:1028800084F82000012070BD2068406800F001003D
:102890000028EBD16062F6E7606A40F400206062D5
:1028A0000120F0E7704770477047704770477047E6
:1028B000704700002DE9F0410446002500F0A6FA1B
:1028C000074614B90120BDE8F081606A00B100BF7D
:1028D00000BF002084F8340000BF022084F83500D7
:1028E0002068006820F00100216808600AE000F01C
:1028F0008DFAC01B052805D920206065032084F8C7
:102900003500E0E72068006800F001000028EED103
:102910002068056821480540D4E901010843E168C1
:1029200008432169084361690843A1690843E169D3
:102930000843216A08430543606A042803D1D4E9A7
:102940000B0108430543206805602068456925F0B0
:102950000705606A0543606A04280DD1A06A054333
:10296000E06A48B12046FFF79DF828B14020606535
:10297000012084F83500A6E7206845612046FFF76E
:1029800077F8064694F85C103F208840B06000203D
:102990006065012084F83500002094E73F8010F046
:1029A0002DE9F04104460E460127002500BF2548C9
:1029B000007E012802D10220BDE8F08101202149DA
:1029C000087600BF4CF25030FFF7F6F90746002FAB
:1029D00031D1401E3060206801280FD1207C616811
:1029E000FFF736F94CF25030FFF7E6F90746164884
:1029F000006820F00400144908601AE0A56812E09D
:102A0000217C2846FFF7BAF84CF25030FFF7D4F992
:102A100007460D48006820F0FA000B4908600FB126
:102A2000356005E06D1CD4E902100844A842E7D8DF
:102A300000BFFFF7D1F800BF00200249087600BFB1
:102A40003846B9E70C0D0020103C024003480068EE
:102A500040F000400149086000207047103C0240EF
:102A60002DE9F04106460F4614461D464FF0010879
:102A700000BF1F48007E012802D10220BDE8F0817E
:102A800001201B49087600BF4CF25030FFF794F943
:102A90008046B8F1000F23D126B9E1B23846FFF7DE
:102AA000EFF812E0012E04D1A1B23846FFF710F979
:102AB0000BE0022E04D121463846FFF71DF904E051
:102AC00022462B463846FFF7EDF84CF25030FFF720
:102AD00073F980460748006820F001000549086046
:102AE00000BF00200249087600BF4046C6E700004C
:102AF0000C0D0020103C024000200949096801F03B
:102B0000004159B10749064A0C3A11600649116063
:102B10000349096801F0004101B10120704700003C
:102B2000103C024023016745AB89EFCD10B5044648
:102B3000102C14D1092008F03FFB2248007840F007
:102B40000100204908702048007840F001001E492B
:102B500008701E480078A0B30AF078F831E0202C05
:102B60000ED1082008F028FB1948007840F0010039
:102B7000174908701548007818B30AF067F820E084
:102B8000082C09D10A2008F017FB1248007840F001
:102B900001001049087014E0012C12D10CF066FB02
:102BA00001280ED00C490D4800680BF03FFD0A4883
:102BB000006830B120070A490860BFF34F8FBFF3A8
:102BC0006F8F10BD86010020870100208901002041
:102BD0008501002088010020FC0100206001002008
:102BE00004ED00E010B5044604480068204020B120
:102BF000024804602046FFF799FF10BD143C0140D5
:102C0000F8B502460B460025002400200021DCE038
:102C1000012606FA01F51E6806EA0504AC4273D1E6
:102C20005E68022E02D05E68122E13D1CF0802F128
:102C3000200656F827004E07F70E0F26BE40B04379
:102C40004F07FF0E1E69BE403043CF0802F1200639
:102C500046F8270010684F000326BE40B0431E7997
:102C600006F003064F00BE40304310605E68012E40
:102C700008D05E68022E05D05E68112E02D05E6814
:102C8000122E13D190684F000326BE40B0434F0070
:102C9000DE68BE4030439060506801268E40B043ED
:102CA0001E79C6F300168E4030435060D0684F0046
:102CB0000326BE40B0434F009E68BE403043D06004
:102CC0005E6806F08056B6F1805F7DD100BF0026B9
:102CD0000096404E366846F480463E4F3E603E4683
:102CE000366806F48046009600BF00BF3A4E8F0853
:102CF00056F827008E07370F0F26BE40B043374ED9
:102D0000B24202D1002624E05EE0354EB24201D14B
:102D100001261EE0334EB24201D1022619E0324EA6
:102D2000B24201D1032614E0304EB24201D1042652
:102D30000FE02F4EB24201D105260AE02D4EB242DD
:102D400001D1062605E02C4EB24201D1072600E053
:102D500008268F073F0FBE4030431F4E8F0846F8AE
:102D60002700264E3068A0435E6806F48036B6F52C
:102D7000803F00D12043214E3060361D3068A04393
:102D80005E6806F40036B6F5003F00D120431B4EC6
:102D9000361D3060361D3068A0435E6806F480162C
:102DA000B6F5801F00D12043144E08363060361D22
:102DB0003068A0435E6806F40016B6F5001F00D127
:102DC00020430E4E0C363060491C1029FFF420AF12
:102DD000F8BD0000443802400838014000000240BD
:102DE0000004024000080240000C024000100240B3
:102DF0000014024000180240001C0240003C014048
:102E00000AB1816101E00B048361704701480068E9
:102E1000704700001C00002070B504460CB901206A
:102E200070BD94F83D0028B9002084F83C0020468D
:102E300000F0FAFA242084F83D002068006820F0B1
:102E400001002168086000F0C5FD05465C49606826
:102E5000884206D85B48854201D2012007E0002065
:102E600005E05948854201D2012000E000200128F8
:102E700000D1D5E75548B5FBF0F62068406820F052
:102E80003F003043216848604D496068884201D85E
:102E9000701C07E04FF4967070434FF47A71B0FBEA
:102EA000F1F0401C2168096A21F03F0108432168C4
:102EB000086243496068884214D8681E6168490006
:102EC000B0FBF1F0401CC0F30B00042801D2042039
:102ED0003DE0681E61684900B0FBF1F0401CC0F3A2
:102EE0000B0034E0A06838B9681E616801EB41014D
:102EF000B0FBF1F0401C0AE0681E616801EBC10202
:102F000002EB0111B0FBF1F0401C40F48040C0F333
:102F10000B0008B901201AE0A06848B9681E616872
:102F200001EB4101B0FBF1F0401CC0F30B000CE0E1
:102F3000681E616801EBC10202EB0111B0FBF1F008
:102F4000401CC0F30B0040F4804040F40040216876
:102F5000C9694CF6FF72914308432168C861D4E9FE
:102F6000070108432168096821F0C001084321686E
:102F70000860D4E9031008432168896848F2FF32E9
:102F80009143084321688860D4E90501084321681A
:102F9000C96821F0FF0108432168C8602068006803
:102FA00040F001002168086000202064202084F89F
:102FB0003D000020206384F83E0000BF30E70000A1
:102FC000A086010080841E0000093D0040420F00E1
:102FD0002DE9FC5F04460F4690469946DDE90CABAF
:102FE0000E9EFFF713FF054694F83D00202870D190
:102FF00019230122B0492046009502F00DF810B1C6
:103000000220BDE8FC9F00BF94F83C00012801D1DC
:103010000220F6E7012084F83C0000BF2068006829
:1030200000F0010028B92068006840F00100216824
:1030300008602068006820F4006021680860222091
:1030400084F83D00402084F83E0000202064C4F84D
:1030500024A0A4F82AB0608D20859848E0624B46F1
:10306000424639462046CDE9006501F0A5FE08B18B
:103070000120C6E7208D88B900BF0020019020689C
:103080004069019020688069019000BF00BF2068FE
:10309000006840F400702168086040E0208D01283D
:1030A00018D12068006820F480602168086000BFA3
:1030B000002001902068406901902068806901909B
:1030C00000BF00BF2068006840F4007021680860FD
:1030D00025E0EFE0208D022816D12068006820F45A
:1030E0008060216808602068006840F40060216802
:1030F000086000BF002001902068406901902068AE
:103100008069019000BF0AE000BF002001902068A4
:103110004069019020688069019000BF00BFBAE05B
:10312000208D03287ED8208D012815D12A463146CE
:10313000204602F016F808B1012062E72068006915
:10314000616A0870606A401C6062208D401E2085A4
:10315000608D401E60859EE0208D02282AD1334676
:10316000002257492046009501F056FF08B1012082
:1031700047E72068006840F4007021680860206814
:103180000069616A0870606A401C6062208D401EA0
:103190002085608D401E608520680069616A087026
:1031A000606A401C6062208D401E2085608D401E3C
:1031B000608570E03346002241492046009501F0C9
:1031C0002BFF08B101201CE72068006820F4806014
:1031D0002168086020680069616A0870606A401CA4
:1031E0006062208D401E2085608D401E60853346C4
:1031F000002233492046009501F00EFF08B101205E
:10320000FFE62068006840F40070216808602068CC
:103210000069616A0870606A401C6062208D401E0F
:10322000208500E010E0608D401E60852068006908
:10323000616A0870606A401C6062208D401E2085B3
:10324000608D401E608526E02A463146204601F00A
:1032500088FF08B10120D4E620680069616A08701F
:10326000606A401C6062208D401E2085608D401E7B
:10327000608520684069C0F3800060B12068006903
:10328000616A0870606A401C6062208D401E208563
:10329000608D401E6085208D00287FF441AF202086
:1032A00084F83D00002084F83E0000BF84F83C0014
:1032B00000BFA6E60220A4E6020010000000FFFF07
:1032C000040001002DE9FC5F04460F469046994634
:1032D000DDE90CAB0E9EFFF799FD054694F83D0025
:1032E00020287DD1192301224D492046009501F067
:1032F00093FE10B10220BDE8FC9F00BF94F83C0093
:10330000012801D10220F6E7012084F83C0000BF2B
:103310002068006800F0010028B92068006840F0CB
:103320000100216808602068006820F400602168BE
:103330000860212084F83D00402084F83E000020F1
:103340002064C4F824A0A4F82AB0608D20853548F4
:10335000E0624B46424639462046CDE9006501F021
:10336000C7FD08B10120C6E731E02A4631462046B4
:1033700001F037FF50B1206C042805D120680068A7
:1033800040F40070216808600120B4E7606A0078AA
:1033900021680861606A401C6062208D401E2085A3
:1033A000608D401E608520684069C0F3800070B168
:1033B000208D60B1606A007821680861606A401CF5
:1033C0006062208D401E2085608D401E6085208DAE
:1033D0000028CAD12A463146204601F0EFFD00E020
:1033E0001CE050B1206C042805D12068006840F42E
:1033F00000702168086001207DE72068006840F4C3
:10340000007021680860202084F83D00002084F8C6
:103410003E0000BF84F83C0000BF6CE702206AE772
:10342000020010000000FFFF10B586B00446142112
:1034300001A8FDF724F92A49206888424DD100BF30
:10344000002000902748006840F0040025490860EB
:103450000846006800F00400009000BF00BF00BFF5
:10346000002000900846006840F00100086008460F
:10347000006800F00100009000BF00BF48150190F7
:103480001220029001200390032004900420059054
:1034900001A91548FFF7B4FB4FF48070019012208A
:1034A000029001200390032004900420059001A9BC
:1034B0000E48FFF7A5FB00BF002000900948103020
:1034C000006840F4000007491031086008460068B1
:1034D00000F40000009000BF00BF06B010BD000067
:1034E000005C00403038024000080240000002400A
:1034F0000348006803490978084401490860704797
:103500001C0000202400002010B50D48006840F485
:1035100000700B4908600846006840F4806008604D
:103520000846006840F480700860032000F0A8F8A6
:103530000F2000F007F800F02BF8002010BD00006D
:10354000003C024070B504460E4800784FF47A7192
:10355000B1FBF0F00C490968B1FBF0F5284600F02A
:1035600072FF08B1012070BD102C07D20022214645
:10357000501E00F047F80548046001E00120F2E722
:103580000020F0E724000020280000202000002078
:1035900008B500BF002000901148006840F480404A
:1035A0000F4908600846006800F48040009000BFA2
:1035B00000BF00BF00200090081F006840F080504E
:1035C000091F08600846006800F08050009000BFA6
:1035D00000BF00220F21901E00F014F808BD00006B
:1035E0004438024001460846002809DB00F01F036A
:1035F00001229A4043099B0003F1E023C3F8002114
:1036000000BF70472DE9F05F80460D461646002743
:1036100006F0BCF9074639462A46334601F0070052
:10362000C0F1070ABAF1040F02D94FF0040A01E011
:10363000C0F1070AD14600F1040ABAF1070F02D21D
:103640004FF0000A01E0A0F1030AD4464FF0010A4E
:103650000AFA09FAAAF1010A0AEA020A0AFA0CFAB3
:103660004FF0010B0BFA0CFBABF1010B0BEA030B58
:103670004AEA0B042146404606F090F9BDE8F09F67
:1036800000BF00F00702064B19684FF6FF03194010
:10369000044B0B4343EA0221014B196000BF704702
:1036A0000CED00E00000FA05F8B504460025002600
:1036B000207800F0010020B9207800F004000428F0
:1036C0002FD100205B498866FFF7A0FB054606E086
:1036D000FFF79CFB401B022801D90320F8BD564888
:1036E0000068C0F3C0600028F2D160688101207AD0
:1036F00041EA007050498431086001204D498866D4
:10370000FFF784FB054606E0FFF780FB401B02281D
:1037100001D90320E2E748480068C0F3C0600028F0
:10372000F2D0207800F0020002287DD100BF0020F6
:10373000009041484030006840F080503E494031A0
:1037400008600846006800F08050009000BF00BF8D
:103750003A48006840F4807038490860FFF756FB2B
:10376000054606E0FFF752FB401B022801D9032063
:10377000B4E73248006800F480700028F2D02E4888
:103780007030006800F440764EB3A08900F44070B9
:10379000B04224D028487030006820F440760120E0
:1037A00027490860002008602348703006600068E0
:1037B00000F0010098B1FFF729FB054608E0FFF78C
:1037C00025FB401B41F28831884201D9032085E75F
:1037D000194870300068C0F340000028EFD000BFE7
:1037E000A08900F44070B0F5407F0CD11248083039
:1037F000006820F4F810134AE168114008430E49AC
:103800000831086007E00C480830006820F4F81020
:10381000094908310860084870300068A189C1F37F
:103820000B010843044900E002E07031086000BF6A
:10383000002053E70000474200380240007000407B
:10384000400E4742FFFCFF0F70B504460D460CB911
:10385000012070BD5848006800F00F00A84209D24E
:1038600055490D700846006800F00F00A84201D0CD
:103870000120EEE7207800F0020002281DD1207818
:1038800000F00400042805D14C48006840F4E050E2
:103890004A490860207800F00800082805D1474808
:1038A000006840F46040454908604448006820F0E2
:1038B000F000A168084341490860207800F0010049
:1038C000A8B36068012807D13C4808380068C0F3F5
:1038D0004040B8B90120BCE76068022802D06068A7
:1038E000032807D1354808380068C0F3406048B95C
:1038F0000120AEE7314808380068C0F3400008B93D
:103900000120A6E72D48006820F003006168084305
:103910002A490860FFF77AFA064609E0FFF776FAC7
:10392000801B41F28831884202D9032091E707E0E9
:103930002248006800F00C006168B0EB810FEDD107
:103940001D48006800F00F00A84209D91A490D70FF
:103950000846006800F00F00A84201D0012078E777
:10396000207800F00400042807D11448006820F4EF
:10397000E050E168084311490860207800F0080031
:10398000082808D10D48006820F46040216940EA09
:10399000C1000A49086000F03DF808490968C1F310
:1039A0000311074A515CC840064908600F20FFF721
:1039B000C9FD00204DE70000003C024008380240ED
:1039C000C801010828000020014800687047000075
:1039D0002800002000B5FFF7F7FF04490968C1F38C
:1039E0008221034A515CC84000BD000008380240F3
:1039F000D801010800B5FFF7E7FF04490968C1F3E2
:103A00004231034A515CC84000BD00000838024002
:103A1000D80101082DE9F047002400250026A14621
:103A20002548006800F00C0020B1042805D00828C3
:103A30003AD105E0DFF8849039E0DFF8849036E091
:103A40001D48001F006800F03F041B48001F00686D
:103A500000F4800078B11A481749091F0968C1F3BA
:103A60008811A0FB01700146224600233846FCF76E
:103A7000F1FC05460EE011480F49091F0968C1F322
:103A80008811A0FB01700146224600233846FCF74E
:103A9000E1FC05460848001F0068C0F30140401CD7
:103AA0004600B5FBF6F902E0DFF8109000BF00BF5A
:103AB0004846BDE8F0870000083802400024F400C2
:103AC000001BB700F8B504460CB90120F8BD2078FA
:103AD00000F00100002874D0F948006800F00C00E4
:103AE00004280DD0F648006800F00C00082813D117
:103AF000F348001F006800F48000B0F5800F0BD180
:103B0000EF4808380068C0F34040002859D060688A
:103B1000002856D10120D9E700BF6068B0F5803F8A
:103B200008D1E7480838006840F48030E449083993
:103B300008601EE06068B0F5A02F0DD1E04808389D
:103B4000006840F48020DE490839086008460068B3
:103B500040F4803008600CE0D9480838006820F450
:103B60008030D749083908600846006820F4802072
:103B7000086000BF606890B1FFF748F9054606E0AD
:103B8000FFF744F9401B642801D903209EE7CC4885
:103B900008380068C0F340400028F1D011E0FFF77A
:103BA00035F9054606E0FFF731F9401B642801D9D5
:103BB00003208BE7C24808380068C0F34040002863
:103BC000F1D1207800F0020002285FD1BC480068E3
:103BD00000F00C0058B1BA48006800F00C0008284A
:103BE0001CD1B748001F006800F48000B0B9B44889
:103BF00008380068C0F3400020B1E068012801D017
:103C0000012063E7AE480838006820F0F800216919
:103C100040EAC100AA490839086037E0E06800B30B
:103C20000120A8490860FFF7F1F8054606E0FFF714
:103C3000EDF8401B022801D9032047E7A0480838C7
:103C40000068C0F340000028F1D09D4808380068A3
:103C500020F0F800216940EAC1009949083908605C
:103C600014E0002097490860FFF7D0F8054606E009
:103C7000FFF7CCF8401B022801D9032026E7904823
:103C800008380068C0F340000028F1D1207800F027
:103C9000080008282CD16069A8B101208A49086071
:103CA000FFF7B4F8054606E0FFF7B0F8401B02281E
:103CB00001D903200AE782486C300068C0F3400055
:103CC0000028F1D014E000207F490860FFF79EF83B
:103CD000054606E0FFF79AF8401B022801D90320A9
:103CE000F4E677486C300068C0F340000028F1D15A
:103CF000207800F00400042870D100267048383085
:103D0000006800F0805090B900BF002000906C481F
:103D10003830006840F08050694938310860084602
:103D2000006800F08050009000BF00BF0126674887
:103D3000006800F48070B0B96448006840F4807096
:103D400062490860FFF762F8054606E0FFF75EF893
:103D5000401B022801D90320B8E65C48006800F443
:103D600080700028F2D000BFA068012808D1544814
:103D70006830006840F001005149683108601DE07A
:103D8000A06805280DD14E486830006840F0040056
:103D90004B49683108600846006840F0010008603F
:103DA0000CE047486830006820F001004449683161
:103DB00008600846006820F00400086000BFA068A2
:103DC000A8B1FFF723F8054609E0FFF71FF8401BED
:103DD00041F28831884202D9032077E626E038484C
:103DE00068300068C0F340000028EED013E0FFF711
:103DF0000DF8054608E0FFF709F8401B41F288314D
:103E0000884201D9032061E62D4868300068C0F37C
:103E100040000028EFD1012E07D129483830006832
:103E200020F0805026493831086000BFA069B8B33F
:103E30002348006800F00C0008285ED0A069022822
:103E400046D100201F490866FEF7E0FF054606E060
:103E5000FEF7DCFF401B022801D9032036E6184894
:103E600008380068C0F340600028F1D1D4E90701A8
:103E70000843616A40EA81110122A06AC2EB500046
:103E800041EA00412C20005D41EA00600C49091F15
:103E9000086001200B490866FEF7B8FF054607E0F9
:103EA0002DE0FEF7B3FF401B022801D903200DE6E9
:103EB000034808380068C0F340600028F1D01EE0D5
:103EC0000838024000004742800E47420070004020
:103ED00000200C490866FEF799FF054606E0FEF74C
:103EE00095FF401B022801D90320EFE50648006832
:103EF000C0F340600028F2D101E00120E6E5002097
:103F0000E4E50000000047420038024010B50446D6
:103F10000CB9012010BD607F20B900202077204619
:103F200000F060F80220607700BFCA202168486274
:103F300053202168486200BF204602F085FB40B153
:103F400000BFFF202168486200BF04206077012085
:103F5000E0E720688068224908402168886021697C
:103F600060680843616908432168896808432168DB
:103F700088602168E068086120680169208941EA59
:103F80000040216808612068C06820F08000216836
:103F9000C8602068806800F0200060B9204600F00A
:103FA0002DF840B100BFFF202168486200BF042007
:103FB00060770120AEE72068006C20F48020216843
:103FC00008642068006CA16908432168086400BF88
:103FD000FF202168486200BF01206077002099E738
:103FE000BFFF8FFF034A0168914202D10121024ABB
:103FF00011607047002800403C0E474270B50446EF
:1040000000252068C06820F0A0002168C860FEF785
:10401000FDFE054607E0FEF7F9FE401BB0F57A7F8E
:1040200001D9032070BD2068C06800F0200000287E
:10403000F1D00020F6E710B504460CB9012010BD00
:10404000606A00B900BF0021A16294F8510028B94C
:10405000002084F85000204600F034F8022084F854
:1040600051002068006820F0400021680860D4E911
:1040700001010843E1680843216908436169084375
:10408000218B01F400710843E1690843216A084368
:10409000A16A0843216808600421A06901EA104070
:1040A000616A0843216848602068C06920F40060A4
:1040B0002168C86100206065012084F8510000205B
:1040C000BDE7000010B586B00446142101A8FCF736
:1040D000D6FA4B49206888427ED100BF002000906C
:1040E0004848006840F48050464908600846006827
:1040F00000F48050009000BF00BF00BF002000907F
:1041000040481438006840F002003E491439086005
:104110000846006800F00200009000BF00BF00BF2A
:10412000002000900846006840F001000860084642
:10413000006800F00100009000BF00BF182001904F
:104140000220029001200390032004900520059096
:1041500001A92D48FEF754FD802001900220029015
:1041600001200390032004900520059001A9274811
:10417000FEF746FD2648274908604FF0C0604860BA
:10418000002124488160C1604FF4806101610021F9
:1041900041618161C1614FF440310162002141629E
:1041A000FEF788FB08B1FDF7E7FC00BF1948E064A3
:1041B000846300BF16481830174908604FF0C0608C
:1041C00048604021144881600021C1604FF4806143
:1041D00001610021416100E010E08161C1614FF4A3
:1041E0000031016200214162FEF764FB08B1FDF776
:1041F000C3FC00BF0848A064846300BF06B010BDC4
:1042000000300140443802400004024000000240F7
:10421000406402402C0A00208C0A00202DE9FF5F38
:104220000446884691461D460E9E012002900020BD
:10423000019000BF94F85000012803D1022004B07F
:10424000BDE8F09F012084F8500000BFFEF7DEFDBE
:10425000074694F851B060680390AA46BBF1010F7D
:104260000BD00398B0F5827F04D1A06810B9BBF1E0
:10427000040F02D002200190DBE0B8F1000F03D060
:10428000B9F1000F00D015B901200190D1E094F8E8
:104290005100042802D0052084F8510000206065F8
:1042A000C4F83890E587A587C4F83080E586A586F0
:1042B000206460642068006800F04000402805D059
:1042C0002068006840F0400021680860E068B0F5B0
:1042D000006F4AD1606810B1BAF1010F09D1206BAB
:1042E00000882168C860206B801C2063E08E401E1F
:1042F000E08633E02068806800F00200022810D1D8
:10430000E08E70B1029801280BD1206B00882168E3
:10431000C860206B801C2063E08E401EE086002079
:1043200002902068806800F0010068B1E08F58B109
:104330002068C068A16B0880A06B801CA063E08F20
:10434000401EE08701200290FEF760FDC01BB042D6
:1043500004D3701C10B1032001906AE0E08E0028A5
:10436000C8D1E08F0028C5D14AE0606810B1BAF129
:10437000010F09D1206B007821680873206B401C65
:104380002063E08E401EE08634E02068806800F004
:104390000200022810D1E08E70B1029801280BD1E2
:1043A000206B007821680873206B401C2063E08E2E
:1043B000401EE086002002902068806800F0010026
:1043C00068B1E08F58B12068C068A16B0870A06B1D
:1043D000401CA063E08F401EE08701200290FEF7A2
:1043E00015FDC01BB04201D3701C00B916B90320E3
:1043F00001901EE0E08E0028C7D1E08F0028C4D1D4
:104400003A463146204604F09DFD20B1012001903E
:10441000202060650DE0A06850B900BF002000902A
:104420002068C068009020688068009000BF00BFCE
:1044300000BF012084F8510000BF002084F8500024
:1044400000BF0198FBE670B504462546681EB0F132
:10445000807F01D301200FE0681E4FF0E02148610A
:104460000F214FF0FF3005F099FA00204FF0E021C6
:10447000886107200861002070BD10B50346002246
:1044800000BF93F83C00012801D1022010BD01209B
:1044900083F83C0000BF22F0FF00CC6840EA040231
:1044A00022F440708C6840EA040222F480604C6878
:1044B00040EA040222F400600C6840EA040222F49C
:1044C00080500C6940EA040222F400504C6940EA32
:1044D000040222F48040CC6940EA04021868426475
:1044E00000BF002083F83C0000BF00BFCEE710B53E
:1044F000024600BF92F83C00012801D1022010BD05
:10450000012082F83C0000BF022082F83D001068C4
:1045100043681068846823F070030868034324F03C
:104520008004486804431068436010688460012078
:1045300082F83D0000BF002082F83C0000BF00BFB1
:10454000DDE710B504460CB9012010BD94F83D001C
:1045500028B9002084F83C00204600F00DF8022025
:1045600084F83D00211D206804F018FE012084F825
:104570003D000020E9E7000008B53F4A016891428C
:104580000FD100BF002100913C49096841F00101B1
:104590003A4A11601146096801F00101009100BF1B
:1045A00069E0374A0168914211D100BF00210091B2
:1045B0003249091F096841F00201304A121F116097
:1045C0001146096801F00201009100BF53E02D4A35
:1045D0000168914211D100BF002100912749091FB4
:1045E000096841F00401254A121F1160114609684B
:1045F00001F00401009100BF3DE0234A01689142AF
:1046000011D100BF002100911C49091F096841F028
:1046100008011A4A121F11601146096801F00801C9
:10462000009100BF27E0194A016891420FD100BFF5
:10463000002100911149096841F002010F4A1160FF
:104640001146096801F00201009100BF13E0104A11
:10465000016891420FD100BF00210091074909680C
:1046600041F40031054A11601146096801F4003136
:10467000009100BF00BF08BD000001404438024067
:104680000004004000080040000C0040000401400D
:10469000004401400146022081F83D00086880681E
:1046A00000F00702062A05D00868006840F0010003
:1046B0000B681860012081F83D00002070472DE94B
:1046C000F04104460D4600BF94F83C00012802D199
:1046D0000220BDE8F081012084F83C0000BF0220E8
:1046E00084F83D002068866826F0770626F47F4629
:1046F000206886602868502833D00CDC202850D0F1
:1047000004DC00284BD0102851D149E0302849D092
:1047100040284CD139E060282DD0702807D0B0F562
:10472000805F03D0B0F5005F41D10DE040E0D5E9F6
:1047300002136A68206804F0AEFD2068866846F0BF
:1047400077062068866033E0D5E902136A6820683E
:1047500004F0A1FD2068806840F4804021688860F2
:1047600026E0EA686968206804F086FE5021206827
:1047700004F09CFD1CE0EA686968206804F08FFE84
:104780006021206804F092FD12E0EA686968206800
:1047900004F072FE4021206804F088FD08E000BFAC
:1047A00000BF00BF2968206804F080FD00E000BF62
:1047B00000BF012084F83D0000BF002084F83C00C9
:1047C00000BF00BF85E7000010B586B00446142185
:1047D00001A8FBF754FF99492068884232D100BFF5
:1047E000002000909648006840F01000944908604E
:1047F0000846006800F01000009000BF00BF4FF4B2
:10480000D4400190022002900120039002200490E5
:104810000120059001A98B48FEF7F2F98A48FFF7BD
:1048200039FF0021884800F0CFF90421864800F0C4
:10483000CBF90821844800F0C7F90C21824800F028
:10484000C3F9F8E081492068884224D100BF0020E4
:1048500000907B48006840F00400794908600846F1
:10486000006800F00400009000BF00BF88150190B0
:10487000022002900120039002200490059001A9DB
:104880007348FEF7BDF97348FFF704FF082171482C
:1048900000F09AF9CFE07049206888421ED100BF2D
:1048A000002000906648006840F0080064490860F5
:1048B0000846006800F00800009000BF00BF4FF4F9
:1048C000804001900220029000200390022004907A
:1048D000059001A96148FEF793F9ACE060492068B2
:1048E000884234D15F48FFF7D5FE08215D4800F0CB
:1048F0006BF900BF002000905148006840F0800034
:104900004F4908600846006800F08000009000BF32
:1049100000BF4FF4E050019002200290012003906C
:1049200002200490059001A94F48FEF769F94F480D
:10493000FFF7B0FE00214D4800F046F904214B4836
:1049400000F042F90821494800F03EF973E0484977
:104950002068884246D100BF002000903848006897
:1049600040F48070364908600846006800F48070A2
:10497000009000BF00BF00BF002000900846006804
:1049800040F0040008600846006800F00400009051
:1049900000BF00BF40200190022002900120039040
:1049A000022004900320059001A93248FEF728F95F
:1049B00040200190022002900120039002200490E8
:1049C0000320059001A92248FEF71AF92A48FFF7AB
:1049D00061FE0021284800F0F7F80421264800F085
:1049E000F3F828E025492068884224D100BF002040
:1049F00000901348006840F0200011490860084604
:104A0000006800F02000009000BF00BF402001902F
:104A100002200290012003900220049003200590C0
:104A200001A91748FEF7ECF81648FFF733FE0021FE
:104A3000144800F0C9F806B010BD000000000140A5
:104A40003038024000100240EC0A00200004004010
:104A5000000802402C0B002000080040000C02401F
:104A6000000C00406C0B0020001C0240AC0B00202E
:104A70000004014000200240EC0B002000440140F3
:104A8000001402402C0C002070B504460D4616465A
:104A900000BF94F83C00012801D1022070BD012024
:104AA00084F83C0000BF022084F83D0036B1042E9B
:104AB0001BD0082E31D00C2E5ED145E0294620684F
:104AC00004F0FEFB2068806940F0080021688861DE
:104AD0002068806920F0040021688861206880696E
:104AE000296908432168886147E02946206804F065
:104AF0001FFC2068806940F400602168886120689C
:104B0000806920F480602168886120688069296953
:104B100040EA0120216888612FE02946206804F0DE
:104B200045FC2068C06940F008002168C861206821
:104B3000C06920F004002168C8612068C069296943
:104B400008432168C86118E02946206804F06AFC1F
:104B50002068C06940F400602168C8612068C069AD
:104B600020F480602168C8612068C069296940EA32
:104B700001202168C86100E000BF00BF012084F867
:104B80003D0000BF002084F83C0000BF00BF85E767
:104B900010B504460CB9012010BD94F83D0028B9A9
:104BA000002084F83C00204600F00CF8022084F835
:104BB0003D00211D206804F0F1FA012084F83D0039
:104BC0000020E9E77047000070B504460E46012258
:104BD0003146206804F04EFB0F492068884203D01C
:104BE0000E492068884201D1012000E0002028B150
:104BF0002068406C40F40040216848642068806868
:104C000000F00705062D05D02068006840F001007F
:104C100021680860002070BD0000014000040140D0
:104C200010B504460CB9012010BDA06900B100E028
:104C300000BF94F8390028B9002084F838002046D5
:104C400000F028F8242084F839002068C06820F497
:104C500000502168C860204604F036FC20680069D6
:104C600020F49040216808612068406920F02A0003
:104C7000216848612068C06840F400502168C8601D
:104C80000020E063202084F8390084F83A000020F6
:104C9000CAE7000010B586B00446142101A8FBF74E
:104CA000EEFC2F492068884258D100BF00200090B8
:104CB0002C48006840F480202A49086008460068B3
:104CC00000F48020009000BF00BF00BF00200090D3
:104CD00024481038006840F0040022491039086068
:104CE0000846006800F00400009000BF00BF4FF4C9
:104CF0004060019002200290012003900320049064
:104D00000720059001A91848FDF77AFF17481849B0
:104D100008604FF000604860002115488160C16064
:104D20004FF480610161002141618161C1614FF4F3
:104D30000031016200214162FDF7BCFD08B1FCF7C2
:104D40001BFF00BF0A486063846300BF0022042188
:104D50002720FEF757FC2720FEF744FC06B010BDC5
:104D600000480040403802400008024028600240ED
:104D7000AC0C002000BFFEE7014608684069C0F3A4
:104D80008020B0B16FF480600A6850610020086331
:104D9000202081F83D00002081F83E00086C40F0A2
:104DA0000400086400BF002081F83C0000BF01201F
:104DB00070470020FCE700002DE9F84304460F4649
:104DC00015469946DDE908862068006840F4806051
:104DD000216808602068006840F4807021680860DD
:104DE000434600224FF001112046009600F014F9CE
:104DF00010B10120BDE8F88307F0FE0021680861CA
:104E0000334642463949204600F049F908B10120AD
:104E1000F0E700BF00200090206840690090206803
:104E20008069009000BF00BF32464146204600F036
:104E3000D8F950B1206C042805D12068006840F4EE
:104E40000070216808600120D4E7B9F1010F03D197
:104E5000E8B22168086117E0C5F3072021680861FE
:104E600032464146204600F0BCF950B1206C04287F
:104E700005D12068006840F40070216808600120B6
:104E8000B8E7E8B22168086132464146204600F0A2
:104E9000A8F950B1206C042805D12068006840F4BE
:104EA0000070216808600120A4E72068006840F4D1
:104EB000807021680860434600224FF001112046AF
:104EC000009600F0A9F808B1012093E7F8B240F08D
:104ED000010021680861334642460449204600F03B
:104EE000DEF808B1012085E7002083E70200010019
:104EF0002DE9F8430446884615469946DDE90867DA
:104F00002068006840F48070216808603346002201
:104F10004FF001112046009700F07EF810B10120FB
:104F2000BDE8F88308F0FE00216808613B46324680
:104F30002149204600F0B3F808B10120F0E700BF96
:104F400000200090206840690090206880690090EF
:104F500000BF00BF3A463146204600F042F950B14A
:104F6000206C042805D12068006840F40070216896
:104F700008600120D4E7B9F1010F03D1E8B221683C
:104F8000086117E0C5F30720216808613A463146F9
:104F9000204600F026F950B1206C042805D1206885
:104FA000006840F40070216808600120B8E7E8B2AA
:104FB000216808610020B3E70200010070B50446D3
:104FC0000D46164620E02046FFF7D6FE08B1012028
:104FD00070BD681CC0B1FDF719FF801BA84200D846
:104FE00095B900202063202084F83D00002084F83B
:104FF0003E00206C40F02000206400BF002084F8B8
:105000003C0000BF0120E3E720684069C0F3800056
:105010000028D8D00020DBE72DE9F04104460D46FA
:1050200017461E46DDF818801CE0701CD0B1FDF755
:10503000EDFEA0EB0800B04200D89EB9002020632E
:10504000202084F83D00002084F83E00206C40F0D1
:105050002000206400BF002084F83C0000BF012035
:10506000BDE8F081C5F3074001280AD120684069F6
:10507000A9B20840A9B2884201D101200BE000206A
:1050800009E020688069A9B20840A9B2884201D12C
:10509000012000E00020B842C7D00020E0E72DE961
:1050A000F04104460D4616461F463DE02068406923
:1050B000C0F38020E8B12068006840F400702168E7
:1050C00008606FF480602168486100202063202020
:1050D00084F83D00002084F83E00206C40F004007D
:1050E000206400BF002084F83C0000BF0120BDE820
:1050F000F081701CC0B1FDF789FEC01BB04200D822
:1051000096B900202063202084F83D00002084F818
:105110003E00206C40F02000206400BF002084F896
:105120003C0000BF0120E2E7C5F3074001280AD197
:1051300020684069A9B20840A9B2884201D1012083
:105140000BE0002009E020688069A9B20840A9B2FC
:10515000884201D1012000E000200028A6D00020D4
:10516000C5E770B504460D46164632E02068406932
:10517000C0F30010A0B16FF010002168486100205A
:105180002063202084F83D00002084F83E00206C3D
:10519000206400BF002084F83C0000BF012070BDE7
:1051A000FDF734FE801BA84200D895B9002020638B
:1051B000202084F83D00002084F83E00206C40F060
:1051C0002000206400BF002084F83C0000BF0120C4
:1051D000E5E720684069C0F380100028C6D00020B1
:1051E000DDE770B504460D46164620E02046FFF781
:1051F000C3FD08B1012070BD681CC0B1FDF706FEFB
:10520000801BA84200D895B900202063202084F894
:105210003D00002084F83E00206C40F02000206417
:1052200000BF002084F83C0000BF0120E3E72068B5
:105230004069C0F3C0100028D8D00020DBE7000090
:1052400070B504460D461646308888B9184890ED6A
:10525000000A184880ED000A154890ED010A15482B
:1052600080ED010A124890ED020A124880ED020A10
:10527000324611490F4807F029FC0E4890ED000A0C
:1052800085ED000A90ED010A85ED010A90ED020A14
:1052900085ED020AB7EE000A84ED000AB7EE000AB7
:1052A00084ED010AB7EE000A84ED020A70BD000029
:1052B0003C75002030750020F475002091ED000A47
:1052C0000E4A82ED000A91ED010A82ED010A91ED8C
:1052D000020A82ED020A92ED000A094A82ED000AF2
:1052E000064A92ED010A064A82ED010A034A92ED4E
:1052F000020A034A82ED020A704700003C75002052
:105300003075002008B5072007F09EFF02E06420FA
:1053100007F09AFFFBF7E4FD0028F8D102E06420D3
:1053200007F092FF07F0EEFD0028F8D19B4AA2F1AA
:105330000C01101DFBF7EEFD9948984B103B994A64
:1053400099490090994807F0EBFBDFED990A9FED32
:10535000990A994A0021994800F010FF914A924910
:105360009748FBF7FFFA904890ED000A954880EDCA
:10537000000A954880ED000A944880ED000A8A48AA
:1053800090ED010A8F4880ED010A8F4880ED010AF7
:105390008E4880ED010A844890ED020A894880ED2C
:1053A000020A894880ED020A884880ED020A00203E
:1053B00007F092FF044609F007FF854908601021B5
:1053C0008448C161FEF737FE08B1FCF7D5FB08221F
:1053D0008149824803F0F6FC012081490870DBE036
:1053E00000BF4FF0FF31012008F0D4FE0128F8D1B2
:1053F0007C48007800F0040058B17A48007820F02A
:105400000400784908706549091D7348401CFBF782
:1054100033FD7548007800F0040060B172480078F0
:1054200020F00400704908705C4A1032A2F11C019F
:105430006E48FBF7CBFC6E48007800F0040088B1A2
:105440006B48007820F004006949087053496948A6
:10545000FBF74EFE51481038D0ED040AB0EE600A5A
:1054600007F0AEFC4E484D4B103B4E4A4E49009063
:105470004E4807F055FB544890ED000A534880ED24
:10548000000A504890ED000A4F4880ED000A90ED68
:10549000000A5948D0ED000A20EE200A4B48D0ED12
:1054A000000A554890ED011A00EE810A3E48D0ED01
:1054B000000A514890ED021A00EE810A414880ED41
:1054C000000A414890ED010A404880ED010A3D483C
:1054D00090ED010A3C4880ED010A90ED010A464832
:1054E000D0ED000A20EE200A3848D0ED010A4248EB
:1054F00090ED011A00EE810A2B48D0ED010A3E48DA
:1055000090ED021A00EE810A2E4880ED010A2E4825
:1055100090ED020A2D4880ED020A2A4890ED020A19
:10552000294880ED020A90ED020A3348D0ED000AC6
:1055300020EE200A2548D0ED020A2F4890ED011AEE
:1055400000EE810A1848D0ED020A2B4890ED021AAD
:1055500000EE810A1B4880ED020A124B02461349F5
:105560009FED260A1648FBF769FB254B1A1F111FF2
:10557000134806F099F92348007800F0010021490A
:10558000087048B10846007820F00100087008460D
:10559000007840F00200087022E700001C7500202F
:1055A000607500200C76002000760020F475002045
:1055B0000080894500A08C455C02010888750020A8
:1055C00018760020E8750020DC750020D0750020DA
:1055D00060010020D4090020640100206C0100203B
:1055E000890100208501002086010020027500202D
:1055F000870100207F010020680201086F12833AB2
:10560000307600208801002010B50E480E49086051
:105610000320486000210C488160C1604FF41021D4
:1056200001614FF4001141610021017641768176DC
:10563000C17601774177FCF729FF08B1FCF79CFAA6
:1056400010BD0000006400406802002010B50E4844
:105650000E4908600320486000210C488160C16049
:105660004FF4102101614FF40011416100210176D6
:1056700041768176C17601774177FCF707FF08B163
:10568000FCF77AFA10BD000000680040900200208C
:1056900008B500BF002000901A48006840F4800060
:1056A000184908600846006800F48000009000BFB8
:1056B00000BF00BF002000900846006840F40010C2
:1056C00008600846006800F40010009000BF00BFAA
:1056D000002205210C20FDF795FF0C20FDF782FF2D
:1056E000002205213A20FDF78DFF3A20FDF77AFFD1
:1056F000002205213B20FDF785FF3B20FDF772FFCF
:1057000008BD00003038024000B5ABB01C2224496F
:1057100024A8FAF77AFF002124A807F0AEFD21495A
:1057200008601C221E491C311DA8FAF76EFF0021DB
:105730001DA807F0A2FD1C4908601C221849383139
:1057400016A8FAF762FF002116A807F096FD174980
:1057500008601C22124954310FA8FAF756FF0021A5
:105760000FA807F08AFD124908601C220C4970310D
:1057700008A8FAF74AFF002108A807F07EFD0D49A6
:1057800008601C2206498C3101A8FAF73EFF00216F
:1057900001A807F072FD084908602BB000BD0000A9
:1057A0001801010818000020040000200800002053
:1057B0000C000020100000201400002000B587B06D
:1057C000142102A8FAF75BFF00BF0020019079487E
:1057D000006840F00200774908600846006800F061
:1057E0000200019000BF00BF00BF002001900846EA
:1057F000006840F0010008600846006800F0010001
:10580000019000BF00BF00BF002001900846006863
:1058100040F0080008600846006800F008000190A9
:1058200000BF00BF00BF002001900846006840F0A4
:10583000040008600846006800F00400019000BF02
:1058400000BF00BF002001900846006840F480704F
:1058500008600846006800F48070019000BF00BF37
:1058600000BF002001900846006840F080000860FA
:105870000846006800F08000019000BF00BF00BF34
:10588000002001900846006840F04000086008468B
:10589000006800F04000019000BF00BF00BF002082
:1058A00001900846006840F0200008600846006843
:1058B00000F02000019000BF00BF00BF0020019059
:1058C0000846006840F0100008600846006800F0D4
:1058D0001000019000BF00BF012240213648FDF7B3
:1058E0008FFA012210213548FDF78AFA012211466C
:1058F0003348FDF785FA80200290002003900120B4
:10590000049002A92F48FDF77BF940200290012066
:1059100003900490059002A92748FDF771F909202A
:105920000290294803900120049002A92248FDF723
:1059300067F9102002900120039004900220059046
:1059400002A91E48FDF75CF9302002901E48039022
:105950000120049002A91D48FDF752F90120029090
:10596000039004900220059002A91548FDF748F91C
:10597000002206210846FDF745FE0620FDF732FE0F
:10598000002205210920FDF73DFE0920FDF72AFE32
:10599000002205210A20FDF735FE0A20FDF722FE30
:1059A000002205211720FDF72DFE1720FDF71AFE16
:1059B00007B000BD3038024000180240000002402D
:1059C00000040240002002400000211000080240B4
:1059D00010B50B480B4908600B4848600021094886
:1059E0008160C1604FF480410161002141618161AA
:1059F000C1610162FDF710FA08B1FCF7BDF810BDF6
:105A0000005C004060090020801A060010B50A48BA
:105A10000A490860002048607C210848816040F6FF
:105A20007F41C1600021016141618161FEF76EFA31
:105A300008B1FCF7A1F810BD00280040B40900200F
:105A400010B50F480F4908604FF48270486000217C
:105A50000C488160C160022101610121416149025C
:105A600081613821C16100210162416281620A21A4
:105A7000C162FEF7E0FA08B1FCF77EF810BD000045
:105A800000300140D409002000B587B01C216846D1
:105A9000FAF7F5FD15481649086000204860002116
:105AA0001348816041F28731C16000210161816149
:105AB000FEF747FD08B1FCF75FF80D48FFF768F8FF
:105AC00008B1FCF759F86020009000200190029086
:105AD0000490002269460648FEF7D6FF08B1FCF79D
:105AE0004BF80348FEF770FE07B000BD00440140CC
:105AF0002C0C002000B595B000201190129013904E
:105B000014900F9010901C2108A8FAF7B8FD2021DE
:105B10006846FAF7B4FD384838490860A72048605D
:105B200000213648816044F61F61C1600021016197
:105B300041618161FEF705FD08B1FCF71DF84FF4E6
:105B40008050119011A92D48FEF7B9FD08B1FCF75E
:105B500013F82A48FFF71CF808B1FCF70DF80020ED
:105B60000F9010900FA92548FEF7C1FC08B1FCF773
:105B700003F8602008904FF47A70099000200A9092
:105B80000B900C900D900E90002208A91B48FEF778
:105B90007BFF08B1FBF7F0FF042208A91748FEF7C6
:105BA00073FF08B1FBF7E8FF082208A91348FEF7C6
:105BB0006BFF08B1FBF7E0FF0C2208A90F48FEF7C6
:105BC00063FF08B1FBF7D8FF00200090019002901E
:105BD000039004904FF40050059000200790694610
:105BE0000648FEF74AFC08B1FBF7C6FF0348FEF77C
:105BF000EBFD15B000BD000000000140EC0A0020E4
:105C000000B58DB0002009900A900B900C90079081
:105C100008901C216846FAF732FD204820490860A8
:105C20000020486000211E48816042F2CF01C1601F
:105C3000002101618161FEF784FC08B1FBF79CFF44
:105C40004FF48050099009A91548FEF738FD08B1B6
:105C5000FBF792FF1248FEF79BFF08B1FBF78CFFA2
:105C600000200790089007A90D48FEF740FC08B1F6
:105C7000FBF782FF602000900020019002900490CA
:105C8000082269460648FEF7FFFE08B1FBF774FFDD
:105C90000348FEF799FD0DB000BD00000004004070
:105CA0002C0B002000B58DB0002009900A900B90BD
:105CB0000C90079008901C216846FAF7E0FC2148F8
:105CC00021490860A720486000211F4881604FF6E5
:105CD000FF71C160002101618161FEF732FC08B1F2
:105CE000FBF74AFF4FF48050099009A91648FEF7C8
:105CF000E6FC08B1FBF740FF1348FEF749FF08B187
:105D0000FBF73AFF00200790089007A90E48FEF71E
:105D1000EEFB08B1FBF730FF602000904FF47A7083
:105D20000190002002900490082269460648FEF780
:105D3000ABFE08B1FBF720FF0348FEF745FD0DB0B1
:105D400000BD0000000800406C0B002000B58DB0C5
:105D5000002009900A900B900C90079008901C214D
:105D60006846FAF78CFC28482849086000204860FB
:105D70000021264881604FF6FF71C160002101615A
:105D80008161FEF7DEFB08B1FBF7F6FE4FF48050B1
:105D9000099009A91D48FEF792FC08B1FBF7ECFE3B
:105DA0001A48FEF7F5FE08B1FBF7E6FE0020079063
:105DB000089007A91548FEF79AFB08B1FBF7DCFE2F
:105DC000602000900020019002900490002269461B
:105DD0000E48FEF759FE08B1FBF7CEFE04226946D5
:105DE0000A48FEF751FE08B1FBF7C6FE08226946D5
:105DF0000648FEF749FE08B1FBF7BEFE0348FEF772
:105E0000E3FC0DB000BD0000000C0040AC0B002016
:105E100000B595B0002011901290139014900F903F
:105E200010901C2108A8FAF72AFC20216846FAF7EE
:105E300026FC304830490860A720486000212E48E1
:105E4000816044F61F61C16000210161416181618F
:105E5000FEF777FB08B1FBF78FFE4FF480501190EF
:105E600011A92548FEF72BFC08B1FBF785FE224857
:105E7000FEF78EFE08B1FBF77FFE00200F9010901A
:105E80000FA91D48FEF733FB08B1FBF775FE602034
:105E900008904FF47A70099000200A900B900C90B3
:105EA0000D900E90002208A91348FEF7EDFD08B1F1
:105EB000FBF762FE042208A90F48FEF7E5FD08B1D2
:105EC000FBF75AFE0020009001900290039004908E
:105ED0004FF4005005900020079069460648FEF7F1
:105EE000CCFA08B1FBF748FE0348FEF76DFC15B08D
:105EF00000BD000000040140EC0B002010B50B4871
:105F00000B4908600B484860002109488160C16066
:105F10004FF4806101610C21416100218161C16107
:105F2000FEF77EFE08B1FBF727FE10BD00480040DB
:105F30006C0C0020A086010000BFFEE77047000047
:105F4000B0EE401A10B99FED790A704790ED100A33
:105F500080ED110A90ED0F0A80ED100AC0ED060ADF
:105F600080ED071A30EEC10A80ED0F0A0178002992
:105F700075D190ED010AD0ED0F1A20EE210A80EDC7
:105F8000090A90ED0A0AD0ED021A90ED0F2A01EEEF
:105F9000820A80ED0A0A90ED0D0A80ED0E0A90ED5E
:105FA0000C0A80ED0D0A90ED0F0AD0ED101A30EEBC
:105FB000610A80ED0C0A90ED030AD0ED0C1A20EE78
:105FC000210A80ED0B0A90ED0A0AD0ED051AB4EE15
:105FD000E10AF1EE10FA04DD90ED050A80ED0A0AFF
:105FE00010E090ED0A0AD0ED051AF1EE611AB4EE58
:105FF000E10AF1EE10FA05D290ED050AB1EE400A81
:1060000080ED0A0A90ED090AD0ED0A1A30EE210A55
:10601000D0ED0B1A30EE210A80ED080A90ED080A47
:10602000D0ED041AB4EEE10AF1EE10FA04DD90EDC1
:10603000040A80ED080A76E090ED080AD0ED041A13
:10604000F1EE611AB4EEE10AF1EE10FA6BD290EDC6
:10605000040AB1EE400A80ED080A64E0FFE7017827
:10606000012960D190ED0F0AD0ED101A30EE610ACF
:10607000D0ED011A20EE210A80ED090A90ED020A06
:10608000D0ED0F1A20EE210A80ED0A0A90ED0D0ADC
:1060900080ED0E0A90ED0C0A80ED0D0A90ED0F0ACE
:1060A000D0ED101AB0EE002A02EE610AD0ED111AFE
:1060B00030EE210A80ED0C0A90ED030AD0ED0C1AA7
:1060C00020EE210A80ED0B0A90ED090AD0ED0A1AA4
:1060D00030EE210AD0ED0B1A30EE210AD0ED081A6D
:1060E00030EE210A80ED080A90ED080AD0ED041A7E
:1060F000B4EEE10AF1EE10FA04DD90ED040A80ED51
:10610000080A10E090ED080AD0ED041AF1EE611AC9
:10611000B4EEE10AF1EE10FA05D290ED040AB1EE08
:10612000400A80ED080A90ED080A0EE70000000022
:1061300000B970479FED100A80ED110A80ED100A3A
:1061400080ED0F0A9FED0C0A80ED0E0A80ED0D0A1E
:1061500080ED0C0A9FED080A80ED0B0A80ED0A0A1B
:1061600080ED090A80ED080A9FED030A80ED060A1A
:1061700080ED070A00BFDCE70000000000B102B9B3
:106180007047017092ED001A80ED011A92ED011A2C
:1061900080ED021A92ED021A80ED031A80ED040AD6
:1061A000C0ED050A9FED0C1A80ED0E1A80ED0D1A58
:1061B00080ED0C1A9FED081A80ED081A80ED0B1A7D
:1061C00080ED0A1A80ED091A80ED111A80ED101A7F
:1061D00080ED0F1A00BFD3E70000000010B5234B7D
:1061E0001B685B6943F04003204C246863611F4BCC
:1061F0001B68DB6843F010031C4C2468E3601C4BF5
:106200001B681B6823F00103194C2468236007E016
:10621000174B1B681B6823F00103154C246823608F
:10622000134B1B681B6803F00103002BF0D1114BCB
:106230000F4C2468A3600E4B1B68D8600C4B1B6886
:1062400019610B4B1B685A60094B1B681B6843F4B0
:106250008023074C24682360054B1B681B6843F0B0
:106260000103034C2468236010BD00006C0C002067
:10627000AC0C00200448004010B50020CF49087045
:1062800017E0CE48007800EB800101EBC000CC495C
:1062900008440079C00938B10020CA490880CA49B9
:1062A0000880CA49087010BDC4480078401CC34922
:1062B0000870C24800780528E3DBC448007878B944
:1062C000C1480088B0F5FA6F0ADD08F0DFFFC04969
:1062D00008600120BD4908700020BB4908804FE0DC
:1062E000BA480078022813D1B7480088B0F5FA6F91
:1062F0000EDD0020B5490870B3490880B048407CE5
:1063000020F080008030AE49487404F001FB37E093
:10631000AE48007803281DD1AB480088B0F5FA6F6D
:1063200018DD0020A9490870A7490880A448807F8B
:1063300020F080008030A24988772820A549C870C5
:10634000084690F903002D2801DD2D20C87004F0C7
:10635000DFFA15E09D480078042811D19A4800889A
:10636000B0F5FA6F0CDD0020984908709649088056
:10637000FAF7F4FEFAF7F2FEFAF7F0FE04F0C8FAC4
:1063800095480068B0F9000010F5167F27DA9248AA
:106390000068B0F9020010F5167F20DA8E48006818
:1063A000B0F90400B0F5167F19DD8B480068B0F92C
:1063B000060010F5167F12DA87480068807A0228F6
:1063C0000DD185480068C07A022808D17F4800783E
:1063D00028B97D480088401C7B49088098E07E48A9
:1063E0000068B0F90000B0F5167F2ADD7A48006831
:1063F000B0F90200B0F5167F23DD77480068B0F9E8
:10640000040010F5167F1CDA73480068B0F9060026
:10641000B0F5167F15DD70480068807A022810D12B
:106420006D480068C07A02280BD16848007840B1F6
:1064300065480088401C6449088002206349087050
:1064400066E065480068B0F90000B0F5167F2ADD07
:1064500061480068B0F9020010F5167F23DA5E4843
:106460000068B0F9040010F5167F1CDA5A4800687D
:10647000B0F9060010F5167F15DA57480068807AE3
:10648000022810D154480068C07A02280BD14F4826
:10649000007840B14C480088401C4B4908800320DC
:1064A0004A49087034E04C480068B0F9000010F523
:1064B000167F2ADA48480068B0F90200B0F5167F66
:1064C00023DD45480068B0F90400B0F5167F1CDDF7
:1064D00041480068B0F90600B0F5167F15DD3E486A
:1064E0000068807A022810D13B480068C07A0228F0
:1064F0000BD13648007840B133480088401C3249FF
:10650000088004203149087002E000202E490880EC
:1065100008F0BCFE31490860084600682C4909684B
:10652000401A44F62061884203D9002027490870A8
:10653000B9E62A48006826490968401A42F21071F3
:1065400088420BD92248006840B12048007828B121
:1065500044F61F611F2004F0E3F910E01F480068B3
:106560001B490968401A0AD01948006838B1174811
:10657000007820B142F210715F2004F0D1F9134885
:10658000007820B10F480088401C0E4908800D4853
:106590000088B0F5C87F05DD0C48007810B10020F8
:1065A0000849088007480088C82804DD07480078A3
:1065B00008B104F0ADF900BF75E600000501002048
:1065C000407000200C0100200E010020100100206E
:1065D00008010020C8000020C400002000010020A5
:1065E00011490968C96821F400510F4A1268D16045
:1065F0000E490968096821F001010C4A126811600E
:106600000A490968486009490968096841F00101B7
:10661000064A1268116004490968C96841F40051CA
:10662000014A1268D16070476C0C0020AC0C00204D
:1066300004480068C06820F4005002490968C86036
:10664000704700006C0C002070B5044600252068DF
:10665000C06800F04000A0B9681E2168C860FCF75F
:10666000D5FB054607E0FCF7D1FB401BB0F57A7F70
:1066700001D9032070BD2068C06800F040000028E8
:10668000F1D00020F6E7000010B5FB4B1B681B683B
:1066900023F00103F84C24682360F84B1B681B6847
:1066A00023F00103F54C2468236007E0F24B1B68DC
:1066B0001B6823F00103F04C24682360EE4B1B6839
:1066C0001B6803F00103002BF0D107E0EB4B1B68C4
:1066D0001B6823F00103E94C24682360E74B1B6827
:1066E0001B6803F00103002BF0D1E54BDB6C1B684A
:1066F000E44CA34275D9E24BDB6C1B68E24CA3422D
:1067000001D1202368E0DE4BDB6C1B68DD4C483C8C
:10671000A34201D120235FE0D94BDB6C1B68DA4C2C
:106720006034A34201D1202356E0D54BDB6C1B68BB
:10673000D44C1834A34201D120234DE0D04BDB6C64
:106740001B68D14C1834A34201D1DB1444E0CC4B7C
:10675000DB6C1B68CB4C303CA34201D1DB143BE02B
:10676000C74BDB6C1B68C84C7834A34201D1DB14E7
:1067700032E0C34BDB6C1B68C24C3034A34201D106
:10678000DB1429E0BE4BDB6C1B68BF4C3034A342EA
:1067900002D14FF400131FE0B94BDB6C1B68B94CFE
:1067A000183CA34202D14FF4001315E0B44BDB6C4C
:1067B0001B68B54C9034A34202D14FF400130BE098
:1067C000AF4BDB6C1B68AF4C4834A34202D14FF493
:1067D000001301E04FF00063AA4C4C3C236076E1CB
:1067E000FFE7A74BDB6C1B68A74CA834A34275D905
:1067F000A34BDB6C1B68A44CA34201D1202369E0AE
:106800009F4BDB6C1B689F4C483CA34201D120236B
:1068100060E09B4BDB6C1B689B4C6034A34201D156
:10682000202357E0964BDB6C1B68964C1834A34230
:1068300001D120234EE0924BDB6C1B68924C183444
:10684000A34201D1DB1445E08D4BDB6C1B688D4C02
:10685000303CA34201D1DB143CE0894BDB6C1B686C
:10686000894C7834A34201D1DB1433E0844BDB6CD8
:106870001B68844C3034A34201D1DB142AE0804BE6
:10688000DB6C1B68804C3034A34202D14FF4001300
:1068900020E07B4BDB6C1B687A4C183CA34202D196
:1068A0004FF4001316E0764BDB6C1B68764C90348B
:1068B000A34202D14FF400130CE0714BDB6C1B6858
:1068C000704C4834A34203D14FF4001302E005E0BA
:1068D0004FF000636B4C503C2360F8E0684BDB6C7E
:1068E0001B68694C4834A34275D9654BDB6C1B6847
:1068F000654CA34201D1202368E0614BDB6C1B682F
:10690000604C483CA34201D120235FE05C4BDB6C30
:106910001B685D4C6034A34201D1202356E0584BE4
:10692000DB6C1B68574C1834A34201D120234DE087
:10693000534BDB6C1B68544C1834A34201D1DB145D
:1069400044E04F4BDB6C1B684E4C303CA34201D102
:10695000DB143BE04A4BDB6C1B684B4C7834A342A6
:1069600001D1DB1432E0464BDB6C1B68454C303404
:10697000A34201D1DB1429E0414BDB6C1B68424C84
:106980003034A34202D14FF400131FE03C4BDB6CC8
:106990001B683C4C183CA34202D14FF4001315E095
:1069A000374BDB6C1B68384C9034A34202D14FF458
:1069B00000130BE0324BDB6C1B68324C4834A342B3
:1069C00002D14FF4001301E04FF000632E4C103C55
:1069D000E3607CE0FFE72A4BDB6C1B682A4CA34298
:1069E00001D1202370E0264BDB6C1B68254C483C12
:1069F000A34201D1202367E0214BDB6C1B68224CB2
:106A00006034A34201D120235EE01D4BDB6C1B6888
:106A10001C4C1834A34201D1202355E0184BDB6CE9
:106A20001B68194C1834A34201D1DB144CE0144B01
:106A3000DB6C1B68134C303CA34201D1DB1443E0F8
:106A40000F4BDB6C1B68104C7834A34201D1DB1474
:106A50003AE00B4BDB6C1B680A4C3034A34201D18B
:106A6000DB1431E0064BDB6C1B68074C3034A3426F
:106A70000CD14FF4001327E02C0A00208C0A0020D0
:106A8000D40900205864024010600240F74BDB6CD0
:106A90001B68F74CA34202D14FF4001314E0F34BF0
:106AA000DB6C1B68F34CA34202D14FF400130BE0E4
:106AB000EE4BDB6C1B68EE4C6034A34202D14FF40A
:106AC000001301E04FF00063EA4CA03CA360E74BE9
:106AD000DB6C1B68E64C1834A34274D9E34BDB6CC7
:106AE0001B68E44C903CA34201D1102366E0DF4BCD
:106AF000DB6C1B68DE4C303CA34201D110235DE00F
:106B0000DA4BDB6C1B68DB4C303CA34201D1102319
:106B100054E0D64BDB6C1B68D54C3034A34201D11A
:106B200010234BE0D14BDB6C1B68D24C783CA3426A
:106B300001D11B1542E0CD4BDB6C1B68CC4C183CE3
:106B4000A34201D11B1539E0C84BDB6C1B68C94C53
:106B5000183CA34201D11B1530E0C44BDB6C1B6811
:106B6000C34C4834A34201D11B1527E0BF4BDB6C5B
:106B70001B68C04C603CA34202D14FF480131DE05F
:106B8000BA4BDB6C1B68BA4CA34202D14FF48013A2
:106B900014E0B64BDB6C1B68B64CA34202D14FF439
:106BA00080130BE0B14BDB6C1B68B14C6034A3422B
:106BB00002D14FF4801301E04FF08063AC4C343CC1
:106BC000236070E1FFE7A94BDB6C1B68A94C18340C
:106BD000A34274D9A54BDB6C1B68A64C903CA34226
:106BE00001D1102366E0A14BDB6C1B68A04C303C4C
:106BF000A34201D110235DE09C4BDB6C1B689D4CD4
:106C0000303CA34201D1102354E0984BDB6C1B684D
:106C1000974C3034A34201D110234BE0934BDB6CF3
:106C20001B68944C783CA34201D11B1542E08F4B6A
:106C3000DB6C1B688E4C183CA34201D11B1539E05C
:106C40008A4BDB6C1B688B4C183CA34201D11B1593
:106C500030E0864BDB6C1B68854C4834A34201D185
:106C60001B1527E0814BDB6C1B68824C603CA34208
:106C700002D14FF480131DE07C4BDB6C1B687C4C15
:106C8000A34202D14FF4801314E0784BDB6C1B68F5
:106C9000784CA34202D14FF480130BE0734BDB6CB2
:106CA0001B68734C6034A34202D14FF4801301E09F
:106CB0004FF080636E4C383C2360F4E0FFE76B4B91
:106CC000DB6C1B686B4C483CA34274D9674BDB6C94
:106CD0001B68684C903CA34201D1102366E0634BD3
:106CE000DB6C1B68624C303CA34201D110235DE099
:106CF0005E4BDB6C1B685F4C303CA34201D1102320
:106D000054E05A4BDB6C1B68594C3034A34201D120
:106D100010234BE0554BDB6C1B68564C783CA34270
:106D200001D11B1542E0514BDB6C1B68504C183CE9
:106D3000A34201D11B1539E04C4BDB6C1B684D4C59
:106D4000183CA34201D11B1530E0484BDB6C1B689B
:106D5000474C4834A34201D11B1527E0434BDB6C61
:106D60001B68444C603CA34202D14FF480131DE0E9
:106D70003E4BDB6C1B683E4CA34202D14FF48013A8
:106D800014E03A4BDB6C1B683A4CA34202D14FF43F
:106D900080130BE0354BDB6C1B68354C6034A34231
:106DA00002D14FF4801301E04FF08063314CA03CDE
:106DB000E36078E0FFE72D4BDB6C1B682D4C903CCB
:106DC000A34201D110236BE0284BDB6C1B68284CDD
:106DD000303CA34201D1102362E0244BDB6C1B68E2
:106DE000244C303CA34201D1102359E01F4BDB6CF3
:106DF0001B681F4C3034A34201D1102350E01B4BC1
:106E0000DB6C1B681B4C783CA34201D11B1547E08F
:106E1000164BDB6C1B68164C183CA34201D11B15AA
:106E20003EE0124BDB6C1B68124C183CA34201D1B4
:106E30001B1535E00D4BDB6C1B680D4C4834A34231
:106E400001D11B152CE0094BDB6C1B68094C603C25
:106E5000A34202D14FF4801322E0044BDB6C1B6889
:106E6000034CA34208D14FF4801319E0D409002049
:106E700040640240A0600240F74BDB6C1B68F74C9B
:106E8000A34202D14FF480130AE0F34BDB6C1B6882
:106E9000F34CA34202D14FF4801301E04FF0806322
:106EA000EE4CA03CA360EC4BDB6C1B68EC4C483C0C
:106EB000A34274D9E84BDB6C1B68E84C903CA342BE
:106EC00001D1082366E0E44BDB6C1B68E44C903C8A
:106ED000A34201D108235DE0DF4BDB6C1B68DF4C74
:106EE000303CA34201D1082354E0DB4BDB6C1B6830
:106EF000DB4C303CA34201D108234BE0D64BDB6C8A
:106F00001B68D64C783CA34201D15B1542E0D24BC2
:106F1000DB6C1B68D24C783CA34201D15B1539E095
:106F2000CD4BDB6C1B68CD4C183CA34201D15B15EB
:106F300030E0C94BDB6C1B68C94C183CA34201D143
:106F40005B1527E0C44BDB6C1B68C44C603CA34260
:106F500002D14FF400231DE0BF4BDB6C1B68C04C1B
:106F6000603CA34202D14FF4002313E0BA4BDB6C28
:106F70001B68BA4CA34202D14FF400230AE0B64B7F
:106F8000DB6C1B68B64CA34202D14FF4002301E036
:106F90004FF00073B24C943C236070E1FFE7AE4BBE
:106FA000DB6C1B68AD4C1834A34274D9AA4BDB6C64
:106FB0001B68AA4C903CA34201D1082366E0A64B73
:106FC000DB6C1B68A64C903CA34201D108235DE01A
:106FD000A14BDB6C1B68A14C303CA34201D10823C0
:106FE00054E09D4BDB6C1B689D4C303CA34201D1AF
:106FF00008234BE0984BDB6C1B68984C783CA34211
:1070000001D15B1542E0944BDB6C1B68944C783CDF
:10701000A34201D15B1539E08F4BDB6C1B688F4CB1
:10702000183CA34201D15B1530E08B4BDB6C1B6835
:107030008B4C183CA34201D15B1527E0864BDB6CDF
:107040001B68864C603CA34202D14FF400231DE034
:10705000814BDB6C1B68824C603CA34202D14FF435
:10706000002313E07C4BDB6C1B687C4CA34202D1F9
:107070004FF400230AE0784BDB6C1B68784CA3428A
:1070800002D14FF4002301E04FF00073744C983CA0
:107090002360F4E0FFE7704BDB6C1B686F4C483CEF
:1070A000A34274D96C4BDB6C1B686C4C903CA342C4
:1070B00001D1082366E0684BDB6C1B68684C903C90
:1070C000A34201D108235DE0634BDB6C1B68634C7A
:1070D000303CA34201D1082354E05F4BDB6C1B68BA
:1070E0005F4C303CA34201D108234BE05A4BDB6C90
:1070F0001B685A4C783CA34201D15B1542E0564BC9
:10710000DB6C1B68564C783CA34201D15B1539E01F
:10711000514BDB6C1B68514C183CA34201D15B15F1
:1071200030E04D4BDB6C1B684D4C183CA34201D149
:107130005B1527E0484BDB6C1B68484C603CA34266
:1071400002D14FF400231DE0434BDB6C1B68444C21
:10715000603CA34202D14FF4002313E03E4BDB6CB2
:107160001B683E4CA34202D14FF400230AE03A4B85
:10717000DB6C1B683A4CA34202D14FF4002301E0C0
:107180004FF00073354CA03CE36078E0FFE7324BF2
:10719000DB6C1B68314C903CA34201D108236CE0AE
:1071A0002D4BDB6C1B682E4C903CA34201D1082375
:1071B00063E0294BDB6C1B68284C303CA34201D1B7
:1071C00008235AE0244BDB6C1B68254C303CA3425F
:1071D00001D1082351E0204BDB6C1B681F4C783C2D
:1071E000A34201D15B1548E01B4BDB6C1B681C4CB8
:1071F000783CA34201D15B153FE0174BDB6C1B6869
:10720000164C183CA34201D15B1536E0124BDB6CE7
:107210001B68134C183CA34201D15B152DE00E4BAB
:10722000DB6C1B680D4C603CA34202D14FF4002381
:1072300023E0094BDB6C1B68094C603CA34202D184
:107240004FF4002319E0044BDB6C1B68034CA34292
:1072500008D14FF4002310E0D4090020A0600240C0
:10726000A0640240F84BDB6C1B68F84CA34202D1CF
:107270004FF4002301E04FF00073F54CA360F24B94
:10728000DB6C1B68F14C483CA34275D9EE4BDB6CC0
:107290001B68EF4C1034A34201D1042368E0EA4B91
:1072A000DB6C1B68E94C903CA34201D104235FE0F6
:1072B000E54BDB6C1B68E64C7034A34201D1042320
:1072C00056E0E14BDB6C1B68E04C303CA34201D143
:1072D00004234DE0DC4BDB6C1B68DD4C2834A342FF
:1072E00001D19B1544E0D84BDB6C1B68D74C783C34
:1072F000A34201D19B153BE0D34BDB6C1B68D44C04
:107300008834A34201D19B1532E0CF4BDB6C1B6864
:10731000CE4C183CA34201D19B1529E0CA4BDB6C33
:107320001B68CB4C4034A34202D14FF480231FE0B2
:10733000C54BDB6C1B68C54C603CA34202D14FF4CB
:10734000802315E0C04BDB6C1B68C14CA034A3420A
:1073500002D14FF480230BE0BB4BDB6C1B68BB4CB2
:10736000A34203D14FF4802302E005E04FF0807385
:10737000B64C943C236071E1B34BDB6C1B68B44C9E
:10738000B834A34275D9B04BDB6C1B68B04C1034D9
:10739000A34201D1042367E0AB4BDB6C1B68AB4C11
:1073A000903CA34201D104235EE0A74BDB6C1B6839
:1073B000A74C7034A34201D1042355E0A24BDB6CEF
:1073C0001B68A24C303CA34201D104234CE09E4BED
:1073D000DB6C1B689E4C2834A34201D19B1543E013
:1073E000994BDB6C1B68994C783CA34201D19B15EF
:1073F0003AE0954BDB6C1B68954C8834A34201D175
:107400009B1531E0904BDB6C1B68904C183CA34201
:1074100001D19B1528E08C4BDB6C1B688C4C4034F5
:10742000A34202D14FF480231EE0874BDB6C1B6824
:10743000864C603CA34202D14FF4802314E0824B7F
:10744000DB6C1B68824CA034A34202D14FF4802332
:107450000AE07D4BDB6C1B687C4CA34202D14FF4ED
:10746000802301E04FF08073784C983C2360F5E076
:10747000FFE7754BDB6C1B68754C5834A34274D91D
:10748000714BDB6C1B68724C1034A34201D1042396
:1074900068E06D4BDB6C1B686C4C903CA34201D1E7
:1074A00004235FE0684BDB6C1B68694C7034A342BB
:1074B00001D1042356E0644BDB6C1B68634C303C09
:1074C000A34201D104234DE05F4BDB6C1B68604C91
:1074D0002834A34201D19B1544E05B4BDB6C1B6855
:1074E0005A4C783CA34201D19B153BE0564BDB6CD8
:1074F0001B68574C8834A34201D19B1532E0524B94
:10750000DB6C1B68514C183CA34201D19B1529E050
:107510004D4BDB6C1B684E4C4034A34202D14FF400
:1075200080231FE0484BDB6C1B68484C603CA34247
:1075300002D14FF4802315E0434BDB6C1B68444CB5
:10754000A034A34202D14FF480230BE03E4BDB6C0E
:107550001B683E4CA34203D14FF4802302E004E0B9
:107560004FF080733A4CE36078E0374BDB6C1B687C
:10757000374C1034A34201D104236DE0324BDB6C55
:107580001B68324C903CA34201D1042364E02E4B93
:10759000DB6C1B682E4C7034A34201D104235BE0EA
:1075A000294BDB6C1B68294C303CA34201D10423DE
:1075B00052E0254BDB6C1B68254C2834A34201D1DB
:1075C0009B1549E0204BDB6C1B68204C783CA342A8
:1075D00001D19B1540E01C4BDB6C1B681C4C8834B4
:1075E000A34201D19B1537E0174BDB6C1B68174C8E
:1075F000183CA34201D19B152EE0134BDB6C1B689A
:10760000134C4034A34202D14FF4802324E00E4BAC
:10761000DB6C1B680D4C603CA34202D14FF480230D
:107620001AE0094BDB6C1B68094CA034A34202D161
:107630004FF4802310E0044BDB6C1B68034CA34227
:1076400008D14FF4802307E0D4090020A064024051
:10765000006002404FF08073FE4CA360FE4BDB6C79
:107660001B68FE4CA34276D9FB4BDB6C1B68F94CC4
:107670001034A34201D1012369E0F74BDB6C1B6896
:10768000F64C483CA34201D1012360E0F24BDB6C95
:107690001B68F04C7034A34201D1012357E0EE4B3C
:1076A000DB6C1B68ED4C1834A34201D101234EE082
:1076B000E94BDB6C1B68E74C2834A34201D1402323
:1076C00045E0E54BDB6C1B68E44C303CA34201D148
:1076D00040233CE0E04BDB6C1B68DE4C8834A3426B
:1076E00001D1402333E0DC4BDB6C1B68DB4C3034D6
:1076F000A34201D140232AE0D74BDB6C1B68D54C59
:107700004034A34202D14FF4803320E0D24BDB6CF3
:107710001B68D24C183CA34202D14FF4803316E0D0
:10772000CD4BDB6C1B68CB4CA034A34202D14FF491
:1077300080330CE0C84BDB6C1B68C84C4834A34258
:1077400003D14FF4803302E005E04FF48003C34CD3
:107750004C3C23606EE1C04BDB6C1B68BD4CB83405
:10776000A34276D9BC4BDB6C1B68BA4C1034A342E5
:1077700001D1012369E0B84BDB6C1B68B74C483C76
:10778000A34201D1012360E0B34BDB6C1B68B14C19
:107790007034A34201D1012357E0AF4BDB6C1B686F
:1077A000AE4C1834A34201D101234EE0AA4BDB6C4E
:1077B0001B68A84C2834A34201D1402345E0A64BC6
:1077C000DB6C1B68A54C303CA34201D140233CE05C
:1077D000A14BDB6C1B689F4C8834A34201D1402332
:1077E00033E09D4BDB6C1B689C4C3034A34201D1D1
:1077F00040232AE0984BDB6C1B68964C4034A34234
:1078000002D14FF4803320E0934BDB6C1B68934C28
:10781000183CA34202D14FF4803316E08E4BDB6C50
:107820001B688C4CA034A34202D14FF480330CE08F
:10783000894BDB6C1B68894C4834A34203D14FF45D
:10784000803302E005E04FF48003844C503C236019
:10785000F0E0814BDB6C1B687E4C5834A34275D939
:107860007D4BDB6C1B687B4C1034A34201D10123A0
:1078700069E0794BDB6C1B68784C483CA34201D132
:10788000012360E0744BDB6C1B68724C7034A342C4
:1078900001D1012357E0704BDB6C1B686F4C18342F
:1078A000A34201D101234EE06B4BDB6C1B68694C9A
:1078B0002834A34201D1402345E0674BDB6C1B68B1
:1078C000664C303CA34201D140233CE0624BDB6C70
:1078D0001B68604C8834A34201D1402333E05E4BE7
:1078E000DB6C1B685D4C3034A34201D140232AE09D
:1078F000594BDB6C1B68574C4034A34202D14FF408
:10790000803320E0544BDB6C1B68544C183CA34282
:1079100002D14FF4803316E04F4BDB6C1B684D4CAB
:10792000A034A34202D14FF480330CE04A4BDB6C0D
:107930001B684A4C4834A34203D14FF4803302E021
:1079400004E04FF48003434CE36073E0424BDB6C94
:107950001B68404C1034A34201D1012368E03E4B28
:10796000DB6C1B683D4C483CA34201D101235FE026
:10797000394BDB6C1B68374C7034A34201D10123B7
:1079800056E0354BDB6C1B68344C1834A34201D1F4
:1079900001234DE0304BDB6C1B682E4C2834A34296
:1079A00001D1402344E02C4BDB6C1B682B4C303C5A
:1079B000A34201D140233BE0274BDB6C1B68254CE5
:1079C0008834A34201D1402332E0234BDB6C1B6897
:1079D000224C3034A34201D1402329E01E4BDB6C02
:1079E0001B681C4C4034A34202D14FF480331FE08B
:1079F000194BDB6C1B68194C183CA34202D14FF4A5
:107A0000803315E0144BDB6C1B68124CA034A3428E
:107A100002D14FF480330BE00F4BDB6C1B680F4C33
:107A20004834A34202D14FF4803301E04FF4800385
:107A3000084CA360084B9B6C1B68084CA3427BD985
:107A4000054B9B6C1B68034C1034A34208D12023C8
:107A50006EE0000000600240D4090020586402403B
:107A6000F74B9B6C1B68F74CA34201D120235FE0CE
:107A7000F34B9B6C1B68F44CA34201D1202357E0CD
:107A8000EF4B9B6C1B68EF4C6034A34201D1202369
:107A90004EE0EB4B9B6C1B68EB4C483CA34201D186
:107AA000DB1445E0E64B9B6C1B68E64C1834A342A4
:107AB00001D1DB143CE0E24B9B6C1B68E24C1834B8
:107AC000A34201D1DB1433E0DD4B9B6C1B68DD4C22
:107AD0007834A34201D1DB142AE0D94B9B6C1B689C
:107AE000D94C303CA34202D14FF4001320E0D44BD8
:107AF0009B6C1B68D34C3034A34202D14FF400136B
:107B000016E0CF4B9B6C1B68CF4C3034A34202D1A4
:107B10004FF400130CE0CA4B9B6C1B68C94C9034AB
:107B2000A34203D14FF4001302E005E04FF00063DD
:107B3000C44C241F23606AE1C14B9B6C1B68C24C80
:107B40004834A34274D9BE4B9B6C1B68BE4C603C4E
:107B5000A34201D1202366E0B94B9B6C1B68B94C52
:107B6000A34201D120235EE0B54B9B6C1B68B64C51
:107B7000A34201D1202356E0B14B9B6C1B68B14C52
:107B80006034A34201D120234DE0AD4B9B6C1B68B8
:107B9000AD4C483CA34201D1DB1444E0A84B9B6CA4
:107BA0001B68A84C1834A34201D1DB143BE0A44B62
:107BB0009B6C1B68A44C1834A34201D1DB1432E047
:107BC0009F4B9B6C1B689F4C7834A34201D1DB1404
:107BD00029E09B4B9B6C1B689B4C303CA34202D121
:107BE0004FF400131FE0964B9B6C1B68954C303490
:107BF000A34202D14FF4001315E0914B9B6C1B681C
:107C0000914C3034A34202D14FF400130BE08C4B63
:107C10009B6C1B688B4C9034A34202D14FF4001331
:107C200001E04FF00063874C083C2360EFE0FFE782
:107C3000834B9B6C1B68844C183CA34274D9804BCB
:107C40009B6C1B68804C603CA34201D1202366E002
:107C50007B4B9B6C1B687B4CA34201D120235EE0D5
:107C6000774B9B6C1B68784CA34201D1202356E0D4
:107C7000734B9B6C1B68734C6034A34201D120236F
:107C80004DE06F4B9B6C1B686F4C483CA34201D18D
:107C9000DB1444E06A4B9B6C1B686A4C1834A342AB
:107CA00001D1DB143BE0664B9B6C1B68664C1834BF
:107CB000A34201D1DB1432E0614B9B6C1B68614C29
:107CC0007834A34201D1DB1429E05D4B9B6C1B6827
:107CD0005D4C303CA34202D14FF400131FE0584BDF
:107CE0009B6C1B68574C3034A34202D14FF40013F5
:107CF00015E0534B9B6C1B68534C3034A34202D1AC
:107D00004FF400130BE04E4B9B6C1B684D4C9034B2
:107D1000A34202D14FF4001301E04FF000634A4C3C
:107D2000703CE36073E0FFE7454B9B6C1B68464C7F
:107D3000603CA34201D1202366E0414B9B6C1B6851
:107D4000404CA34201D120235EE03D4B9B6C1B685D
:107D50003D4CA34201D1202356E0394B9B6C1B685C
:107D6000384C6034A34201D120234DE0344B9B6C4E
:107D70001B68354C483CA34201D1DB1444E0304B36
:107D80009B6C1B682F4C1834A34201D1DB143BE0E1
:107D90002B4B9B6C1B682C4C1834A34201D1DB1479
:107DA00032E0274B9B6C1B68264C7834A34201D1F0
:107DB000DB1429E0224B9B6C1B68234C303CA34214
:107DC00002D14FF400131FE01D4B9B6C1B681D4C30
:107DD0003034A34202D14FF4001315E0184B9B6CD2
:107DE0001B68194C3034A34202D14FF400130BE04E
:107DF000134B9B6C1B68134C9034A34202D14FF47D
:107E0000001301E04FF000630F4C703CA3600C4B7B
:107E10009B6C1B680B4C4834A3427AD9084B9B6C73
:107E20001B68094C603CA34201D110236DE0044B58
:107E30009B6C1B68034CA34208D1102365E0000033
:107E4000D40900201064024070600240F74B9B6C24
:107E50001B68F74CA34201D1102356E0F34B9B6CF7
:107E60001B68F44CA34201D110234EE0EF4B9B6CF6
:107E70001B68EF4C483CA34201D11B1545E0EB4B7E
:107E80009B6C1B68EB4C483CA34201D11B153CE0AA
:107E9000E64B9B6C1B68E64C1834A34201D11B15C2
:107EA00033E0E24B9B6C1B68E24C1834A34201D1D7
:107EB0001B152AE0DD4B9B6C1B68DD4C303CA3425C
:107EC00002D14FF4801320E0D84B9B6C1B68D94C37
:107ED000303CA34202D14FF4801316E0D34B9B6C8D
:107EE0001B68D34C3034A34202D14FF480130CE012
:107EF000CE4B9B6C1B68CF4C3034A34203D14FF464
:107F0000801302E005E04FF08063CA4C643C2360BC
:107F10006AE1C64B9B6C1B68C54C4834A34274D9BC
:107F2000C24B9B6C1B68C24C603CA34201D1102326
:107F300066E0BE4B9B6C1B68BE4C603CA34201D10B
:107F400010235DE0B94B9B6C1B68B94CA34201D177
:107F5000102355E0B54B9B6C1B68B64CA34201D176
:107F600010234DE0B14B9B6C1B68B14C483CA342C5
:107F700001D11B1544E0AD4B9B6C1B68AD4C483CDC
:107F8000A34201D11B153BE0A84B9B6C1B68A84C7E
:107F90001834A34201D11B1532E0A44B9B6C1B6823
:107FA000A44C1834A34201D11B1529E09F4B9B6CB4
:107FB0001B689F4C303CA34202D14FF480131FE05A
:107FC0009A4B9B6C1B689B4C303CA34202D14FF4F4
:107FD000801315E0954B9B6C1B68954C3034A34285
:107FE00002D14FF480130BE0904B9B6C1B68914CBB
:107FF0003034A34202D14FF4801301E04FF080638C
:108000008C4C683C2360EFE0FFE7884B9B6C1B685F
:10801000874C183CA34274D9844B9B6C1B68844CDE
:10802000603CA34201D1102366E0804B9B6C1B682F
:10803000804C603CA34201D110235DE07B4B9B6CE4
:108040001B687B4CA34201D1102355E0774B9B6CFE
:108050001B68784CA34201D110234DE0734B9B6CFD
:108060001B68734C483CA34201D11B1544E06F4B85
:108070009B6C1B686F4C483CA34201D11B153BE035
:108080006A4B9B6C1B686A4C1834A34201D11B15C8
:1080900032E0664B9B6C1B68664C1834A34201D1DE
:1080A0001B1529E0614B9B6C1B68614C303CA34263
:1080B00002D14FF480131FE05C4B9B6C1B685D4C3E
:1080C000303CA34202D14FF4801315E0574B9B6C18
:1080D0001B68574C3034A34202D14FF480130BE09D
:1080E000524B9B6C1B68534C3034A34202D14FF46B
:1080F000801301E04FF080634D4C703CE36073E00F
:10810000FFE74A4B9B6C1B68494C603CA34201D182
:10811000102366E0454B9B6C1B68464C603CA342B9
:1081200001D110235DE0414B9B6C1B68404CA34286
:1081300001D1102355E03D4B9B6C1B683D4CA34285
:1081400001D110234DE0394B9B6C1B68384C483CE7
:10815000A34201D11B1544E0344B9B6C1B68354C8A
:10816000483CA34201D11B153BE0304B9B6C1B6884
:108170002F4C1834A34201D11B1532E02B4B9B6CC2
:108180001B682C4C1834A34201D11B1529E0274B46
:108190009B6C1B68264C303CA34202D14FF48013E9
:1081A0001FE0224B9B6C1B68224C303CA34202D147
:1081B0004FF4801315E01D4B9B6C1B681C4C303436
:1081C000A34202D14FF480130BE0184B9B6C1B6849
:1081D000184C3034A34202D14FF4801301E04FF029
:1081E0008063134C703CA360104B9B6C1B68114C5C
:1081F000183CA3427AD90D4B9B6C1B680C4C603C1D
:10820000A34201D108236DE0084B9B6C1B68094C0D
:10821000603CA34201D1082364E0044B9B6C1B68C3
:10822000034CA34208D108235CE00000D4090020DD
:108230007060024070640240F74B9B6C1B68F74C07
:10824000A34201D108234DE0F34B9B6C1B68F44C17
:10825000A34201D15B1545E0EF4B9B6C1B68EF4CD3
:10826000483CA34201D15B153CE0EB4B9B6C1B6887
:10827000EB4C6034A34201D15B1533E0E64B9B6CC1
:108280001B68E64C1834A34201D15B152AE0E24B8F
:108290009B6C1B68E24C1834A34202D14FF40023BC
:1082A00020E0DD4B9B6C1B68DC4C303CA34202D1D0
:1082B0004FF4002316E0D84B9B6C1B68D84C7834E5
:1082C000A34202D14FF400230CE0D34B9B6C1B68FC
:1082D000D24C3034A34203D14FF4002302E005E036
:1082E0004FF00073CD4C643C23606AE1CA4B9B6C39
:1082F0001B68CB4C9034A34274D9C74B9B6C1B6852
:10830000C74C183CA34201D1082366E0C24B9B6CCA
:108310001B68C24C603CA34201D108235DE0BE4B08
:108320009B6C1B68BE4C4834A34201D1082354E027
:10833000B94B9B6C1B68B94CA34201D108234CE09C
:10834000B54B9B6C1B68B64CA34201D15B1544E056
:10835000B14B9B6C1B68B14C483CA34201D15B15EF
:108360003BE0AD4B9B6C1B68AD4C6034A34201D12C
:108370005B1532E0A84B9B6C1B68A84C1834A342D9
:1083800001D15B1529E0A44B9B6C1B68A44C1834ED
:10839000A34202D14FF400231FE09F4B9B6C1B684C
:1083A0009E4C303CA34202D14FF4002315E09A4B7F
:1083B0009B6C1B689A4C7834A34202D14FF4002383
:1083C0000BE0954B9B6C1B68944C3034A34202D15C
:1083D0004FF4002301E04FF00073904C683C2360A1
:1083E000EFE0FFE78C4B9B6C1B688D4C3034A34255
:1083F00074D9894B9B6C1B68894C183CA34201D1F2
:10840000082366E0844B9B6C1B68844C603CA34251
:1084100001D108235DE0804B9B6C1B68804C483485
:10842000A34201D1082354E07B4B9B6C1B687B4C1F
:10843000A34201D108234CE0774B9B6C1B68784C1E
:10844000A34201D15B1544E0734B9B6C1B68734CDA
:10845000483CA34201D15B153BE06F4B9B6C1B6812
:108460006F4C6034A34201D15B1532E06A4B9B6CC8
:108470001B686A4C1834A34201D15B1529E0664B96
:108480009B6C1B68664C1834A34202D14FF4002346
:108490001FE0614B9B6C1B68604C303CA34202D1D7
:1084A0004FF4002315E05C4B9B6C1B685C4C7834EC
:1084B000A34202D14FF400230BE0574B9B6C1B6887
:1084C000564C3034A34202D14FF4002301E04FF068
:1084D0000073534C283CE36073E0FFE74E4B9B6C0A
:1084E0001B684F4C183CA34201D1082366E04A4B5D
:1084F0009B6C1B68494C603CA34201D108235DE0A2
:10850000454B9B6C1B68464C4834A34201D1082361
:1085100054E0414B9B6C1B68404CA34201D10823A3
:108520004CE03D4B9B6C1B683D4CA34201D15B155D
:1085300044E0394B9B6C1B68384C483CA34201D14A
:108540005B153BE0344B9B6C1B68354C6034A3429D
:1085500001D15B1532E0304B9B6C1B682F4C1834FB
:10856000A34201D15B1529E02B4B9B6C1B682C4C63
:108570001834A34202D14FF400231FE0264B9B6C1A
:108580001B68264C303CA34202D14FF4002315E077
:10859000214B9B6C1B68224C7834A34202D14FF4D0
:1085A00000230BE01C4B9B6C1B681C4C3034A3421B
:1085B00002D14FF4002301E04FF00073184C283C27
:1085C000A360154B9B6C1B68144C183CA3427AD9D2
:1085D000114B9B6C1B68124C183CA34201D1042325
:1085E0006DE00D4B9B6C1B680C4C603CA34201D1B1
:1085F000042364E0084B9B6C1B68094C4834A3427D
:1086000001D104235BE0044B9B6C1B68034CA34229
:1086100008D1042353E00000D40900207064024014
:1086200028600240F74B9B6C1B68F74CA34201D1BA
:108630009B1544E0F34B9B6C1B68F44CA34201D1A7
:108640009B153CE0EF4B9B6C1B68EF4C6034A342E6
:1086500001D19B1533E0EB4B9B6C1B68EB4C6034FA
:10866000A34201D19B152AE0E64B9B6C1B68E64CAC
:108670001834A34202D14FF4802320E0E14B9B6CDD
:108680001B68E24C1834A34202D14FF4802316E059
:10869000DC4B9B6C1B68DC4C7834A34202D14FF45A
:1086A00080230CE0D74B9B6C1B68D84C7834A342DA
:1086B00003D14FF4802302E005E04FF08073D34CE8
:1086C0001C3C23606AE1CF4B9B6C1B68CE4C903402
:1086D000A34274D9CB4B9B6C1B68CB4C183CA34278
:1086E00001D1042366E0C74B9B6C1B68C74C183C48
:1086F000A34201D104235DE0C24B9B6C1B68C24CBA
:108700004834A34201D1042354E0BE4B9B6C1B6848
:10871000BE4C4834A34201D104234BE0B94B9B6CBF
:108720001B68B94CA34201D19B1543E0B54B9B6C30
:108730001B68B64CA34201D19B153BE0B14B9B6C2F
:108740001B68B14C6034A34201D19B1532E0AD4BA4
:108750009B6C1B68AD4C6034A34201D19B1529E092
:10876000A84B9B6C1B68A84C1834A34202D14FF451
:1087700080231FE0A34B9B6C1B68A44C1834A342BE
:1087800002D14FF4802315E09E4B9B6C1B689E4CDE
:108790007834A34202D14FF480230BE0994B9B6CB9
:1087A0001B689A4C7834A34202D14FF4802301E035
:1087B0004FF08073954C203C2360EFE0FFE7914B36
:1087C0009B6C1B68904C3034A34274D98D4B9B6CCE
:1087D0001B688D4C183CA34201D1042366E0894BF1
:1087E0009B6C1B68894C183CA34201D104235DE0BB
:1087F000844B9B6C1B68844C4834A34201D10423F6
:1088000054E0804B9B6C1B68804C4834A34201D1E0
:1088100004234BE07B4B9B6C1B687B4CA34201D138
:108820009B1543E0774B9B6C1B68784CA34201D1AE
:108830009B153BE0734B9B6C1B68734C6034A342ED
:1088400001D19B1532E06F4B9B6C1B686F4C603401
:10885000A34201D19B1529E06A4B9B6C1B686A4CB3
:108860001834A34202D14FF480231FE0654B9B6C68
:108870001B68664C1834A34202D14FF4802315E0E4
:10888000604B9B6C1B68604C7834A34202D14FF460
:1088900080230BE05B4B9B6C1B685C4C7834A342E1
:1088A00002D14FF4802301E04FF08073564C283CF6
:1088B000E36073E0FFE7534B9B6C1B68524C183C22
:1088C000A34201D1042366E04E4B9B6C1B684F4CC6
:1088D000183CA34201D104235DE04A4B9B6C1B680A
:1088E000494C4834A34201D1042354E0454B9B6CCE
:1088F0001B68464C4834A34201D104234BE0414B52
:108900009B6C1B68404CA34201D19B1543E03D4B3F
:108910009B6C1B683D4CA34201D19B153BE0394B3E
:108920009B6C1B68384C6034A34201D19B1532E02C
:10893000344B9B6C1B68354C6034A34201D19B15B2
:1089400029E0304B9B6C1B682F4C1834A34202D19A
:108950004FF480231FE02B4B9B6C1B682B4C18346F
:10896000A34202D14FF4802315E0264B9B6C1B6879
:10897000254C7834A34202D14FF480230BE0214BE5
:108980009B6C1B68214C7834A34202D14FF48023A6
:1089900001E04FF080731C4C283CA360194B9B6C8A
:1089A0001B681A4C3034A3427AD9164B9B6C1B6857
:1089B000154C183CA34201D101236DE0114B9B6C77
:1089C0001B68124C183CA34201D1012364E00D4BFB
:1089D0009B6C1B680C4C4834A34201D101235BE023
:1089E000084B9B6C1B68094C4834A34201D10123FE
:1089F00052E0044B9B6C1B68034CA34208D14023FC
:108A00004AE00000D40900202860024028640240A7
:108A1000E74B9B6C1B68E74CA34201D140233BE032
:108A2000E34B9B6C1B68E44CA34201D1402333E031
:108A3000DF4B9B6C1B68DF4C6034A34201D14023A9
:108A40002AE0DB4B9B6C1B68DB4C483CA34202D109
:108A50004FF4803320E0D64B9B6C1B68D54C183408
:108A6000A34202D14FF4803316E0D14B9B6C1B68BC
:108A7000D14C1834A34202D14FF480330CE0CC4BDC
:108A80009B6C1B68CB4C7834A34203D14FF48033EA
:108A900002E005E04FF48003C64C1C3C23606AE111
:108AA000C34B9B6C1B68C44C3034A34274D9C04B7D
:108AB0009B6C1B68C04C783CA34201D1012366E04B
:108AC000BB4B9B6C1B68BB4C183CA34201D10123E0
:108AD0005DE0B74B9B6C1B68B74C183CA34201D1BF
:108AE000012354E0B24B9B6C1B68B24C4834A34248
:108AF00001D101234BE0AE4B9B6C1B68AE4C603C3C
:108B0000A34201D1402342E0A94B9B6C1B68A94CB6
:108B1000A34201D140233AE0A54B9B6C1B68A64CB5
:108B2000A34201D1402332E0A14B9B6C1B68A14CB6
:108B30006034A34201D1402329E09D4B9B6C1B680C
:108B40009D4C483CA34202D14FF480331FE0984B28
:108B50009B6C1B68974C1834A34202D14FF48033AE
:108B600015E0934B9B6C1B68934C1834A34202D1C5
:108B70004FF480330BE08E4B9B6C1B688D4C78342C
:108B8000A34202D14FF4803301E04FF48003894CBB
:108B9000203C2360EFE0FFE7854B9B6C1B68864C15
:108BA000303CA34274D9824B9B6C1B68824C783C4E
:108BB000A34201D1012366E07D4B9B6C1B687D4C79
:108BC000183CA34201D101235DE0794B9B6C1B68EB
:108BD000794C183CA34201D1012354E0744B9B6CA7
:108BE0001B68744C4834A34201D101234BE0704B05
:108BF0009B6C1B68704C603CA34201D1402342E057
:108C00006B4B9B6C1B686B4CA34201D140233AE039
:108C1000674B9B6C1B68684CA34201D1402332E038
:108C2000634B9B6C1B68634C6034A34201D14023AF
:108C300029E05F4B9B6C1B685F4C483CA34202D110
:108C40004FF480331FE05A4B9B6C1B68594C18340F
:108C5000A34202D14FF4803315E0554B9B6C1B6847
:108C6000554C1834A34202D14FF480330BE0504BE3
:108C70009B6C1B684F4C7834A34202D14FF4803375
:108C800001E04FF480034C4C883CE36073E0FFE765
:108C9000474B9B6C1B68484C783CA34201D1012395
:108CA00066E0434B9B6C1B68424C183CA34201D1CD
:108CB00001235DE03E4B9B6C1B683F4C183CA3427C
:108CC00001D1012354E03A4B9B6C1B68394C48346A
:108CD000A34201D101234BE0354B9B6C1B68364C02
:108CE000603CA34201D1402342E0314B9B6C1B68A6
:108CF000304CA34201D140233AE02D4B9B6C1B68C2
:108D00002D4CA34201D1402332E0294B9B6C1B68C0
:108D1000284C6034A34201D1402329E0244B9B6CB2
:108D20001B68254C483CA34202D14FF480331FE01E
:108D30001F4B9B6C1B681F4C1834A34202D14FF48D
:108D4000803315E01A4B9B6C1B681B4C1834A342F4
:108D500002D14FF480330BE0154B9B6C1B68154C14
:108D60007834A34202D14FF4803301E04FF4800302
:108D7000114C883CA360114B1B68D960104B1B68D9
:108D8000D8600E4B1B685A600D4B1B685A600B4B2A
:108D90001B681B6843F00103084C24682360084BE0
:108DA0001B681B6843F00103054C2468236010BD59
:108DB000D409002028640240886002402C0A002068
:108DC0008C0A002010B5594B1B685B6843F0020306
:108DD000564C24686360554B1B685B6843F0010385
:108DE000524C24686360514B1B681B6843F040037E
:108DF0004E4C246823604E4B1B681B6823F0010314
:108E00004B4C2468236007E0494B1B681B6823F028
:108E10000103474C24682360454B1B681B6803F023
:108E20000103002BF0D1424B1B68424CA34205D9F1
:108E30004FF400133F4C4C3C23601BE03C4B1B6841
:108E40003D4CA34205D94FF400133A4C503C2360EB
:108E500010E0374B1B68384C603CA34205D94FF4F7
:108E60000013354CB83CE36004E04FF40013324C7F
:108E7000B83CA360314B2E4C2468A3602C4B1B687C
:108E8000D9602B4B1B685A60294B1B681B6843F049
:108E90001003274C24682360294B1B681B6823F0B0
:108EA0000103274C2468236007E0254B1B681B68DF
:108EB00023F00103224C24682360214B1B681B68AC
:108EC00003F00103002BF0D11D4B1B68194CA3428A
:108ED00005D94FF00063174C4C3C23601BE0184B46
:108EE0001B68154CA34205D94FF00063114C503C50
:108EF000236010E0124B1B680F4C603CA34205D965
:108F00004FF000630C4CB83CE36004E04FF00063AA
:108F1000094CB83CA360094B094C2468A360084B7A
:108F20001B68D860064B1B685A6010BDD40900202E
:108F30002C0A002058640240B86002400C30014006
:108F40008C0A00207CB504460D461646164800687B
:108F50001821B0FBF1F01549B0FBF1F04FF47A7134
:108F6000484301906068B0F5827F0DD12B46002206
:108F700080212046009600F01BF898B1606D40F00B
:108F80002000606503207CBD00BF019800B908E0A7
:108F90000198401E019020688068C0F3C01000282E
:108FA000F3D100BF0020EEE72800002040420F0070
:108FB0002DE9F04104460E4617461D46DDF818809F
:108FC0003EE0681CD8B3F9F721FFA0EB0800A842E7
:108FD00000D2A5BB2068406820F0E000216848600E
:108FE0006068B0F5827F0DD1A068B0F5004F03D066
:108FF000A068B0F5806F05D12068006820F04000BF
:1090000021680860A06AB0F5005F0DD100BF20683C
:10901000006820F40050216808602068006840F46F
:1090200000502168086000BF012084F8510000BF93
:10903000002084F8500000BF0320BDE8F081FFE766
:10904000206880683040B04201D1012000E000205B
:10905000B842B6D10020F0E710B5FAF749FA04F0AB
:1090600004F910BD00B597B030210BA8F7F707FB46
:10907000142106A8F7F703FB002002900390049048
:10908000059000BF01902948006840F080502749B2
:1090900008600846006800F08050019000BF00BFE3
:1090A00000BF002001902248006840F48040204921
:1090B00008600846006800F48040019000BF00BFCF
:1090C00001200B9000040C90022011904105129198
:1090D00006211391A82114910221159107211691BF
:1090E0000BA8FAF7EFFC08B1F8F746FD0F20069041
:1090F00002200790002008904FF4A05009904FF4F0
:1091000080500A90052106A8FAF79EFB08B1F8F7EF
:1091100033FD022002900748059002A8FAF7C4FA2E
:1091200008B1F8F729FD17B000BD00004038024033
:109130000070004000031E001448006840F47000F6
:10914000124908601248006840F0010010490860A8
:1091500000200F49083108600D4800680D4908409B
:109160000B4908600C48091D0860081F006820F4BE
:109170008020091F0860002005490C3108604FF06D
:1091800000600249803908607047000088ED00E007
:1091900000380240FFFFF6FE1030002410B50268D0
:1091A000294B98420ED0B0F1804F0BD0274B9842FC
:1091B00008D0274B984205D0264B984202D0264B28
:1091C000984203D122F070024B681A431E4B98421A
:1091D00020D0B0F1804F1DD01C4B98421AD01C4BB0
:1091E000984217D01B4B984214D01B4B984211D079
:1091F0001A4B98420ED01A4B98420BD0194B9842FA
:1092000008D0194B984205D0184B984202D0184B01
:10921000984203D122F44072CB681A4322F08003B3
:109220004C6943EA040202608B68C3620B68836284
:10923000054B984202D0084B984201D10B69036359
:109240000123436110BD0000000001400004004004
:1092500000080040000C00400004014000400140B4
:10926000004401400048014000180040001C00403C
:109270000020004030B501F01F05012404FA05F379
:10928000046A9C430462046A01F01F0502FA05F5B2
:109290002C43046230BD30B50C46816821F47F4117
:1092A00042EA032525432943816030BD0A4681688F
:1092B00021F0700142F007031943816070470000FC
:1092C00030B5056A25F001050562026A43688469C4
:1092D00024F0700424F003040D682C4322F00202F1
:1092E0008D682A43104DA84200D103E00F4DA842DB
:1092F00006D100BF22F00802CD682A4322F0040202
:10930000094DA84202D0094DA84207D123F4807329
:1093100023F400734D692B438D692B4343608461B3
:109320004D684563026230BD000001400004014009
:1093300030B5056A25F010050562026A4368846944
:1093400024F4E04424F440740D6844EA052422F037
:1093500020028D6842EA0512124DA84200D103E0B6
:10936000114DA84207D100BF22F08002CD6842EA29
:10937000051222F040020B4DA84202D00A4DA8422D
:1093800009D123F4806323F400634D6943EA850324
:109390008D6943EA8503436084614D688563026299
:1093A00030BD0000000001400004014030B5056AF6
:1093B00025F480750562026A4368C46924F070046C
:1093C00024F003040D682C4322F400728D6842EAF5
:1093D0000522124DA84200D103E0114DA84207D149
:1093E00000BF22F40062CD6842EA052222F48062C6
:1093F0000A4DA84202D00A4DA84209D123F4805355
:1094000023F400534D6943EA05138D6943EA0513BC
:109410004360C4614D68C563026230BD0000014015
:109420000004014030B5056A25F480550562036AE1
:109430004468C26922F4E04222F440720D6842EAB4
:10944000052223F400538D6843EA0533084DA842F2
:1094500002D0084DA84204D124F480444D6944EA66
:1094600085144460C2614D680564036230BD00002C
:10947000000001400004014030B50B461446026A6A
:10948000056A25F001050562816921F0F00141EAD4
:10949000041122F00A021A438161026230BD30B524
:1094A0000B461446056A25F0100505628169026ABB
:1094B00021F4704141EA043122F0A00242EA031291
:1094C0008161026230BD00002DE9F0410446206850
:1094D000006920F44050E16808432168086121696F
:1094E000A068084361690843E16940EA0105206812
:1094F000C06849F20C61884328432168C86020682D
:10950000406920F44070A169084321684861E0691E
:10951000B0F5004F7ED1C4492068884203D0C349CA
:10952000206888425DD1FAF765FA00EBC00101EBD3
:10953000001061684900B0FBF1F06421B0FBF1F06C
:109540000601FAF757FA00EBC00101EB0010616861
:109550004900B0FBF1F7FAF74DFA00EBC00101EB5F
:10956000001061684900B0FBF1F06421B0FBF1F03C
:1095700000EBC00101EB0010A7EB8000322101EBF2
:10958000C0006421B0FBF1F000F0F80006EB4006EB
:10959000FAF730FA00EBC00101EB001061684900F6
:1095A000B0FBF1F7FAF726FA00EBC00101EB00106F
:1095B00061684900B0FBF1F06421B0FBF1F000EB11
:1095C000C00101EB0010A7EB8000322101EBC000CD
:1095D0006421B0FBF1F000F007003044216888609E
:1095E00020E1FAF7F7F900EBC00101EB0010616828
:1095F0004900B0FBF1F06421B0FBF1F00601FAF78D
:10960000E9F900EBC00101EB001061684900B0FB13
:10961000F1F700E045E0FAF7DDF900EBC00101EBFE
:10962000001061684900B0FBF1F06421B0FBF1F07B
:1096300000EBC00101EB0010A7EB8000322101EB31
:10964000C0006421B0FBF1F000F0F80006EB40062A
:10965000FAF7C0F900EBC00101EB001061684900A6
:10966000B0FBF1F7FAF7B6F900EBC00101EB00101F
:1096700061684900B0FBF1F06421B0FBF1F000EB50
:10968000C00101EB0010A7EB8000322101EBC0000C
:109690006421B0FBF1F000F00700304421688860DD
:1096A000C0E061492068884203D060492068884250
:1096B0005CD1FAF79FF900EBC00101EB0010616883
:1096C0008900B0FBF1F6FAF795F900EBC00101EB68
:1096D000001061688900B0FBF1F06421B0FBF1F08B
:1096E00000EBC00101EB0010A6EB8000322101EB82
:1096F00000106421B0FBF1F000F0F006FAF77AF9FF
:1097000000EBC00101EB001061688900B0FBF1F0D3
:109710006421B0FBF1F006EB0016FAF76BF900EBF1
:10972000C00101EB001061688900B0FBF1F7FAF7A6
:1097300061F900EBC00101EB001061688900B0FB2A
:10974000F1F06421B0FBF1F000EBC00101EB00107F
:10975000A7EB8000322101EB00106421B0FBF1F097
:1097600000F00F003044216888605BE0FAF732F9BE
:1097700000EBC00101EB001061688900B0FBF1F65D
:10978000FAF728F900EBC00101EB001061688900CD
:10979000B0FBF1F06421B0FBF1F000EBC00101EB94
:1097A0000010A6EB8000322101EB00106421B0FB19
:1097B000F1F000F0F006FAF70DF900EBC00101EB53
:1097C000001061688900B0FBF1F06421B0FBF1F09A
:1097D00006EB0016FAF7FEF800EBC00101EB0010F3
:1097E00061688900B0FBF1F7FAF7F4F800EBC0010B
:1097F00001EB001061688900B0FBF1F06421B0FB5F
:10980000F1F000EBC00101EB0010A7EB800032216A
:1098100001EB00106421B0FBF1F000F00F003044C8
:1098200021688860BDE8F08100100140001401400B
:1098300008B544480068006800F0200060B100BF2F
:10984000002000903F480068006800903D48006894
:109850004068009000BF74E03B48006800F01000D2
:1098600000286ED000BF00200090364800680068D5
:109870000090344800684068009000BF00BF334843
:109880000068006800F4002070BB30480068006881
:1098900020F001002D49096808602C4800684068E4
:1098A000C0F124002A49088024202849096848601A
:1098B00026480068006840F40020244909680860D0
:1098C00022480068006840F00100204909680860EB
:1098D0001F480088122834D11E491F4804F068FB35
:1098E000002001F069FC2CE018480068006820F0B6
:1098F0000100164909680860144800684068C0F112
:10990000240013490880242010490968486013483E
:10991000806A20F40020114988620C4800680068C1
:1099200040F00100094909680860094800881228C8
:1099300007D108490848243004F03AFB002001F020
:109940003BFC08BD6C0C002000480040AC0C002023
:109950001C020020347600204A760020006002407D
:1099600000BFFEE74100080218BF04200A0E18BF1E
:1099700040F001004FF07F4232EA010108BF40F0A1
:109980000200012808BF0520704700000248006857
:10999000C0F30220704700000CED00E010B5002875
:1099A00004DB0A07130E054A135406E00A07140ED7
:1099B000034A00F00F031B1FD45410BD00E400E065
:1099C00018ED00E010B54FF00E402DED028BB0EE1B
:1099D000408A18EE104A00EB4400B0F1506F4AD8AC
:1099E0004FF0FC40B0EB440F22D2B0EEC80AF7EEC5
:1099F000000A30EEC00AF6EE000A60EE208A18EE89
:109A0000900A04F053FB01EE100A14F0004F1DBF42
:109A1000DFED2D0A9FED2D0AB1EE411ADFED2C0A84
:109A200008BF9FED2C0AF8EE001A21EE218A05E00E
:109A3000DFED290A68EE088AB0EE600A9FED271A6A
:109A4000DFED271A30EE080A48EE811A9FED251A3D
:109A500008EEA11ADFED241A48EE811A9FED231AB1
:109A600008EEA11A68EE281ABDEC028B01EE810AFD
:109A700030EE200A10BD4FF0E440B0EB440F0CD99B
:109A800018EE100AFFF76EFF042808BF00F08EF9E9
:109A9000B0EE480ABDEC028B10BD4FF07F40B0EB3A
:109AA000440F07D2B0EE480ABDEC028BBDE810406F
:109AB00000F06DB90120F6F711FEBDEC028BBDE898
:109AC000104000F06BB900000000C9BF22AAFDB928
:109AD0000000C93F22AAFD390000000024FE1C3D01
:109AE000C78AD83C1E67383D1B93993DAFAA2A3ED2
:109AF00010EE100A10B510EE901A4FF0684202EB0B
:109B000040032DED028BB3F1654F3CBF02EB4102E8
:109B1000B2F1654F7CD200BFC0F3C753C1F3C75247
:109B20009A1A1B2A09DD10F0004F14BF9FED6E0A30
:109B30009FED6E0ABDEC028B10BD12F11A0F1BDAFD
:109B400011F0004F09D010F0004F0CBF9FED680AD4
:109B50009FED680ABDEC028B10BD80EE208A18EEE6
:109B6000100AFFF7FFFE042808BF00F01FF9B0EE4F
:109B7000480ABDEC028B10BD4200B2EB410F37D951
:109B800010F0004F19BFDFED5C1A9FED5C1ADFED9E
:109B90005C1A9FED5C1AB0EE602A0A46F1EE400AAC
:109BA00080F00041B0EE420A10460A1A5200B2F1AB
:109BB000807F34D2484010F0004FDFED532A9FEDF4
:109BC000533A1DBFBEEE002A71EEE21A31EE431A7F
:109BD000B6EE002A04BF71EEA21A31EE031AF0EEBF
:109BE000402A42EE602A40EE020A82EEA02A18E0E5
:109BF00011F0004F04BF9FED461AF0EE411AD4D089
:109C000010F0004F1CBFDFED431A9FED431A00E038
:109C100026E004BFDFED411A9FED411AC5E780EE53
:109C2000202A22EE020ADFED3F0ADFED3F2ABDECDB
:109C3000028B40EE202ADFED3D0A40EE220ADFEDE6
:109C40003C2A40EE202ADFED3B0A40EE220A22EEBB
:109C5000000A00EE201A31EE020A30EE210A10BD91
:109C60004FF07F42B2EB400F28BFB2EB410F05D25D
:109C7000BDEC028BBDE8104000F08CB840EA010357
:109C80005B0008BF41F0FF410BD0B2EB400F08BFB3
:109C9000B2EB410F08D120F0804000EE100A21F015
:109CA000804100EE901A37E7B2EB400F12BF5FEA37
:109CB000410240F0FF4001F000413FF42DAF4A0067
:109CC00092EA40033FF528AF002AACBF9FED1A1A75
:109CD0009FED1A1A20EE010A60EE810A10EE100ABA
:109CE00010EE901A18E70000DB0FC9BFDB0FC93F69
:109CF000DB0F4940DB0F49C00000C9BF22AAFDB9F4
:109D00000000C93F22AAFD390060ED3EC30ACE37EC
:109D100000000000000049C022AA7DBA00004940AE
:109D200022AA7D3A2DAD65BD8FB8D53D0FB511BEC8
:109D300061C84C3EA8AAAABE0000804F0000802F38
:109D40002DED020B019820F0004001909DED000BDD
:109D500002B0704710B52DED028BB1EEC08A18EE3F
:109D6000100A20F00040C0F1FF40C00F0AD010EEF2
:109D7000100A20F00040C0F1FF40C00F04BF0120D6
:109D8000F6F7ACFCB0EE480ABDEC028B10BD30EE2D
:109D9000000A704730EE200A70470000DFED020A2B
:109DA00080EEA00A70470000000000009FED020A4C
:109DB00020EE000A7047000000000010010E144A57
:109DC0001170C0F30741127811FB02F1114A1180A2
:109DD000C0F307210E4A127811FB02F10E4A1180DE
:109DE000C1B20B4A127811FB02F10C4A11801146E4
:109DF00009880B4A1268516307490988084A1268A2
:109E0000916304490988064A1268D16370470000CB
:109E1000B8000020BA000020BC000020BE000020D6
:109E2000AC0B0020D0ED000AF4EEC00AF1EE10FAFF
:109E300002DD80ED000A0CE0D0ED000AB1EE401A20
:109E4000F4EEC10AF1EE10FA03D2F1EE400AC0EDD1
:109E5000000A704770B52DED028B8AB005460C469E
:109E600016460DB104B11EB90AB0BDEC028B70BD2F
:109E700094ED000AB5EEC00AF1EE10FA0DD194EDA2
:109E8000010AB5EEC00AF1EE10FA06D194ED020A0D
:109E9000B5EEC00AF1EE10FA7DD09FED600AB0EE8B
:109EA000408A002007900890099004900590069041
:109EB0005B4A07CA01AB07C395ED010AD5ED030A5A
:109EC00020EE200AD5ED000A95ED021A00EEC10A37
:109ED000F0EE000A20EE200A8DED070A95ED000A4B
:109EE000D5ED010A20EE200AD5ED020A95ED031A00
:109EF00000EE810AF0EE000A20EE200A8DED080A3D
:109F000095ED000A20EE000AD5ED030A95ED031A3F
:109F100000EE810AF7EE000AB0EE001A51EE000AD8
:109F2000CDED090A01AB22463146284600F07AF809
:109F3000D4ED000A60EEA00A94ED011AD4ED011AE6
:109F400041EE210A94ED021AD4ED021A41EE210AE3
:109F5000B0EE600AF6F754FEB0EE408A94ED000AC7
:109F600020EE080A84ED000A94ED010A20EE080AAA
:109F700084ED010A94ED020A20EE080A84ED020A3B
:109F800094ED010ADDED090A20EE200AD4ED020A63
:109F90009DED081A00E03EE000EEC10A8DED040AD6
:109FA00094ED020ADDED070A20EE200AD4ED000A46
:109FB0009DED091A00EEC10A8DED050A94ED000A27
:109FC000DDED080A20EE200AD4ED010A9DED071A06
:109FD00000EEC10A8DED060A96ED000ADDED010ADC
:109FE0009DED041A00EE810A86ED000A96ED010A45
:109FF000DDED020A9DED051A00EE810A86ED010AEB
:10A0000096ED020ADDED030A9DED061A00EE810AC7
:10A0100086ED020A00BF00BF26E700000000000036
:10A02000940201082DE9F0412DED048B07460D4601
:10A0300014461E469FED580AB0EE409A9FED560A10
:10A04000B0EE408A9FED540AF0EE408AD4ED000A4B
:10A0500060EEA00A94ED011AD4ED011A41EE210A36
:10A0600094ED021AD4ED021A41EE210AB0EE600A14
:10A07000F6F7C6FDF7EE000A80EE801AB0EE419AC0
:10A08000D5ED000AB0EE600AF6F751FCF0EE409A0A
:10A09000D5ED010AB0EE600AF6F749FC79EE809A38
:10A0A000D5ED020AB0EE600AF6F741FC39EE800AFF
:10A0B000F0EE408A3948D0ED000A79EE600AB0EE41
:10A0C000600AF6F734FCB0EE408A9FED350AB4EE34
:10A0D000C08AF1EE10FA06DC9FED320AF4EEC08A77
:10A0E000F1EE10FA53DD9FED2C2AB0EE420A9FEDFF
:10A0F0002A2AF0EE421AB7EE002AF0EE420A9FED4D
:10A10000262AB0EE421AB5EEC08AF1EE10FA05DD4D
:10A110009FED232AC2EE082AB0EE620A9FED222AA2
:10A12000B4EEC20AF1EE10FA03D29FED1B2AB0EE94
:10A13000420AF5EEC08AF1EE10FA05DD9FED192A0C
:10A14000C2EE282AF0EE621AB7EE002AB4EEC20A76
:10A15000F1EE10FA03D220EE802AF0EE420AB7EEBA
:10A16000002AF4EEC21AF1EE10FA03D220EEA12A70
:10A17000F0EE420A9FED0D2A20EE822AB0EE421A3E
:10A1800086ED001A86ED011A86ED021A00BFBDECBD
:10A19000048BBDE8F0810000000000006402002094
:10A1A000CDCCCC3D8FC2F53D9A99993ECDCC4C3E5D
:10A1B00010B52DED048B86B00446B0EE408AF0EE6B
:10A1C000608AB0EE419A00200390049005900090C0
:10A1D00001900290B0EE000AC8EE000AF0EE609A1C
:10A1E000B0EE690AF6F797FB8DED030AB0EE000AB0
:10A1F000C8EE800AF0EE609AB0EE690AF6F78BFBC3
:10A200008DED040AB0EE000AC9EE000AF0EE609A85
:10A21000B0EE690AF6F77FFB8DED050AB0EE000A95
:10A22000C8EE000AF0EE609AB0EE690AF6F7FAFCA2
:10A230008DED000AB0EE000AC8EE800AF0EE609ADA
:10A24000B0EE690AF6F7EEFC8DED010AB0EE000AF9
:10A25000C9EE000AF0EE609AB0EE690AF6F7E2FC89
:10A260008DED020A9DED050ADDED040A20EE200ABF
:10A27000DDED030A20EE200ADDED020A9DED011A54
:10A2800060EE810A9DED001A00EE810A84ED000A5D
:10A290009DED020ADDED040A20EE200ADDED030A41
:10A2A00020EE200ADDED050A9DED011A60EE810A1F
:10A2B0009DED001A00EEC10A84ED010A9DED050A2C
:10A2C000DDED010A20EE200ADDED030A20EE200A72
:10A2D000DDED020A9DED041A60EE810A9DED001A83
:10A2E00000EE810A84ED020A9DED050ADDED040A07
:10A2F00020EE200ADDED000A20EE200ADDED020A44
:10A300009DED011A60EE810A9DED031A00EEC10A6F
:10A3100084ED030A06B0BDEC048B10BD38B50020F7
:10A3200000900024F6F732FD8020F6F7D1FE55208C
:10A33000F6F7CEFE5520F6F7CBFE0090F6F71CFDA3
:10A340009620F6F792FDF6F721FD8020F6F7C0FE85
:10A350005520F6F7BDFE5520F6F7BAFE0090F6F749
:10A360000BFD9620F6F781FDF6F710FDB6217E2055
:10A37000F6F7D8FEF6F700FD5020F6F770FDF6F779
:10A3800005FD8020F6F7A4FE5520F6F7A1FE552026
:10A39000F6F79EFE0090F6F7EFFC9620F6F765FDC7
:10A3A000F6F7F4FC8020F6F793FE5520F6F790FEC2
:10A3B0005520F6F78DFE0090F6F7DEFC9620F6F7B6
:10A3C00054FD9DF800001E2801D0FF2038BD002458
:10A3D00037E0F6F7DBFC04EB44021C4B1A445178DF
:10A3E00004EB4402985CF6F79DFEF6F7C5FC962058
:10A3F000F6F73BFDF6F7CAFC04EB4401134A515C47
:10A4000041F08000F6F764FE5520F6F761FE552016
:10A41000F6F75EFE0090F6F7AFFC9620F6F725FD06
:10A4200004EB44000949084440789DF80010884234
:10A4300005D004EB4400054908448078C6E7601C59
:10A44000C4B2062CC5DB0020C0E7000034020020A7
:10A4500010B586B000200190029000900024F6F71D
:10A4600095FC8020F6F734FE5520F6F731FE552096
:10A47000F6F72EFE0090F6F77FFC9620F6F7F5FC37
:10A48000F6F784FC8020F6F723FE5520F6F720FE31
:10A490005520F6F71DFE0090F6F76EFC9620F6F7B5
:10A4A000E4FCF6F773FCB6217E20F6F73BFEF6F7E8
:10A4B00063FC5020F6F7D3FCF6F768FC8020F6F733
:10A4C00007FE5520F6F704FE5520F6F701FE009032
:10A4D000F6F752FC9620F6F7C8FCF6F757FC8020FA
:10A4E000F6F7F6FD5520F6F7F3FD5520F6F7F0FDEB
:10A4F0000090F6F741FC9620F6F7B7FC9DF80000B7
:10A500001E2802D0FF2006B010BD00243AE0F6F766
:10A510003DFC04EB44028C4B1A44517804EB44029A
:10A52000985CF6F7FFFDF6F727FC9620F6F79DFC02
:10A53000F6F72CFC04EB4401834A515C41F08000A7
:10A54000F6F7C6FD5520F6F7C3FD5520F6F7C0FD1A
:10A550000090F6F711FC9620F6F787FC04EB440018
:10A560007949084440789DF80010884205D004EBF2
:10A570004400754908448078C5E75020F6F76FFC21
:10A58000601CC4B2042CC2DB00246FE0F6F7FEFBB3
:10A59000221D02EB42026C4B1A445178221D02EB41
:10A5A0004202985CF6F7BEFDF6F7E6FB9620F6F75A
:10A5B0005CFCF6F7EBFB211D01EB4101624A515CAB
:10A5C00041F08000F6F784FD5520F6F781FD552017
:10A5D000F6F77EFD0090F6F7CFFB9620F6F745FCE8
:10A5E000201D00EB40005849084440789DF80010B9
:10A5F000884206D0201D00EB400053490844807873
:10A6000081E75020F6F72BFCF6F7C0FB9220F6F717
:10A610005FFD062201A91220F6F73AFDF6F7ACFB22
:10A620009DF80500000200B29DF80410084304EBF9
:10A63000440103AA22F811009DF80700000200B2AD
:10A640009DF80610084304EB440102EB41014880E9
:10A650009DF80900000200B29DF80810084304EBC1
:10A66000440102EB41018880601CC4B2022C8DDBE6
:10A67000F6F78CFB00216D20F6F754FDF6F77CFB16
:10A680009620F6F7F2FBF6F781FBED20F6F720FDBA
:10A690005520F6F71DFD5520F6F71AFD0090F6F748
:10A6A0006BFB9620F6F7E1FB9DF8000008B1042053
:10A6B00029E7F6F76BFBB6217E20F6F733FDF6F7B8
:10A6C0005BFB5020F6F7CBFBBDF90C00BDF9121077
:10A6D000401A40F25551884210DBBDF90E10BDF909
:10A6E0001400081A40F25551884207DBBDF91010DA
:10A6F000BDF91600081AB0F52A7F01DA802002E7BA
:10A70000F6F744FB8020F6F7E3FC5520F6F7E0FC73
:10A710005520F6F7DDFC0090F6F72EFB9620F6F7B5
:10A72000A4FBF6F733FB8020F6F7D2FC5520F6F7B2
:10A73000CFFC5520F6F7CCFC0090F6F71DFB9620D9
:10A74000F6F793FB0020DEE67402010838B500241A
:10A7500000200090F6F730FB69460020F6F7ABFCCE
:10A76000F6F720FB9620F6F780FBF6F725FB694607
:10A770000020F6F7A0FCF6F715FB9620F6F775FB20
:10A78000F6F71AFBB6211420F6F7CCFCF6F70AFB15
:10A790005020F6F764FBF6F70FFB69460020F6F74A
:10A7A0008AFCF6F7FFFA9620F6F75FFBF6F704FB54
:10A7B00069460020F6F77FFCF6F7F4FA9620F6F7E4
:10A7C00054FB9DF800000F2801D0FF2038BD002465
:10A7D0002FE0F6F7F1FA04EB4402184B1A445178D3
:10A7E00004EB4402985CF6F79DFCF6F7DBFA962042
:10A7F000F6F73BFBF6F7E0FA04EB44010F4A505C36
:10A800006946F6F758FCF6F7CDFA9620F6F72DFBD9
:10A8100004EB44000949084440789DF80010884240
:10A8200005D004EB4400054908448078CEE7601C5D
:10A83000C4B2062CCDDB0020C8E700004602002091
:10A8400038B5002000900024F6F7B6FA69460020DB
:10A85000F6F731FCF6F7A6FA9620F6F706FBF6F7C0
:10A86000ABFA69460020F6F726FCF6F79BFA96202D
:10A87000F6F7FBFAF6F7A0FAB6211420F6F752FC29
:10A88000F6F790FA5020F6F7EAFAF6F795FA6946E5
:10A890000020F6F710FCF6F785FA9620F6F7E5FAB1
:10A8A000F6F78AFA69460020F6F705FCF6F77AFA19
:10A8B0009620F6F7DAFAF6F77FFA01213C20F6F750
:10A8C00031FCF6F76FFA5020F6F7C9FA00BFF6F739
:10A8D00073FA69463C20F6F7EEFBF6F763FA96202A
:10A8E000F6F7C3FA601CC4B29DF8000000F0020045
:10A8F00008B90A2CEBDB0A2C01D1402038BD9DF8A9
:10A90000000000F0040008B14020F7E70020F5E760
:10A91000002002490968C863704700006C0B0020E2
:10A92000034A12689062024A1268D16370470000BD
:10A930006C0B002010B504461A48007840B91A483C
:10A94000007828B91748047064201749087028E077
:10A950001448007838B914480078401E124908702D
:10A96000FFF7D6FF1DE011480078401C0F49087022
:10A9700008460078322802DAFFF7CAFF11E00B48D8
:10A980000078642805DA47F230510120FFF7C8FF4C
:10A9900007E000200549087002480078401E014980
:10A9A000087010BD27020020280200202902002084
:10A9B0002DE9F05F0546884691469A46DDF828B0B5
:10A9C0007DB1B8F1000F0CD0B9F1000F09D0BAF188
:10A9D000000F06D0BBF1000F03D00B9808B10C9804
:10A9E00008B9BDE8F09F002600270024288A698A5C
:10A9F000401A04B2002C03DA41F6FF70204404B27E
:10AA0000204604EBD0712A8AA2EB61010CB2B4F5A6
:10AA1000005F04DBA4F5F850FF3804B205E0002C19
:10AA200003DA41F6FF70204404B2A8F80040B8F8F9
:10AA30000010288A02F0EEFB8AED000AB8F8001038
:10AA4000688A02F0E7FB8BED000A95ED020ADFED64
:10AA50003C0A80EE201ABDEEC10A10EE100A04B2C4
:10AA6000A88A204406B295ED030ADFED350A80EE90
:10AA7000201ABDEEC10A10EE100A04B2E88A204482
:10AA800007B2B6F5005F04DBA6F5F850FF3806B252
:10AA900005E0002E03DA41F6FF70304406B2B7F548
:10AAA000005F04DBA7F5F850FF3807B205E0002F80
:10AAB00003DA41F6FF70384407B2F01B04B2B4F574
:10AAC000805F04DDA4F5F850FF3804B206E014F509
:10AAD000805F03DA41F6FF70204404B2BE4203DD1A
:10AAE00041F6FF70384407B2204604EBD071A6EB64
:10AAF00061010CB2B4F5005F04DBA4F5F850FF3837
:10AB000004B205E0002C03DA41F6FF70204404B2E1
:10AB1000A9F80040B9F80010A88A02F07BFBB1EE5A
:10AB2000400A0B9880ED000AB9F80010E88A02F09C
:10AB300071FBB1EE400A0C9880ED000A00BF50E7AF
:10AB4000DB0F493AF8B50024002500BF69E004EBAB
:10AB5000840303EBC403344E33441B7903F07F02B8
:10AB600004EB840303EBC4033344D3F805102F4BE9
:10AB7000E81800F0C4FD04EB840000EBC40031468B
:10AB80000844007900F07F0005EB800085B227497A
:10AB900068180122694600F0B2FD9DF8000004EB40
:10ABA000840101EBC401324650549DF8010004EBCE
:10ABB000840101EBC401114448709DF8020004EBCC
:10ABC000840101EBC401114488709DF8030004EB7B
:10ABD000840101EBC4011144C870281D85B204EB47
:10ABE000840000EBC40011460844C078552816D0F4
:10ABF00004EB840000EBC4000844D0F8090070B1F5
:10AC000004EB840000EBC4000844007920F08000CD
:10AC1000803004EB840101EBC40111440871601C15
:10AC2000C4B2052C93DBF8BD4070002000000A0878
:10AC300070B50024002500BF2DE004EB840303EB76
:10AC4000C4031B4E33441B795B06DA0D04EB84030B
:10AC500003EBC4033344D3F80510164B5819F5F72A
:10AC60008FFC04EB840000EBC400314608440079FB
:10AC700000F07F0005EB800085B20E48284404EB0D
:10AC8000840101EBC4013246114409680160281DAA
:10AC900085B2601CC4B2052CCFDB0121064800F050
:10ACA00017FD1E220349044800F034FD70BD00006A
:10ACB00040700020C86F002000000A087CB50646DE
:10ACC0000D463446ADB994ED042AF0EE421A94EDE7
:10ACD000032AB0EE421A94ED022AF0EE420A94EDF5
:10ACE000012AB0EE420A6188208803F0CFF90020E3
:10ACF0007CBD012D16D104F11000011F0B1F221D78
:10AD0000CDE90010A11C204600F08AF918B1FFF728
:10AD1000FFFD0120ECE744F61F611F20FFF700FE56
:10AD20000020E5E70020E3E770B506460C4635460F
:10AD300034B9294605F10C00FAF7C0FA002070BDBD
:10AD4000012C1ED1104A294605F10C00FAF778FAB9
:10AD50000D48008844F62061884209DD00200A4938
:10AD60000880FFF7D5FD2420FBF73AFC0120E6E739
:10AD7000FBF75EFC42F210715F20FFF7D1FD00206F
:10AD8000DDE70020DBE700001201002002460B4651
:10AD900011460BB901207047002008702820C870A8
:10ADA00091F903002D2801DD2D20C87043F23900F0
:10ADB000A1F80100B3EE060A10EE100A4860012067
:10ADC000E9E7000010B5002400BF26E02748015D38
:10ADD00004EB840000EBC400254A1044007961F3C1
:10ADE000060004EB840101EBC40111440871214801
:10ADF00050F8240004EB840101EBC4011144C1F8B4
:10AE000005001D4850F8240004EB840101EBC40147
:10AE10001144C1F80900601CC4B2052CD6DBFFF751
:10AE200091FE00241FE004EB840000EBC4001049F5
:10AE30000844C078552814D104EB840000EBC4000A
:10AE40000844D0F8090060B10A4951F8240004EB25
:10AE5000840101EBC401064B1944D1F809200021FB
:10AE60009047601CC4B2052CDDDB10BDE40000205F
:10AE700040700020D0000020EC00002000F00EFE0A
:10AE80004A49086091E0FBF7F7F90020484908704B
:10AE90007EE04748007800EB800101EBC0004549A7
:10AEA00008440079C00900286DD04148007800EBC3
:10AEB000800101EBC0003F490844D0F80900002898
:10AEC00061D03D493A4B1B7851F823003849097845
:10AED00001EB810303EBC101364B1944D1F8092082
:10AEE00001219047F0B33248007800EB400033492D
:10AEF000085C2F49097801EB810202EBC1012D4A60
:10AF000050542B48007800EB40002C49084440780E
:10AF10002749097801EB810202EBC101254A11445E
:10AF200048702348007800EB4000244908448078AA
:10AF30001F49097801EB810202EBC1011D4A11444E
:10AF4000887055201A49097801EB810202EBC10192
:10AF5000184A1144C8701648007800EB800101EBD4
:10AF6000C00000E00FE011460844007920F08000A6
:10AF70000F49097801EB810202EBC1010D4A11442E
:10AF80000871FFF755FE0A480078401C0849087010
:10AF9000074800780528FFF67CAF012002F054F93D
:10AFA000002003F083F9064908606CE7C400002024
:10AFB0000401002040700020D0000020E0010108C2
:10AFC000C000002000B58BB0012009900020079040
:10AFD00001200890002001900290039004900690B8
:10AFE000059001A90C48F6F7D9FF0B48F7F72BFCA1
:10AFF00002210948F6F712FF0E200A90069001A9D7
:10B000000648F6F7CBFF0548F7F71DFC0221034879
:10B01000F6F704FF0BB000BD68020020900200208C
:10B020002DE9FE438046894614461D46DDE90A6740
:10B030003E4890F8E40160BB01213C4880F8E411EF
:10B0400090ED6B0A80ED750AD0F8EC000188374866
:10B05000A0F8E01190ED330A80ED730AC068018812
:10B060003248A0F8DC1190ED6B0A80ED760AD0F83A
:10B07000EC0001882D48A0F8E21190ED330A80ED34
:10B08000740AC06801882948A0F8DE110020BDE8D4
:10B09000FE83264890F8E401052845D123464A4618
:10B0A000414623488DE8E000FFF782FC94ED000A5A
:10B0B000DFED200A30EE600A84ED000A95ED000A0B
:10B0C000DFED1C0A30EE200A85ED000A96ED000A3D
:10B0D000DFED180A30EE600A86ED000A97ED000AEF
:10B0E000DFED140A30EE200A87ED000AB8F80010F0
:10B0F0000E48A0F8BA1094ED000A80ED2F0A95EDE5
:10B10000000A80ED300AB9F80010A0F89A1196ED07
:10B11000000A80ED670A97ED000A80ED680A0021B9
:10B1200080F8E4110120B2E70020B0E71873002096
:10B13000E4740020CDCCCC3D074800680749B0FB43
:10B14000F1F007490870044800684FF47A71B0FBC9
:10B15000F1F00449086070472800002040420F00C9
:10B16000A0000020A400002070B5034600240021A8
:10B170000020002200254FF0E02675690D4E36783C
:10B1800003FB06F44FF0E026B16910E04FF0E02633
:10B19000B06988420BD0884202D20E1A324402E0D3
:10B1A0002E1A0E4432440146A24200D300E0EDE7DD
:10B1B00000BF70BDA000002010B5044604EBC40021
:10B1C000454901EB8000006804EBC401424A02EBF0
:10B1D0008101486004F05AF804EBC4013E4A02EBD6
:10B1E0008101086004EBC400114601EB8000C07CC3
:10B1F000C0F38010B0B104EBC40001EB8000C07C50
:10B2000020F0400004EBC40102EB8101C87404EBA0
:10B21000C400114601EB8000006804EBC40102EB9E
:10B220008101C86004EBC4002B4901EB80008069F8
:10B2300090B304EBC401284A02EB8101886980477E
:10B2400058B304EBC400244901EB8000C07C20F01B
:10B250002000203004EBC4011F4A02EB8101C874B6
:10B2600004EBC400114601EB8000C07C20F080009C
:10B27000803004EBC40102EB8101C87404EBC4000C
:10B28000114601EB8000006A28B304EBC40102EB15
:10B290008101086A80471EE00FE0FFE704EBC4006D
:10B2A0000D4901EB8000C07C20F0800004EBC4015C
:10B2B000094A02EB8101C8740DE004EBC4000649A1
:10B2C00001EB8000C07C20F0800004EBC401024A46
:10B2D00002EB8101C87410BDFC70002010B596B05F
:10B2E00004465422554901A8F5F78FF900209FE044
:10B2F00000EB400101AA32F8112000EBC001504BD5
:10B3000003EB8101098A62F30B0100EBC00203EB3E
:10B310008202118200EB400101AA02EB41014A883E
:10B3200000EBC00103EB8101B1F8111062F30F11C2
:10B3300000EBC00203EB8202A2F8111000EB400107
:10B3400001AA02EB4101097900EBC00203EB820282
:10B35000D27C61F3440200EBC00103EB8101CA74AB
:10B36000002100EBC00203EB8202916100EBC002FE
:10B3700003EB8202D16100EBC00203EB8202116297
:10B3800000EBC0011A4602EB8101C97C21F00101EA
:10B39000491C00EBC00203EB8202D17400EBC00138
:10B3A0001A4602EB8101C97C21F02001203100EB1B
:10B3B000C00203EB8202D17400EBC0011A4602EB1B
:10B3C0008101C97C21F04001403100EBC00203EB58
:10B3D0008202D17400EBC0011A4602EB8101C97CE4
:10B3E00021F08001803100EBC00203EB8202D174B6
:10B3F0009FED140A10EE101A00EBC00203EB82025C
:10B40000516100EBC0011A4602EB81010C6000EBB8
:10B41000C00102EB81014C6000EBC00102EB810135
:10B420008C6000EBC00102EB8101CC60411CC8B212
:10B430000E28FFF65DAF16B010BD0000F001010848
:10B44000FC7000200000000003F020FF9B49086012
:10B4500008460068FFF742FF392003F0A7F82CE107
:10B4600003F014FF954908600E209549087095482F
:10B4700090F80B0220F04001924880F80B1290F8EF
:10B480000B0220F020018F4880F80B12002409E104
:10B4900004EBC4008B4901EB8000C07C00F001008C
:10B4A00000B9FEE004EBC400864901EB80000068AF
:10B4B00082490968081A04EBC401824A02EB81013F
:10B4C000098AC1F30B01884260D904EBC40011461C
:10B4D00001EB8000C07CC0F3401008BB04EBC4004B
:10B4E00001EB8000C07C20F04000403004EBC40140
:10B4F00002EB8101C87404EBC400114601EB80002B
:10B50000C07C20F02000203004EBC40102EB81015C
:10B51000C8746A48006804EBC40102EB81018860CA
:10B5200004EBC400674901EB8000C07CC0F343001A
:10B530006349097801EBC101624A02EB8101C97CD0
:10B54000C1F34301884201DD5D490C705D4890F80C
:10B550000B0220F0400040305A4981F80B020846A7
:10B5600090F80B0220F02000203081F80B0204EB51
:10B57000C40001EB8000C069002806D004EBC401C0
:10B58000504A02EB8101C869804789E004EBC4009E
:10B590004C4901EB8000C06848490968081A04EB6F
:10B5A000C401484A02EB8101B1F81110B0EB111F40
:10B5B0001BD204EBC400114601EB8000C07C20F0DC
:10B5C000400004EBC40102EB8101C87404EBC40029
:10B5D000114601EB8000C07C20F02000203004EBFD
:10B5E000C40102EB8101C8745AE004EBC400354980
:10B5F00001EB8000C07C20F0400004EBC401314A24
:10B6000002EB8101C87404EBC400114601EB800019
:10B61000C07CC00968B104EBC40001EB8000C07CB1
:10B6200020F02000203004EBC40102EB8101C8743B
:10B630000DE004EBC400234901EB8000C07C20F046
:10B64000200004EBC4011F4A02EB8101C87404EB23
:10B65000C4001C4901EB8000006804EBC401194AD6
:10B6600002EB8101496888421AD904EBC4001146F3
:10B6700001EB8000006804EBC40102EB8101496822
:10B68000401A00EE100AF8EE400A9FED0F1A81EE04
:10B69000200A10EE100A04EBC40102EB810148619C
:10B6A00000BF641C0E2CFFF6F3AE0A2002F07EFFF2
:10B6B000002002F0FBFD05490860D1E62C010020C6
:10B6C00030010020FC70002000007A442801002096
:10B6D00030B587B005460C46284600F067F8049060
:10B6E00000200290022006900594F7F705FA01A9C0
:10B6F00002A8F7F755F9F7F7A9F907B030BD70B50B
:10B7000004460D461646B20021462846F4F738FF97
:10B7100070BD00002DE9F04104460D461646F7F7CE
:10B72000EBF91E480460204600F040F91C4908600F
:10B730001C48056000201C49086024E01948006886
:10B7400007683A460023154801680220F7F788F990
:10B7500098B912480068001D104908601148006837
:10B76000001D1049086010480068401C0E49086020
:10B7700008460068B04206D10BE0F7F767F94FF0D2
:10B78000FF30BDE8F0810548006805490968884236
:10B79000D4D900BFF7F75AF90020F2E7A80000203B
:10B7A000AC000020B0000020B400002001460020C2
:10B7B000304A914203D2B1F1006F00D358E02E4AD3
:10B7C000914204D22B4A914201D3012050E02B4AEE
:10B7D000914204D2284A914201D3022048E0284AEB
:10B7E000914204D2254A914201D3032040E0254AE8
:10B7F000914204D2224A914201D3042038E0224AE5
:10B80000914204D21F4A914201D3052030E01F4AE1
:10B81000914204D21C4A914201D3062028E01C4ADE
:10B82000914204D2194A914201D3072020E0194ADB
:10B83000914204D2164A914201D3082018E0164AD8
:10B84000914204D2134A914201D3092010E0134AD5
:10B85000914204D2104A914201D30A2008E0B1F18A
:10B86000016F04D20D4A914201D30B2000E00B205E
:10B8700070470000004000080080000800C0000879
:10B88000000001080000020800000408000006088B
:10B890000000080800000A0800000C0800000E085C
:10B8A00000487047287600202DE9F04104460D46F7
:10B8B00016461F4614B10DB106B10FB9BDE8F081AF
:10B8C000D4ED010A94ED031A60EE810A94ED001A9A
:10B8D000D4ED021A41EE610AB8EE001A60EE810A58
:10B8E000B0EE600AF4F7FBFF86ED000A94ED001A53
:10B8F00021EE011AD4ED011A94ED012A01EE821A0B
:10B90000F7EE001AB0EE002A52EE011AF0EE610ACC
:10B9100094ED001AD4ED031A21EE211AD4ED011A88
:10B9200094ED022A01EE821AF0EE001A21EE211A9D
:10B93000B0EE410AF4F7DFFF85ED000A94ED001A3E
:10B9400021EE011AD4ED031A94ED032A01EE821AB6
:10B95000F7EE001AB0EE002A52EE011AF0EE610A7C
:10B9600094ED001AD4ED011A21EE211AD4ED021A39
:10B9700094ED032A01EE821AF0EE001A21EE211A4C
:10B98000B0EE410AF4F7B7FF87ED000A00BF95E774
:10B99000014890F903007047C80000200048704734
:10B9A000FC70002000487047F4750020014600201C
:10B9B0002D4A914204D2B1F1006F01D3104651E0FB
:10B9C0002A4A914204D2284A914201D3274849E0A9
:10B9D000274A914204D2254A914201D3244841E0AA
:10B9E000244A914204D2224A914201D3214839E0AB
:10B9F000214A914204D21F4A914201D31E4831E0AC
:10BA00001E4A914204D21C4A914201D31B4829E0AC
:10BA10001B4A914204D2194A914201D3184821E0AD
:10BA2000184A914204D2164A914201D3154819E0AE
:10BA3000154A914204D2134A914201D3124811E0AF
:10BA4000124A914204D2104A914201D30F4809E0B0
:10BA50000F4A914204D20D4A914201D30C4801E0B1
:10BA60004FF00160704700000040000800800008AF
:10BA700000C00008000001080000020800000408DF
:10BA8000000006080000080800000A0800000C0872
:10BA900000000E0800487047B6700020004870474C
:10BAA0003476002000487047AC70002010B52DEDB2
:10BAB000048B0446B0EE408AF0EE608AB0EE419A04
:10BAC00024B99FED260ABDEC048B10BD84ED048AD9
:10BAD000C4ED038A78EEC89A9FED211ADFED210AA2
:10BAE000B0EE690A01F030FB84ED050A94ED000A1E
:10BAF000D4ED050A20EE200A84ED080A94ED090A27
:10BB0000D4ED010A94ED051A00EE810A84ED090ACC
:10BB100094ED020A20EE090A84ED0A0AD4ED070A20
:10BB2000B0EE600A04F12400FEF77CF994ED080AF7
:10BB3000D4ED090A30EE200AD4ED0A0A30EE200ACC
:10BB400084ED0B0AD4ED060AB0EE600A04F12C0075
:10BB5000FEF768F994ED0B0AB5E70000000000005D
:10BB6000DB0F4940DB0F49C000B970479FED090A60
:10BB700080ED040A80ED030A80ED050A9FED050AB9
:10BB800080ED0A0A80ED090A80ED080A80ED0B0AB3
:10BB900000BFEAE70000000000B9704780ED001A1E
:10BBA000C0ED011A80ED022ADFED062AC0ED052A5C
:10BBB000DFED042AC0ED042AC0ED070A80ED060A75
:10BBC00000BFEAE7000000002DE9F0412DED048BF5
:10BBD00005460E4614460DB106B11CB9BDEC048BEA
:10BBE000BDE8F0812068B0F904000A2805DC20686F
:10BBF000B0F9040010F10A0F04DA20688088634964
:10BC0000088002E00020614908802068B0F9060041
:10BC10000A2805DC2068B0F9060010F10A0F04DAE2
:10BC20002068C0885A49088002E0002058490880EE
:10BC30005648B0F9000000EE100AB8EEC00ADFED79
:10BC4000550A20EE200A2068B0F90C0000EE900A98
:10BC5000F8EEE00A9FED501A00EEC10A85ED000AE9
:10BC60004B48B0F9000000EE100AB8EEC00ADFED54
:10BC70004B0A20EE200A2068B0F90E0000EE900A70
:10BC8000F8EEE00A9FED461A00EE810A86ED000A02
:10BC90002068808A00F40070D8B14248008800F41F
:10BCA0000070B0B94048007898B901203E4908704A
:10BCB000D4ED330A9FED3D1A70EE810AB0EE600AB2
:10BCC0009FED3A1ADFED3A0A01F03EFA394880ED6D
:10BCD000000A2068808A334908803348007820B3FE
:10BCE000D4ED330A334890ED001A71EE600AB0EEDD
:10BCF000600A9FED2E1ADFED2E0A01F025FAB5EE4F
:10BD0000C00AF1EE10FA08DD95ED000ADFED2A0A0F
:10BD100030EE200A85ED000A07E095ED000ADFED20
:10BD2000260A30EE600A85ED000A1F48007858B3F5
:10BD3000D4ED330A1F4890ED001A71EE600AB0EEA0
:10BD4000600A9FED1A1ADFED1A0A01F0FDF910EEF4
:10BD5000107A384603F0EEFF41EC190BB0EE490AB9
:10BD6000F0EE690AFDF7ECFFB0EE408AF0EE608A73
:10BD70009FED120B53EC102B51EC180B03F0FAFC57
:10BD800002D200200849087000BF27E73E010020CA
:10BD900040010020ACC5A7B617B751389C53C9B6AF
:10BDA00052491D394201002044010020DB0F494067
:10BDB000DB0F49C0480100200AD7233D00000040A6
:10BDC000E17A843F10B52DED028B0446B0EE408A37
:10BDD00014B9BDEC028B10BDD4ED310A94ED301ACC
:10BDE00070EEC10AB0EE600A9FED2F1ADFED2F0A48
:10BDF00001F0AAF92E4880ED000A94ED2E0AD0ED4C
:10BE0000000A30EE200A30EE080AD4ED2C0AB4EE17
:10BE1000E00AF1EE10FA11DDB5EEC08AF1EE10FA8B
:10BE20002DDD94ED2C0AD4ED2E0A30EE600AD0ED13
:10BE3000000A30EE600AB0EE408A20E094ED2E0A4F
:10BE40001B48D0ED000A30EE200A30EE080AD4ED8F
:10BE50002D0AB4EEE00AF1EE10FA10D2B5EEC08A67
:10BE6000F1EE10FA0BD294ED2D0AD4ED2E0A30EE3D
:10BE7000600AD0ED000A30EE600AB0EE408A94ED20
:10BE8000310A0C4880ED000AD0ED000A70EE880AF5
:10BE9000B0EE600A9FED041ADFED040A01F054F9D8
:10BEA00084ED310A00BF94E7DB0F4940DB0F49C046
:10BEB000580100205C01002070B506460C4615466E
:10BEC0000EB104B105B970BD1D48007828B92A46E5
:10BED0002146304600F0EAFD30E01948007801289C
:10BEE00005D12A462146304600F050FB26E0144892
:10BEF0000078022805D12A462146304600F038F95C
:10BF00001CE00F480078032805D12A462146304618
:10BF1000FFF75AFE12E00A480078042805D12A46A5
:10BF20002146304600F072FC08E0054800780528FC
:10BF300004D12A462146304600F0EAFB00BFC2E7A2
:10BF40003401002010B5044604B910BD204600F0AD
:10BF50003FF81E48007828B9002184F8B81084F80A
:10BF6000981130E019480078012805D1022184F8A1
:10BF7000B81084F8981126E014480078022805D1FA
:10BF8000002184F8B81084F898111CE00F4800785C
:10BF9000032805D1012184F8B81084F8981112E023
:10BFA0000A480078042805D1022184F8B81084F8E2
:10BFB000981108E005480078052804D1022184F88A
:10BFC000B81084F8981100BFBFE7000034010020CA
:10BFD00010B52DED048B044614B9BDEC048B10BDD7
:10BFE0005C480078022805D14FF4F270005D052806
:10BFF00000D0F2E74FF4F270005D012807D1002075
:10C0000002F0BCF818B9022052490870E5E751481F
:10C010000078012871D150480088401C4E490880A2
:10C0200094ED310ADFED4D0A30EE600A10EE101A81
:10C03000084603F07FFE41EC190BB0EE490AF0EE22
:10C04000690AFDF77DFEB0EE408AF0EE608A9FED52
:10C05000440B53EC102B51EC180B03F08BFB29D243
:10C0600094ED6B0ADFED3D0A30EE600A10EE101A17
:10C07000084603F05FFE41EC190BB0EE490AF0EE02
:10C08000690AFDF75DFEB0EE408AF0EE608A9FED32
:10C09000340B53EC102B51EC180B03F06BFB09D253
:10C0A00031480088642810DA2F480088401C2E4947
:10C0B00008800AE02848008841F27071884204DA5A
:10C0C00025480088401C244908802348008841F204
:10C0D000707188420CDA24480088642808DA2068E5
:10C0E000807A022804D0002002F048F800B974E7F2
:10C0F00000201D490880184908802068807A02289D
:10C1000003D10020134908700EE02068807A0328CC
:10C1100003D104200F49087006E02068807A0128C6
:10C1200002D103200B490870002002F027F810B15B
:10C130000020084908700D48007828B905480078A3
:10C1400010B10120034908700248007807490870BF
:10C1500000BF42E73401002036010020000000004B
:10C16000000000A09999B93F380100203A01002051
:10C1700010B508B101B102B910BD4FF4F2739B5C68
:10C18000012B2ED19FED690A81ED000A9FED680A0F
:10C1900080ED000A92ED6D0ADFED660AB4EEE00A6A
:10C1A000F1EE10FA1CD2644B1B885B1C624C23809E
:10C1B00023461B88B3F5FA6F12DD0023238092ED2E
:10C1C0006B0A82ED750AD2F8EC301C884FF4F073DC
:10C1D0009C521B1D9B5C5B1CDCB24FF4F2739C54A5
:10C1E000A2E04FF4F2739B5C022B2ED19FED530A19
:10C1F00081ED000A9FED4E0A80ED000A92ED6D0A76
:10C20000DFED4C0AB4EEE00AF1EE10FA1CD24A4B14
:10C210001B885B1C484C238023461B88B3F5FA6FB0
:10C2200012DD0023238092ED6B0A82ED760AD2F8AC
:10C23000EC301C884FF4F1739C529B1C9B5C5B1C84
:10C24000DCB24FF4F2739C546EE04FF4F2739B5CDB
:10C25000032B2ED19FED360A81ED000A9FED330AA4
:10C2600080ED000A92ED350ADFED320AB4EEE00A05
:10C27000F1EE10FA58D2304B1B885B1C2E4C2380F9
:10C2800023461B88B3F5FA6F4EDD0023238092ED21
:10C29000330A82ED730AD3681C884FF4EE739C5204
:10C2A0004FF4F2739B5C5B1CDCB24FF4F2739C5452
:10C2B0003AE04FF4F2739B5C042B2DD19FED1C0AE6
:10C2C00081ED000A9FED1D0A80ED000A92ED350A0E
:10C2D000DFED180AB4EEE00AF1EE10FA24D2164BA4
:10C2E0001B885B1C144C238023461B88B3F5FA6F14
:10C2F0001ADD0023238092ED330A82ED740AD3689D
:10C300001C884FF4EF739C529B1D9B5C5B1CDCB242
:10C310004FF4F2739C5407E04FF4F2739B5C052BCF
:10C3200002D10023044C238000BF25E70000FA451A
:10C3300000000000CDCCCC3D3C0100200000FAC53F
:10C3400010B5044604B910BD94F8B80020B904F142
:10C350000C0000F01BFA10E094F8B800012804D19A
:10C3600004F10C0000F0E4F907E094F8B8000228AA
:10C3700003D104F10C0000F01AFA94F8980120B9E6
:10C3800004F1EC0000F002FA10E094F898010128A2
:10C3900004D104F1EC0000F0CBF907E094F8980127
:10C3A000022803D104F1EC0000F001FA00BFCAE753
:10C3B00010B52DED028B044614B9BDEC028B10BDF7
:10C3C000606890ED010A84ED6B0AB4F89A11D4F814
:10C3D000EC20108800F01EFFB1EE400A84ED690ADF
:10C3E000A06890ED010A84ED6D0A606890ED000A86
:10C3F00084ED330AB4F8BA10E268108800F00AFF3E
:10C4000084ED310AD4ED690AB0EE600AF3F7ACFFAF
:10C41000A068D0ED020A20EE208AD4ED690AB0EEC1
:10C42000600AF3F7DDFFA068D0ED000A00EE608A35
:10C4300084ED358A00BFC0E710B50446FFF732FB34
:10C44000E060FFF727FBC4F8EC00FFF729FA606013
:10C45000FFF7A8FAA060FFF721FB2060002184F815
:10C46000B91084F8B81084F8991184F898119FEDE8
:10C47000402ADFED401AB3EE0A1ADFED3E0AB2EEB3
:10C48000040A04F11000FFF787FB9FED3A2ADFED65
:10C49000391AB2EE001ADFED370AB2EE040A04F1DF
:10C4A0004000FFF779FBDFED340A9FED340A344A90
:10C4B000002104F17000F9F761FE9FED2E2ADFEDF7
:10C4C0002D1AB2EE0E1ADFED2B0AB2EE040A04F1B9
:10C4D000F000FFF761FB9FED272ADFED261AB2EE91
:10C4E0000E1ADFED240AB2EE040A04F59070FFF78D
:10C4F00053FBDFED240A9FED210A234A002104F5B6
:10C50000A870F9F73BFE04F11000FFF72DFB04F1D2
:10C510004000FFF729FB04F17000F9F709FE04F170
:10C52000F000FFF721FB04F59070FFF71DFB04F509
:10C53000A870F9F7FDFD2046FFF73AFF94ED330AA6
:10C5400084ED340A94ED310A84ED320A94ED350A13
:10C5500084ED360A94ED6B0A84ED6C0A94ED690A59
:10C5600084ED6A0A94ED6D0A84ED6E0A10BD000038
:10C570009A99993E0000000000409C450060EA4600
:10C580005002010800401C464402010870B52DED20
:10C59000048B05460E4614460DB106B114B9BDEC28
:10C5A000048B70BD94ED6B0ADFED240A30EEC00AF7
:10C5B00010EE101A084603F0BDFB41EC190BB0EE6B
:10C5C000490AF0EE690AFDF7BBFBB0EE408AF0EED7
:10C5D000608A9FED1B0B53EC102B51EC180B03F0F2
:10C5E000C4F910D294ED6B0ADFED140A30EEC00AE4
:10C5F000DFED150A20EE200A86ED000A9FED0F0AF6
:10C6000085ED000A17E094ED6B0ADFED0C0A30EEC1
:10C61000C00ADFED0D0A20EE200A86ED000A94ED37
:10C62000310ADFED060A30EEC00ADFED080A20EE1F
:10C63000200A85ED000A00BFB1E7000000000000FD
:10C64000000000A09999B93F6F12833B0AD7A33B22
:10C6500000B9704790F8B91069B190F8B81051B9A5
:10C66000B0F9E81000EE101AB8EEC00A80ED390AF1
:10C6700080ED380A18E090F8B910012908D090F838
:10C68000B810012904D190ED330A80ED340A0BE093
:10C6900090F8B910022907D090F8B810022903D1F8
:10C6A00090ED310A80ED320A90F8B82080F8B92078
:10C6B00090F8991169B190F8981151B9B0F9C81171
:10C6C00000EE101AB8EEC00A80ED710A80ED700A13
:10C6D00018E090F89911012908D090F898110129D3
:10C6E00004D190ED6B0A80ED6C0A0BE090F8991183
:10C6F000022907D090F89811022903D190ED690A18
:10C7000080ED6A0A90F8982180F8992100BFA0E78F
:10C7100008B101B102B970479FED040A80ED000A2B
:10C720009FED020A81ED000A00BFF4E7000000005F
:10C7300010B5044604B910BDD4ED321AB0EE611A3A
:10C74000D4ED311AF0EE610AD4ED301AB0EE610A80
:10C75000201DFFF7ABF984ED330A94ED331AF0EEA8
:10C76000410A94ED321AB0EE410A04F16400F9F77F
:10C77000E7FB84ED360A94ED360ABDEEC00A10EEF2
:10C78000100A00B2A4F8DC0000BFD4E700B970477B
:10C7900090ED350A80ED360A90ED360ABDEEC00AFE
:10C7A00010EE101A09B2A0F8DC1000BFEFE710B5C8
:10C7B000044604B910BDD4ED321AB0EE611AD4EDBE
:10C7C0002F1AF0EE610AD4ED2E1AB0EE610A04F1D0
:10C7D0003400FFF76BF984ED330A94ED331AF0EE71
:10C7E000410A94ED321AB0EE410A04F16400F9F7FF
:10C7F000A7FB84ED360A94ED360ABDEEC00A10EEB2
:10C80000100A00B2A4F8DC0000BFD3E710B508B1ED
:10C8100001B102B910BD1368B3F904300A2B05DC6D
:10C820001368B3F9043013F10A0F04DA13689B8814
:10C83000254C238002E00023234C23801368B3F9A6
:10C8400006300A2B05DC1368B3F9063013F10A0F22
:10C8500004DA1368DB881D4C238002E000231B4CA4
:10C860002380194BB3F9003000EE103AB8EEC00A3D
:10C87000DFED170A20EE200A1368B3F90C3000EE42
:10C88000903AF8EEE00A9FED131A00EEC10A80ED2F
:10C89000000A0E4BB3F9003000EE103AB8EEC00AB1
:10C8A000DFED0D0A20EE200A1368B3F90E3000EE1A
:10C8B000903AF8EEE00A9FED091A00EE810A81ED48
:10C8C000000A00BFA6E700004C0100204E01002036
:10C8D000ACC5A7B617B751389C53C9B652491D39D4
:10C8E00000B97047D0ED2F0A70EE800AC0ED2F0A14
:10C8F000D0ED2F0A90ED2C1AF4EEC10AF1EE10FAE9
:10C9000004DDD0ED2C0AC0ED2F0A0CE0D0ED2F0A8B
:10C9100090ED2D1AF4EEC10AF1EE10FA03D2D0ED2B
:10C920002D0AC0ED2F0A00BFDBE700001CB504464E
:10C9300004B91CBD9FED240A8DED010A9FED220A6A
:10C940008DED000A2246694601A8FFF7B5FA94F872
:10C95000B80020B99DED010A84ED380A14E094F87E
:10C96000B800012806D19DED010A04F10C00FFF783
:10C9700029FA09E094F8B800022805D19DED010AD2
:10C9800004F10C00FFF7ACFF94F8980120B99DED7D
:10C99000000A84ED700A14E094F89801012806D189
:10C9A0009DED000A04F1EC00FFF70CFA09E094F8A1
:10C9B0009801022805D19DED000A04F1EC00FFF773
:10C9C0008FFF00BFB5E700000000000010B504466F
:10C9D00004B910BD2046FFF7B5FA00BFF9E7000023
:10C9E000C92001F0E3FD2D48FFF726FD05E00120F9
:10C9F00001F0DCFD2948FFF7DBFC052001F0BEFB60
:10CA00000028F4D1062001F0B9FB0028EFD143E063
:10CA10002248FFF7DBFF2148FFF71AFE1F48FFF708
:10CA2000C7FC1E48FFF782FF1C48FFF789FC1B4824
:10CA3000B0F8E8001A4908801848B0F8C801404228
:10CA400000B218490880052001F098FB38B1062093
:10CA500001F094FB18B1072001F090FBA0B9002071
:10CA600001F08CFB30B100231A4619461846F4F742
:10CA700097FB09E000231A460A48B0F9001008485D
:10CA8000B0F90000F4F78CFB012001F08FFD0020CD
:10CA900001F00CFC04490860BAE70000187300209C
:10CAA00054010020560100205001002008B101B1BE
:10CAB00002B970479FED040A80ED000A9FED020A5B
:10CAC00081ED000A00BFF4E70000000008B101B1E9
:10CAD00002B9704790ED000AD1ED000A9FED0F1AE0
:10CAE00001EE600A80ED000A90ED010AD1ED010A25
:10CAF0009FED0A1A01EE600A80ED010A90ED020A2C
:10CB0000D1ED020A9FED051A01EE600A80ED020ADE
:10CB100013885B1C138000BFDBE7000052499D397E
:10CB2000F0B50546059C00207FE093ED050A00EB7B
:10CB30004006404F07EB8606D6ED000A20EE200A9D
:10CB4000D3ED060A00EB400607EB860696ED011AC8
:10CB500000EE810AD3ED070A00EB400607EB8606DC
:10CB600096ED021A00EE810A334E06EB8006D6EDF2
:10CB7000000A30EE200A05EB800686ED000A93EDF0
:10CB8000010A00EB40062D4F07EB8606D6ED000AA2
:10CB900020EE200AD3ED020A00EB400607EB8606E2
:10CBA00096ED011A00EE810AD3ED030A00EB400670
:10CBB00007EB860696ED021A00EE810A204E06EB80
:10CBC0008006D6ED000A30EE200A01EB800686EDE5
:10CBD000000A94ED010A00EB40061A4F07EB8606A7
:10CBE000D6ED000A20EE200AD4ED020A00EB400642
:10CBF00007EB860696ED011A00EE810AD4ED030AD2
:10CC000000EB400607EB860696ED021A00EE810A5D
:10CC10000D4E06EB8006D6ED000A30EE200A02EB40
:10CC2000800686ED000A461CF0B20328FFF67DAFB1
:10CC3000F0BD00008C01002030750020B001002004
:10CC400048750020D40100207075002010B54D48B3
:10CC5000007800F0010068B34B48806C0068006801
:10CC600000F0010030BB4848C06C0068006800F06C
:10CC70000100F8B94548007800F00200D0B94448F6
:10CC8000007800F00200A8B93E48007820F00100CA
:10CC90003C4908700846007840F002000870002205
:10CCA00001213C48F6F7ACF808223B493B48F9F72C
:10CCB000EBFC10BD3548007800F0010068B3324845
:10CCC000806C0068006800F0010030BB2E48C06C2A
:10CCD0000068006800F00100F8B92A48007800F008
:10CCE0000200D0B92A48007800F00200A8B927480D
:10CCF000007820F00100254908700846007840F0CF
:10CD000002000870002210212548F6F779F8092260
:10CD100024492548F9F7B8FCCBE71D48007800F016
:10CD2000010068B31848806C0068006800F00100DA
:10CD300030BB1548C06C0068006800F00100F8B90D
:10CD40001048007800F00200D0B91048007800F0D8
:10CD50000200A8B90E48007820F001000C490870C4
:10CD60000846007840F002000870002210210C48AC
:10CD7000F6F746F804220D490D48F9F785FC98E7C7
:10CD800000BF96E785010020D4090020860100201D
:10CD90008701002000040240640100206C01002093
:10CDA0000000024000750020740100207D01002079
:10CDB0008101002001490968486370472C0C00205C
:10CDC00010B52DED028BB0EE408A2648007830B3C6
:10CDD000FEF7DEFD00EE100AB8EEC00AF0EE408A63
:10CDE000F0EE680AB0EE480A1F48F9F7A9F81E48A5
:10CDF00090ED080AB5EEC00AF1EE10FA03D29FEDED
:10CE00001B0A80ED080A184890ED080ABCEEC00A1B
:10CE100010EE100A84B22046FFF7CCFF1FE0FEF7A9
:10CE2000B7FD00EE100AB8EEC00AB4EEC80AF1EE83
:10CE300010FA10D20E480078401C0D4908700846C0
:10CE40000078C82807DD0120064908709FED090A0F
:10CE5000054880ED0A0A41F28730FFF7ABFFBDECD1
:10CE6000028B10BDF8010020887500200000000032
:10CE7000F901002000401C45704700001FB5044622
:10CE80006420012103AA0B46CDE90021029022462D
:10CE90001C210348F6F79CF89DF80C0004B010BD67
:10CEA0006009002013B584B004466420012105AA5E
:10CEB0000B46CDE90021029022461C210248F6F7DC
:10CEC00001FA06B010BD00006009002010B5012273
:10CED00040210248F5F794FF10BD00000018024001
:10CEE00010B5002240210248F5F78AFF10BD00006E
:10CEF00000180240704710B50446204600F0A4F91F
:10CF000010BD000070B500250024FFF7B5FFFFF746
:10CF1000F1FFFFF7E5FF3220FFF7EDFFFFF7D6FF48
:10CF20003220FFF7E8FF0020FFF7A8FF0546102D8D
:10CF300001D0402070BD0120FFF7DDFF002424E078
:10CF400004EB4402134B1A44517804EB4402985CFE
:10CF5000FFF7A8FF0120FFF7CEFF04EB44010D4AC5
:10CF6000505CFFF78BFF05460120FFF7C4FF04EB81
:10CF70004400084908444078A84204D004EB440027
:10CF800008448078D6E7601CC4B2042CD8DB0020AB
:10CF9000D0E70000860201082DED088BCEE00024CA
:10CFA000C9E0674850F82400000E00EE100AB8EE01
:10CFB000400AB0EE40AA624850F82400C0F307408F
:10CFC00000EE100AB8EE400AF0EE40AA5C4830F8D5
:10CFD0002400C0F3072000EE100AB8EE400AB0EEBD
:10CFE00040BA574810F8240000EE100AB8EE400A84
:10CFF000F0EE40BA5249601C51F82000000E00EEDD
:10D00000100AF8EE400A084650F82400000E00EE20
:10D01000100AB8EE400A30EEC00AB0EE408A601C3A
:10D0200051F82000C0F3074000EE100AF8EE400A65
:10D03000084650F82400C0F3074000EE100AB8EE8E
:10D04000400A30EEC00AF0EE408A601C31F8200041
:10D05000C0F3072000EE100AF8EE400A084630F848
:10D060002400C0F3072000EE100AB8EE400A30EEAC
:10D07000C00AB0EE409A601C11F8200000EE100AC1
:10D08000F8EE400A084610F8240000EE100AB8EE48
:10D09000400A30EEC00AF0EE409A9FED2A0AC8EE30
:10D0A000000AB0EE608A9FED270AC8EE800AF0EE13
:10D0B000608A9FED240AC9EE000AB0EE609A9FEDE7
:10D0C000210AC9EE800AF0EE609A00252EE03AEEC1
:10D0D000080AB0EE40AA3AEEA80AF0EE40AA3BEEEB
:10D0E000090AB0EE40BA3BEEA90AF0EE40BABCEE37
:10D0F000CA0A10EE100A0106BCEEEA0A10EE100A87
:10D1000041EA0041BCEECB0A10EE100A41EA0020D1
:10D11000BCEEEB0A10EE101A40EA01063046FCF7AE
:10D120004DFE012000F090F8681C85B2B5F57A7FBD
:10D13000CDDB601C84B2062CFFF633AF2FE7000076
:10D140000002002000007A44B4EEE01AF1EE10FA7A
:10D1500000D27047B4EEC10AF1EE10FA0EDD31EEE6
:10D16000602AF0EE421A03E030EE612AB0EE420A85
:10D17000B4EEC10AF1EE10FAF6DC13E0B4EEE00A08
:10D18000F1EE10FA0ED231EE602AF0EE421A03E010
:10D1900030EE212AB0EE420AB4EEE00AF1EE10FAC7
:10D1A000F6D300BF00BFD4E7F6F7AEF9FBF75AFF9E
:10D1B000F8F704FBF8F76CFAF8F726FAF8F746FAEE
:10D1C000F8F73EFCF8F76EFDF8F7C0FDF8F796FEAD
:10D1D000F8F71EFEF8F7FCFBF8F718FCF8F78AFCE6
:10D1E000F8F70EFDF8F750FCFDF7ECFEFDF7A4FF95
:10D1F000FDF7E8FD00F0D2FEF8F786FA00F030F80F
:10D2000000BFFEE701460020842901D0CA1C10445B
:10D21000704700000246501AB0F5805F03DDA0F5AC
:10D22000F850FF3805E010F5805F02DA41F6FF7331
:10D23000184400EE100AB8EEC00ADFED020A20EE34
:10D24000200A7047DB0F493A70B5044625460DB1F8
:10D25000294600E00121084601F0A8F9002070BD30
:10D2600010B501F097FA002010BD10B501F0FEFFD7
:10D27000012801D001F0ECFB10BD7FB504460D463E
:10D28000606998B1A06988B1B4F90800FFF7BAFFE6
:10D290000646D4E90510CDE9006102902B462269CB
:10D2A000D4E9001001F034FF039013E0B4F9080052
:10D2B000FFF7A8FF064603A8CDE90060238A9AB2CB
:10D2C0002B46D4E9001001F0F1FE012802D0002025
:10D2D00004B070BD0398FBE7014611B90948006826
:10D2E00000E00846024652B900BF502080F3118882
:10D2F000BFF34F8FBFF36F8F00BF00BFFEE702F198
:10D30000340070472C0000202DE9F04105460E4600
:10D310001F48076800201F49096881F852001D480E
:10D320000068001D00F0ADFF50B91A48006890F881
:10D330002C10012088401849096881431648016073
:10D34000681C38B936B113480168091D134801F04B
:10D3500003F81AE07C190F4800684460BC4207D209
:10D360000C480168091D0E48006800F0DBFF0CE066
:10D3700008480168091D0B48006800F0D3FF0A48FF
:10D380000068844201D208480460BDE8F0810000D2
:10D39000400000202C00002044000020480E002007
:10D3A00034000020300000205C00002010B504464E
:10D3B00000F0DEFF23480068401C22490860224834
:10D3C000006840B9204804600846006801280DD173
:10D3D00000F0F6F90AE01D48006838B91A480068FC
:10D3E000C06AE16A884201D817480460184800689A
:10D3F000401C1749086094F82C10012088401549FA
:10D400000968084313490860E16A01EB8101124A87
:10D4100002EB8100211D00F09FFF00F0D3FF0B48BD
:10D42000006868B108480068C06AE16A884207D2AB
:10D430004FF0805009490860BFF34F8FBFF36F8FE3
:10D4400010BD00003C0000202C00002048000020FF
:10D4500058000020440000206C0D002004ED00E086
:10D4600008B500F085FF12480068E8B9114800F0DF
:10D4700049FF114800F046FF0E48104908600E4869
:10D480000F49086000200F4B0F4A102100900A201E
:10D4900001F0F8FA064908600846006820B10BA1BF
:10D4A0000348006801F046F800F08CFF08BD00005A
:10D4B000700000205C0E0020700E0020680000202C
:10D4C0006C000020840E0020CC0E0020546D7251A0
:10D4D0000000000010B516E000F04AFF0C48C068DC
:10D4E000C468201D00F0CDFE0A480068401E0949AE
:10D4F000086009480068401E0749086000F062FFA4
:10D50000204600F05EF8044800680028E4D110BD11
:10D51000340E00203C0000203800002070B5044686
:10D520000D46206C70B1216CE0680844E0606168D1
:10D53000E068884201D32068E0602846226CE168F8
:10D54000F3F71EF870BD2DE9F04104460F4615466D
:10D550004FF00008A66B206C40B9206860BB606883
:10D5600001F03EFF80460020606025E07DB939462D
:10D57000226CA068F3F704F8216CA0680844A0604E
:10D58000D4E90110884217D32068A06014E039461E
:10D59000226CE068F2F7F4FF216CE068401AE0606A
:10D5A0002168E068884203D2216C6068401AE0601C
:10D5B000022D01D106B1761E701CA0634046BDE865
:10D5C000F08110B5044694F8510030B9206B00F09A
:10D5D00017FF204600F014FF1AE094F851000128CC
:10D5E00003D1204600F00CFF12E094F8510002280D
:10D5F00001D1012000E0002050B900BF502080F38D
:10D600001188BFF34F8FBFF36F8F00BF00BFFEE7DE
:10D6100010BD00000146084A126812680AB90122CA
:10D6200000E000220A600A6822B9034A1268D26840
:10D63000106800E0002070476800002030B54FF40B
:10D64000C043174800F007042CB1C01D20F00700AC
:10D65000134C041B1B1B0246124C22600024114D6C
:10D660006C60D018083820F007000F4C20600024B0
:10D670000D4D2D686C600C4D2D682C601146441AC0
:10D680004C60094C24680C60084D4C682C60084DB7
:10D690004C682C604FF00044064D2C6030BD0000FB
:10D6A0006C0F00207C000020840000208C000020F3
:10D6B000880000209000002000BFFFF70BFF064805
:10D6C00000680128F9D94FF0805004490860BFF381
:10D6D0004F8FBFF36F8FF0E76C0D002004ED00E07B
:10D6E0002DE9F04106460D4617469846069C0DB9B1
:10D6F000246000E02760E66325640121204601F0F4
:10D7000031FABDE8F0812DE9F05F82460F46904680
:10D710009B460A9E0C9C4FEA8801A522206BF2F7DB
:10D72000A6FFA8F10100216B01EB800929F0070990
:10D7300009F0070008B9012000E0002050B900BF3F
:10D74000502080F31188BFF34F8FBFF36F8F00BF5E
:10D7500000BFFEE7002507E0795D04F13400415584
:10D76000785D00B902E06D1C102DF5D300BF0021DB
:10D7700043200155072E00D30626E662666400208A
:10D78000A064201D00F0CBFD04F1180000F0C7FDDF
:10D790002461C6F10700A06164620020E06484F89F
:10D7A000500084F852005A465146484600F09EFB0D
:10D7B00020600B9808B10B980460BDE8F09F000052
:10D7C00010B5002407E004EB84010F4A02EB81004E
:10D7D00000F098FD641C072CF5D30C4800F092FD76
:10D7E0000B4800F08FFD0B4800F08CFD0A4800F05C
:10D7F00089FD0A4800F086FD04480949086004488C
:10D800000849086010BD00006C0D0020F80D0020D4
:10D810000C0E0020200E0020340E0020480E0020A8
:10D82000300000203400002010B50146164800E00A
:10D83000006803688B42FBD30246436813448B4263
:10D8400004D143684C682344436001460A464B6850
:10D8500013440468A34211D10C4C03682468A3420A
:10D8600008D04B680468646823444B6003681B68F5
:10D870000B6005E0054B1B680B6001E003680B6063
:10D88000884200D0016010BD7C0000208400002090
:10D890002DE9F04104460D4616461F464FF000089C
:10D8A00065602461B5420CD8F01BA169884202D39F
:10D8B0004FF0010811E0211D0948006800F032FD19
:10D8C0000BE0BE4204D2BD4202D34FF0010804E097
:10D8D000211D0448006800F025FD4046BDE8F081A8
:10D8E0006C0000206800002070B5054600F040FD87
:10D8F000A86B08B9012400E0002400F063FD204675
:10D9000070BD70B5054600F033FDA86BE96B884229
:10D9100001D1012400E0002400F054FD204670BD38
:10D92000F8B505460F4616480068C068C468201D53
:10D9300000F0A7FCE06901281DD1A06941192B4620
:10D940003A462046FFF7A4FFA8B1002003462A4626
:10D9500001460090204601F0B1FE064656B900BFD0
:10D96000502080F31188BFF34F8FBFF36F8F00BF3C
:10D9700000BFFEE700BF2046616A8847F8BD00008F
:10D9800068000020F0B587B082E00398002811DA23
:10D9900004AE56B900BF502080F31188BFF34F8FFB
:10D9A000BFF36F8F00BF00BFFEE7D6E90020B1686C
:10D9B000904700BF039800286ADB059C606908B99E
:10D9C000012000E0002010B9201D00F05AFC02A840
:10D9D00000F0C0F8054603980A2857D2DFE800F0A7
:10D9E00009050731334F0608323400BF00BF00BFBE
:10D9F00000BF0498A269811803462A462046FFF713
:10DA000047FFE8B12046616A8847E069012817D1DD
:10DA1000002000900498A16942180023194620466E
:10DA200001F04CFE074657B900BF502080F3118823
:10DA3000BFF34F8FBFF36F8F00BF00BFFEE700BF84
:10DA400025E000BF23E000BF0498A061A06908B1F1
:10DA5000012000E0002050B900BF502080F3118861
:10DA6000BFF34F8FBFF36F8F00BF00BFFEE7A0690A
:10DA700041192B462A462046FFF70AFF07E094F893
:10DA8000280010B9204600F0BBFC00E000BF00BF3A
:10DA9000002203A90448006801F000FA00287FF47E
:10DAA00074AF07B0F0BD000070000020F8B5054667
:10DAB0000C4600F0CBFE684600F04CF80646009895
:10DAC00020BB44B9B54206D801F03AFD314628469C
:10DAD000FFF726FF1CE03CB10E480068006808B95B
:10DAE000012000E000200446A91B22460A480068E5
:10DAF00000F036FD01F024FD50B94FF08050074989
:10DB00000860BFF34F8FBFF36F8F01E001F018FD86
:10DB1000F8BD00006C0000207000002004ED00E063
:10DB20000A490968096809B9012100E0002121B109
:10DB30004FF0FF31064A116006E004490968C968E0
:10DB4000C868034A41681160704700003000002037
:10DB50005C00002070B5044601F098FB05460748BC
:10DB60000068854204D200F05BF80120206001E0EB
:10DB70000020206001480560284670BD7800002024
:10DB80002DE9F04102460D4600271068002843D0D9
:10DB90001046D0F804C0DCF804C0C0F804C000F19E
:10DBA000080CD0F80480E04505D1D0F804C0DCF8BA
:10DBB00004C0C0F804C0D0F804C0DCF80C6000BF9A
:10DBC0001046D0F804C0DCF804C0C0F804C000F16E
:10DBD000080CD0F80480E04505D1D0F804C0DCF88A
:10DBE00004C0C0F804C0D0F804C0DCF80C10002356
:10DBF0000AE001F13400C45CE85CA04200D005E01A
:10DC00000CB90F4602E05B1C102BF2D300BF07B12A
:10DC100001E0B142D4D100BF3846BDE8F081000038
:10DC20002DE9F84332E024480068C06805682248BE
:10DC30000068C068C468201D00F023FB2046616AAC
:10DC40008847E069012821D1A0694619AE4207D969
:10DC500066602461211D1848006800F063FB15E030
:10DC6000002003462A4601460090204601F026FD8A
:10DC7000074657B900BF502080F31188BFF34F8F7C
:10DC8000BFF36F8F00BF00BFFEE700BF0A48006808
:10DC9000006808B9012000E000200028C3D0064831
:10DCA000D0F8008005480068034908600348C0F8C0
:10DCB0000080BDE8F8830000680000206C000020B0
:10DCC0000246002101E0521C491C1078A528FAD018
:10DCD000890888B2704700000E480068401C08B9E7
:10DCE000012000E0002050B900BF502080F31188CF
:10DCF000BFF34F8FBFF36F8F00BF00BFFEE700BFC2
:10DD0000502080F31188BFF34F8FBFF36F8F00BF98
:10DD100000BFFEE79400002008B500BF6846FFF78B
:10DD200079FC044620460099FFF7C0FEFFF72AFE63
:10DD3000F4E770B5044600F01BFB94F9455010E081
:10DD4000606A08B9012000E0002038B904F124001D
:10DD500001F0AAFB18B100F063FC00E003E0681ECC
:10DD600045B2002DECDC00BFFF2084F8450000F038
:10DD700029FB00F0FDFA94F9445010E0206908B93D
:10DD8000012000E0002048B904F1100001F08CFBF4
:10DD900008B100F045FC681E45B200E001E0002D2E
:10DDA000ECDC00BFFF2084F8440000F00BFB70BDEA
:10DDB0002DE9F04104464FF0000800F047FD4648C9
:10DDC000006808B9FFF73AFC444800682040002882
:10DDD0006BD1D4B1083404F00700B0B104F00700EF
:10DDE000C0F10800044404F0070008B9012000E075
:10DDF000002050B900BF502080F31188BFF34F8F2F
:10DE0000BFF36F8F00BF00BFFEE7002C4DD034483A
:10DE10000068844249D8334E3046056801E02E46FA
:10DE20002D686868A04202D228680028F7D12A48E5
:10DE30000068854239D0306800F1080828683060F1
:10DE40006868001B102819D92F1907F0070008B9B6
:10DE5000012000E0002050B900BF502080F311885D
:10DE6000BFF34F8FBFF36F8F00BF00BFFEE768683F
:10DE7000001B78606C603846FFF7D6FC184968686C
:10DE80000968081A164908600846006816490968B2
:10DE9000884203D212480068134908600F49686835
:10DEA0000968084368600020286001F049FB08F019
:10DEB000070008B9012000E0002050B900BF502041
:10DEC00080F31188BFF34F8FBFF36F8F00BF00BF88
:10DED000FEE74046BDE8F08184000020900000206D
:10DEE000880000207C0000208C000020001F4FF0E4
:10DEF00080730360001F21F001030360001F054BC6
:10DF0000036014380260001F6FF0020303602038C2
:10DF100070470000D9DC000810B52DED028B0446D7
:10DF20009FED1D0AB0EE408AD4ED000A60EEA00A13
:10DF300094ED011AD4ED011A41EE210A94ED021A72
:10DF4000D4ED021A41EE210A94ED031AD4ED031A1E
:10DF500041EE210AB0EE600AF2F752FEB0EE408ABE
:10DF600094ED000A20EE080A84ED000A94ED010AFF
:10DF700020EE080A84ED010A94ED020A20EE080A58
:10DF800084ED020A94ED030A20EE080A84ED030AE8
:10DF9000BDEC028B10BD00000000000010B5242273
:10DFA0000249A1F12400F8F719F910BD6E7600209E
:10DFB00000B101B970470278437842EA0322C2F304
:10DFC0000A020A804278D210837842EA4312C2F3EE
:10DFD0000A024A8082789211C37842EA8302037966
:10DFE00042EA8322C2F30A028A80027952104379FC
:10DFF00042EAC312C2F30A02CA804279C2F3011292
:10E000008A72427912119308CB728279C37942EAFB
:10E01000032212B28A81027A437A42EA032213B2BD
:10E0200001F10C02CB81827AC37A42EA032213B255
:10E0300001F10C020B82037B8B74437BCB74827BDC
:10E04000C37B42EA03228A82027C437C42EA0322A7
:10E0500012B20A810A88A2F5806212B20A804A8846
:10E06000A2F5806212B24A808A88A2F5806212B25A
:10E070008A80CA88A2F5806212B2CA800A89A2F593
:10E08000806212B20A8100BF94E70000064AA2F83B
:10E09000BA0082ED2F0AC2ED300AA2F89A1182ED81
:10E0A000671AC2ED681A70471873002010B500EEA9
:10E0B000100A2DED028BB1EEC08A18EE100A20F086
:10E0C0000040C0F1FF40C00F0AD010EE100A20F04F
:10E0D0000040C0F1FF40C00F04BF0120F2F7FEFA7C
:10E0E00018EE100ABDEC028B10BD0000FDF756FCC7
:10E0F0001E49086038E000201D49087005201D49B0
:10E10000087014E01B48007800EBC000174909684C
:10E1100001EB8000C07CC0F3401018B1012014490D
:10E12000087008E013480078401C12490870114834
:10E1300000780A28E6DB00BF0D48007820B90E48B9
:10E14000007808B1FCF7E4FB0948007828B10949D8
:10E150000978491CC8B2FCF7EDFB05480078064970
:10E1600008700A20FFF770F8C5E7000020020020C1
:10E17000240200202602002025020020014601EB97
:10E18000C100034A02EB8000C07CC0F3401070471E
:10E19000FC70002070B506460D4600F0E9F81848FE
:10E1A0000068C06C88B901201549096881F85000E1
:10E1B0005DB101212846FFF7A7F84FF080501149C3
:10E1C0000860BFF34F8FBFF36F8F00F0FBF800F0D4
:10E1D000CFF80B480068C46C4CB126B10020084948
:10E1E0000968C86403E0601E05490968C864002026
:10E1F0000349096881F8500000F0E4F8204670BD3A
:10E200002C00002004ED00E091ED000AB1EE400A80
:10E2100080ED010A91ED010AB1EE400A80ED020A9B
:10E2200091ED020AB1EE400A80ED030A91ED000A79
:10E2300080ED040A91ED020A80ED060A91ED010AD3
:10E24000B1EE400A80ED070A91ED010A80ED080A5F
:10E2500091ED020AB1EE400A80ED090A91ED000A43
:10E2600080ED0B0A91ED020A80ED0C0A91ED010A96
:10E2700080ED0D0A91ED000AB1EE400A80ED0E0A24
:10E28000704701460A69D1E901309860D1E901037C
:10E2900058605068884201D1886850600020086149
:10E2A0001068401E10601068704700002DE9F041B2
:10E2B000044614B90648006800E0204607463D6B56
:10E2C0002846FFF7FDFC06463046BDE8F081000019
:10E2D0002C000020034B0360034B0B608023136072
:10E2E00070470000B80200200C030020034B0360BD
:10E2F000034B0B604FF48073136070470C050020D4
:10E300006005002000F1080141604FF0FF3181609D
:10E3100000F10801C1600161002101607047002126
:10E320000161704710B502460B685C1C0CB910699E
:10E3300007E002F1080000E04068446824689C425D
:10E34000FAD944684C604C68A160886041600A61F9
:10E350001468641C146010BD42684A6093688B6046
:10E36000936859609160086103685B1C03607047A3
:10E3700000BF502080F31188BFF34F8FBFF36F8F22
:10E3800000BF0E480068401C0C4908600846006841
:10E39000012812D10A480068C0B208B9012000E083
:10E3A000002050B900BF502080F31188BFF34F8F79
:10E3B000BFF36F8F00BF00BFFEE7704794000020DF
:10E3C00004ED00E00D48006850B900BF502080F314
:10E3D0001188BFF34F8FBFF36F8F00BF00BFFEE701
:10E3E00006480068401E054908600846006820B9D4
:10E3F000002080F3118800BF00BF70479400002008
:10E4000070B506463546002E3FD0083D2C461F49C4
:10E4100060680968084008B1012000E0002050B998
:10E4200000BF502080F31188BFF34F8FBFF36F8F71
:10E4300000BF00BFFEE7206808B9012000E000200F
:10E4400050B900BF502080F31188BFF34F8FBFF346
:10E450006F8F00BF00BFFEE70C4960680968084085
:10E4600098B1206888B90949606809688843606084
:10E4700000F0ECF90649606809680844044908603E
:10E480002046FFF7D1F901F05BF870BD9000002045
:10E490008800002000204FF0E021086188610648D4
:10E4A00000684FF47A71B0FBF1F0401E4FF0E021AC
:10E4B00048610720086170472800002070B5F1F717
:10E4C0002FFF0446102C16D304F1E02090F8F053EF
:10E4D00015480078854201DB012000E0002050B99A
:10E4E00000BF502080F31188BFF34F8FBFF36F8FB1
:10E4F00000BF00BFFEE70D48006800F4E0600C4973
:10E500000968884201D8012000E0002050B900BF0E
:10E51000502080F31188BFF34F8FBFF36F8F00BF80
:10E5200000BFFEE770BD0000980000200CED00E089
:10E530009C000020024600200BE0084B53F83030CE
:10E5400033B9064B43F8301003EBC0035A6002E0C6
:10E55000401C0828F1D300BF704700002C0D00209C
:10E560002DE9F04105460E4617462C46FFF700FF01
:10E5700094F94400401C10B9002084F8440094F938
:10E580004500401C10B9002084F84500FFF71AFF31
:10E59000A06B28B93A46314604F1240000F0DAF8BD
:10E5A0002046FFF7C6FBBDE8F081000070B50446C9
:10E5B0000025D4B11248006808B9012000E000200D
:10E5C00050B900BF502080F31188BFF34F8FBFF3C5
:10E5D0006F8F00BF00BFFEE700F038F90021204632
:10E5E000FEF792FE00F0ACFF05463DB94FF08050BB
:10E5F00004490860BFF34F8FBFF36F8F70BD0000F9
:10E600006400002004ED00E003490968016003494B
:10E61000096841607047000054000020400000205D
:10E620000120014908607047500000202DE9F041A9
:10E6300005460F4655B900BF502080F31188BFF33F
:10E640004F8FBFF36F8F00BF00BFFEE7FFF736FFAE
:10E650002C4600BF5021EFF3118081F31188BFF3E6
:10E660004F8FBFF36F8F00BF064694F85080022093
:10E6700084F85000E06C401CE064B8F1010F3BD11D
:10E68000A06A08B9012000E0002050B900BF502066
:10E6900080F31188BFF34F8FBFF36F8F00BF00BFB0
:10E6A000FEE718480068A8B9201DFFF7EAFD94F8B6
:10E6B0002C10012088401449096808431249086059
:10E6C000E16A01EB8101114A02EB8100211DFFF794
:10E6D00043FE04E004F118010D48FFF73DFE0D492B
:10E6E000E06A0968C96A884206D917B10120386012
:10E6F00002E001200849086000BF86F3118800BFCE
:10E70000BDE8F08164000020440000206C0D002072
:10E71000200E00202C0000205000002070B5044680
:10E720000D4654B900BF502080F31188BFF34F8FBE
:10E73000BFF36F8F00BF00BFFEE7054801681831C7
:10E740002046FFF7EFFD01212846FEF7DDFD70BDF5
:10E750002C00002070B505460E46144655B900BF82
:10E76000502080F31188BFF34F8FBFF36F8F00BF2E
:10E7700000BFFEE70648016818312846FFF7ECFDA8
:10E780000CB14FF0FF3621463046FEF7BDFD70BD9F
:10E790002C00002010B586B000200590049003AA3C
:10E7A00004A905A8FFF796FD0022DDE90410134631
:10E7B000CDE9002102901EA11F48039A00F0A8FC99
:10E7C0001E4908600846006808B1012400E00024E2
:10E7D000012C02D100F036FF0446012C15D100BFF8
:10E7E000502080F31188BFF34F8FBFF36F8F00BFAE
:10E7F0004FF0FF30124908600120124908600020E4
:10E800001149086000F070F810E0601C08B10120A8
:10E8100000E0002050B900BF502080F31188BFF302
:10E820004F8FBFF36F8F00BF00BFFEE706B010BD74
:10E8300049444C4500000000B9D6000860000020A3
:10E840005C000020480000204000002002480068D2
:10E85000401C014908607047640000201D480068A2
:10E8600018B101201C49086032E000201A490860F4
:10E870001A480068B0FA80F0C0F11F0101EB810076
:10E88000174A52F8200008B1012000E0002050B9DA
:10E8900000BF502080F31188BFF34F8FBFF36F8FFD
:10E8A00000BF00BFFEE701EB81020D4B03EB8200CE
:10E8B00042685268426000F108024368934202D104
:10E8C0004268526842604268D268064B1A6000BFD4
:10E8D0007047000064000020500000204400002029
:10E8E0006C0D00202C0000201CB5524800685249D5
:10E8F000884201D0012000E0002050B900BF502024
:10E9000080F31188BFF34F8FBFF36F8F00BF00BF3D
:10E91000FEE7484800684849491E884201D0012066
:10E9200000E0002050B900BF502080F31188BFF3F1
:10E930004F8FBFF36F8F00BF00BFFEE73F49084610
:10E9400000780190FF200A46107008460078009079
:10E950009DF8000000F0F0009DF80020904201D1E9
:10E96000012000E0002050B900BF502080F3118842
:10E97000BFF34F8FBFF36F8F00BF00BFFEE79DF85F
:10E98000000000F050002E4A107007202D4A106041
:10E9900009E02C480068401E2A4A10609DF80000DB
:10E9A0004006000E00909DF8000000F080008028D6
:10E9B000EFD024480068C0F10700042801D10120ED
:10E9C00000E0002050B900BF502080F31188BFF351
:10E9D0004F8FBFF36F8F00BF00BFFEE7194800687D
:10E9E0000002184A10601046008800F4E0601060D1
:10E9F000124A019810700F482030006840F47000EF
:10EA00000C49203108600846006840F070400860FA
:10EA1000FFF740FD00200C490860F1F749FC0B4866
:10EA2000006840F0404009490860F1F72DFC0020E3
:10EA30001CBD000000ED00E071C20F4100E400E0E9
:10EA4000980000209C0000209400002034EF00E09B
:10EA500010B500BF502080F31188BFF34F8FBFF374
:10EA60006F8F00BF00F018FC18B14FF080500449C0
:10EA7000086000BF002080F3118800BF10BD0000B7
:10EA800004ED00E02DE9F84380460E4617461D468A
:10EA9000DDF82090B8F1000F01D0012000E0002047
:10EAA00050B900BF502080F31188BFF34F8FBFF3E0
:10EAB0006F8F00BF00BFFEE70DB1012000E0002016
:10EAC00050B900BF502080F31188BFF34F8FBFF3C0
:10EAD0006F8F00BF00BFFEE707B10EB1012000E05D
:10EAE000002050B900BF502080F31188BFF34F8F32
:10EAF000BFF36F8F00BF00BFFEE707B90EB901205B
:10EB000000E0002050B900BF502080F31188BFF30F
:10EB10004F8FBFF36F8F00BF00BFFEE7482000900C
:10EB20000098482801D1012000E0002050B900BF22
:10EB3000502080F31188BFF34F8FBFF36F8F00BF5A
:10EB400000BFFEE72C464CB1012084F846004B463E
:10EB50003A46314640460094FEF7C2FD2046BDE8E5
:10EB6000F883000070B505460E462C4654B900BF28
:10EB7000502080F31188BFF34F8FBFF36F8F00BF1A
:10EB800000BFFEE7FFF7F4FBD4E90F12206801FB9A
:10EB9000020060600020A0632068A060E06B401E5F
:10EBA000226C216800FB0210E060FF2084F8440022
:10EBB00084F845009EB9206908B9012000E00020D2
:10EBC000A8B904F1100000F06FFC80B14FF0805044
:10EBD00009490860BFF34F8FBFF36F8F07E004F15F
:10EBE0001000FFF78FFB04F12400FFF78BFBFFF70A
:10EBF000E9FB012070BD000004ED00E02DE9FF43BA
:10EC000083B0064688461D464FF00009344654B985
:10EC100000BF502080F31188BFF34F8FBFF36F8F79
:10EC200000BF00BFFEE7B8F1000F01D1206C08B9AA
:10EC3000012000E0002050B900BF502080F311886F
:10EC4000BFF34F8FBFF36F8F00BF00BFFEE7022DF2
:10EC500002D1E06B012801D1012000E0002050B971
:10EC600000BF502080F31188BFF34F8FBFF36F8F29
:10EC700000BF00BFFEE700F0F9FA08B9059808B92F
:10EC8000012000E0002050B900BF502080F311881F
:10EC9000BFF34F8FBFF36F8F00BF00BFFEE700BF12
:10ECA000FFF766FBA06BE16B884201D3022D28D1F0
:10ECB0002A4641462046FEF746FC0746606A08B9E8
:10ECC000012000E0002068B904F1240000F0ECFB12
:10ECD00088B14FF0805032490860BFF34F8FBFF3C7
:10ECE0006F8F08E03FB14FF080502D490860BFF3AF
:10ECF0004F8FBFF36F8FFFF765FB012007B0BDE8B3
:10ED0000F083059818B9FFF75DFB0020F6E7B9F12D
:10ED1000000F04D101A8FFF777FC4FF00109FFF7BE
:10ED200051FBFFF793FDFFF723FB94F94400401CD0
:10ED300010B9002084F8440094F94500401C10B933
:10ED4000002084F84500FFF73DFB05A901A800F06D
:10ED500059F9F0B92046FEF7D4FDA0B104F1100036
:10ED60000599FFF7DBFC2046FEF7E3FF00F0E8FB28
:10ED7000002895D14FF0805009490860BFF34F8FAC
:10ED8000BFF36F8F8CE72046FEF7D3FF00F0D8FB70
:10ED900086E72046FEF7CDFF00F0D2FB0020ADE76E
:10EDA00004ED00E02DE9F05F07468A4690461E46D6
:10EDB0003C4654B900BF502080F31188BFF34F8FF9
:10EDC000BFF36F8F00BF00BFFEE7BAF1000F01D1A4
:10EDD000206C08B9012000E0002050B900BF50208D
:10EDE00080F31188BFF34F8FBFF36F8F00BF00BF59
:10EDF000FEE7022E02D1E06B012801D1012000E0E4
:10EE0000002050B900BF502080F31188BFF34F8F0E
:10EE1000BFF36F8F00BF00BFFEE7FFF74FFB00BFE0
:10EE20005021EFF3118081F31188BFF34F8FBFF3AF
:10EE30006F8F00BF0546A06BE16B884201D3022EA5
:10EE400023D194F945B0324651462046FEF77BFB6C
:10EE50000BF1010088B9606A08B9012000E00020C8
:10EE600080B904F1240000F01FFB58B1B8F1000F85
:10EE700008D00120C8F8000004E00BF1010040B206
:10EE800084F845004FF0010901E04FF0000900BF90
:10EE900085F3118800BF4846BDE8F09F2DE9F74192
:10EEA00083B005460E464FF000082C4654B900BF0B
:10EEB000502080F31188BFF34F8FBFF36F8F00BFD7
:10EEC00000BFFEE70EB9206C08B9012000E0002069
:10EED00050B900BF502080F31188BFF34F8FBFF3AC
:10EEE0006F8F00BF00BFFEE700F0C0F908B90598BA
:10EEF00008B9012000E0002050B900BF502080F385
:10EF00001188BFF34F8FBFF36F8F00BF00BFFEE7C5
:10EF100000BFFFF72DFAA76BF7B131462046FEF789
:10EF2000FDFA781EA063206908B9012000E00020E6
:10EF300060B904F1100000F0B7FA38B14FF080501A
:10EF40002F490860BFF34F8FBFF36F8FFFF73AFA77
:10EF5000012006B0BDE8F081059818B9FFF732FA34
:10EF60000020F6E7B8F1000F04D101A8FFF74CFB31
:10EF70004FF00108FFF726FAFFF768FCFFF7F8F9F2
:10EF800094F94400401C10B9002084F8440094F91E
:10EF90004500401C10B9002084F84500FFF712FA24
:10EFA00005A901A800F02EF8F0B92046FEF79CFC58
:10EFB000A0B104F124000599FFF7B0FB2046FEF74D
:10EFC000B8FE00F0BDFA0028A3D14FF080500C49E4
:10EFD0000860BFF34F8FBFF36F8F9AE72046FEF7AD
:10EFE000A8FE00F0ADFA94E72046FEF7A2FE00F07E
:10EFF000A7FA2046FEF778FC00288AD00020A8E770
:10F0000004ED00E070B506460C4656B900BF50202E
:10F0100080F31188BFF34F8FBFF36F8F00BF00BF26
:10F02000FEE754B900BF502080F31188BFF34F8F23
:10F03000BFF36F8F00BF00BFFEE7FFF799F91848D5
:10F0400002687068131A1748006890F8520030B1CF
:10F0500000201449096881F8520001251CE020684D
:10F06000401C08B9002517E00F493068096888423C
:10F0700004D07068904201D801250DE020689842C4
:10F0800007D92068C01A20603046FFF7BDFA002576
:10F0900002E0002020600125FFF794F9284670BDAA
:10F0A000400000202C000020540000202DE9FF4FDC
:10F0B00085B0804689461746DDE912ABB800FEF7F9
:10F0C00077FE064656B15420FEF772FE04460CB198
:10F0D000266304E03046FFF793F900E000248CB18A
:10F0E000002084F85100CDE900ABCDE902403A465A
:10F0F00049464046089BFEF706FB2046FEF756F9B8
:10F10000012501E04FF0FF35284609B0BDE8F08F3A
:10F110002DE9F04F85B00746884691469A46DDE9CD
:10F120000EB6109C0EB1012000E0002050B900BFC7
:10F13000502080F31188BFF34F8FBFF36F8F00BF54
:10F1400000BFFEE70CB1012000E0002050B900BF75
:10F15000502080F31188BFF34F8FBFF36F8F00BF34
:10F1600000BFFEE7542003900398542801D10120EA
:10F1700000E0002050B900BF502080F31188BFF399
:10F180004F8FBFF36F8F00BF00BFFEE7B4B1AEB1CA
:10F1900025462C462E63022085F85100002004A944
:10F1A00053464A46CDE900B1CDE9025041463846C2
:10F1B000FEF7A9FA2846FEF7F9F801E000200490CE
:10F1C000049805B0BDE8F08F70B5064607253046B7
:10F1D000F1F7B7F9102801D2012000E0002050B962
:10F1E00000BF502080F31188BFF34F8FBFF36F8FA4
:10F1F00000BF00BFFEE7FFF729FB00BF6D1E05EB58
:10F200008501154A02EB81003146FEF7B9FC044640
:10F2100004B101E0002DF1D100BF2CB931460F48F7
:10F220000068FEF7ADFC04462CB931460C48006876
:10F23000FEF7A6FC044624B931460A48FEF7A0FCB6
:10F24000044624B931460848FEF79AFC044600F00B
:10F2500077F9204670BD00006C0D002030000020C2
:10F2600034000020480E0020340E002005490968B3
:10F2700009B9012005E00449096809B9022000E044
:10F280000020704748000020640000200149086801
:10F2900070470000400000202DE9F0414FF00008C9
:10F2A00044480068002877D143480068451C42481C
:10F2B000056015BB41480068006808B9012000E0FE
:10F2C000002050B900BF502080F31188BFF34F8F4A
:10F2D000BFF36F8F00BF00BFFEE7384807683848AC
:10F2E0000068364908603648076036480068401CA8
:10F2F00034490860FEF714FC00BF334800688542BB
:10F300003CD300BF2D480068006808B9012000E028
:10F31000002020B14FF0FF302B4908602DE0274836
:10F320000068C068C4686668B54202D226480660B4
:10F3300023E0201DFEF7A5FFA06A18B104F1180014
:10F34000FEF79FFF94F82C10012088401F490968A0
:10F3500008431E490860E16A01EB81011C4A02EB87
:10F360008100211DFEF7F8FF1A49E06A0968C96AA1
:10F370008842C7D34FF00108C4E700BF15480068B2
:10F38000C06A00EB8000124951F82000012801D921
:10F390004FF0010805E0FFE70F480068401C0E49E8
:10F3A00008600E48006808B14FF001084046BDE80B
:10F3B000F0810000640000204000002030000020A8
:10F3C00034000020540000205C0000204400002095
:10F3D0006C0D00202C0000204C000020500000206C
:10F3E00070B505462C460026002D55D02B480068E8
:10F3F000844201D1012000E0002050B900BF50201C
:10F4000080F31188BFF34F8FBFF36F8F00BF00BF32
:10F41000FEE7A06C50B900BF502080F31188BFF305
:10F420004F8FBFF36F8F00BF00BFFEE7A06C401E81
:10F43000A064616CE06A88422ED0A06C60BB201D85
:10F44000FEF71FFF78B9E06A00EB8000144951F81D
:10F45000200040B994F82C10012088401149096817
:10F46000814310480160606CE062E06AC0F107000F
:10F47000A06194F82C10012088400A4909680843CB
:10F4800008490860E16A01EB8101054A02EB81004D
:10F49000211DFEF761FF0126304670BD2C000020C3
:10F4A0006C0D00204400002070B50646F068C4686A
:10F4B00054B900BF502080F31188BFF34F8FBFF3C2
:10F4C0006F8F00BF00BFFEE704F11800FEF7D9FE02
:10F4D00015480068A8B9201DFEF7D3FE94F82C103B
:10F4E0000120884011490968084310490860E16A11
:10F4F00001EB81010E4A02EB8100211DFEF72CFF7A
:10F5000004E004F118010B48FEF726FF0A49E06AFF
:10F510000968C96A884204D90125012007490860A1
:10F5200000E00025284670BD640000204400002053
:10F530006C0D0020200E00202C0000205000002028
:10F5400070B5002400263648006850B900BF50202E
:10F5500080F31188BFF34F8FBFF36F8F00BF00BFE1
:10F56000FEE7FEF705FF2E480068401E2C490860A4
:10F570000846006800284FD12A48006800284BD070
:10F5800024E02948C068C46804F11800FEF779FE39
:10F59000201DFEF776FE94F82C10012088402349A8
:10F5A0000968084321490860E16A01EB8101204AAA
:10F5B00002EB8100211DFEF7CFFE1E49E06A0968BB
:10F5C000C96A884202D301201B49086016480068B6
:10F5D00008B9012000E000200028D2D00CB1FEF7CD
:10F5E0009FFA1648056865B100BFFFF755FE10B1D8
:10F5F0000120114908606D1E002DF6D100200F4931
:10F6000008600D48006838B1012630070C490860D1
:10F61000BFF34F8FBFF36F8FFEF7D4FE304670BD40
:10F62000640000203C000020200E00204400002048
:10F630006C0D00202C000020500000204C00002009
:10F6400004ED00E010B586B00024FDF709FF164870
:10F650000068D0B100200590049003AA04A905A871
:10F66000FEF744FE0222DDE904100023CDE900216B
:10F6700002900EA10F48039AFFF74AFD0E49086059
:10F680000846006800B1012400BF54B900BF5020F3
:10F6900080F31188BFF34F8FBFF36F8F00BF00BFA0
:10F6A000FEE7204606B010BD70000020546D7220A9
:10F6B0005376630019DD0008740000202DE9FF4730
:10F6C00004460D4616461F46DDF830804FF000090F
:10F6D00054B900BF502080F31188BFF34F8FBFF3A0
:10F6E0006F8F00BF00BFFEE71448006810B300959D
:10F6F00001960294062D15DAFFF7B8FD022808D10D
:10F700000023424669460D480068FFF777FA8146B4
:10F7100010E000231A46694608480068FFF76EFAB1
:10F72000814607E000233A46694604480068FFF72F
:10F7300039FB8146484604B0BDE8F08770000020E0
:10F74000491058BFC1F140415B1058BFC3F140435D
:10F750008B42EFF300807047B1FA81F201FA02F1B7
:10F76000C2F11D024FEA415003EB025303EBD121DA
:10F770007047000051EA030C11D41CF5801F00F102
:10F780000680994218BF704708BF9042704711F534
:10F79000801F58BF13F5801F18D4994270471CF57D
:10F7A000801F09D550EA410C0EBF52EA430C8B4230
:10F7B000704708BF824270474FF4001C1CEB410F9A
:10F7C00038BF1CEB430F01D28B42704770B500F07D
:10F7D0000DF800BF0000003F19001604FFF7B0BF8E
:10F7E0004FF000514FF08053FFF7AABF0EF1020E09
:10F7F0002EF0030E01285EF8086B41EB010414F5AE
:10F80000001418BFB4F5801F23D3364208D4012A50
:10F8100043EB030515F5001518BFB5F5801F18D388
:10F8200001EB010C1CF5801F16D2364204D403EB09
:10F83000030C1CF5801F0FD2002C10D14FEAD17C95
:10F84000002D0CEB4C0C0CF1020C08BF4CEBD37CE4
:10F8500007E04FF0090C04E04FF0080C01E04FEA1C
:10F86000D37C0CEB4C0526FA05F606F00706B6F13C
:10F87000040C06D20EEB860CBDE870404CF0010C77
:10F880006047DFE80CF0222413025EF804CC1B2D45
:10F8900008D1002C88BFB4F5801F34BF4CF4804CD5
:10F8A0004CF4004CBDE8704000F04EB9002C88BF0D
:10F8B000B4F5001F24BF1946104670BD4FF000007C
:10F8C0004FF00041A1F5002170BD194610460128F6
:10F8D00051EB010418BFD4F5001484BF5EF804CCCA
:10F8E0002CF0806CBDE8704000F20D81704780B54F
:10F8F0004FF003065C004FEA03334FEA3606640D0F
:10F900004FEA133318BF43F480131CD153EA125E3D
:10F9100004F1010402BF13460022203C1B4202BF37
:10F92000130B1205143CB3FA83FEAEF10B0ECEF1AD
:10F93000200C03FA0EF322FA0CFC02FA0EF2A4EBEE
:10F940000E0443EA0C030FB416F0010F0CBC03BC09
:10F9500018BF2546CED180BD80B50126F3E7080843
:10F96000A0F500114FEA3101704753EA010C11D4A0
:10F970001CF5801F00F106808B4218BF704708BF3E
:10F980008242704713F5801F58BF11F5801F18D4AD
:10F990008B4270471CF5801F09D552EA430C0EBFFD
:10F9A00050EA410C9942704708BF904270474FF4AB
:10F9B000001C1CEB430F38BF1CEB410F01D29942D6
:10F9C00070470FB40CBC03BCFFF700BFF1EE103A58
:10F9D00013F0807F1EBF01F000410020704713F438
:10F9E000006F40F0AA80094248BF4CF4803C4FF4BD
:10F9F000C0634FEA115203F1010321EA025122F4DC
:10FA000000629A1A48BF6FF0FE0241F48011352A55
:10FA10003CD830D0152A1ED3203A0CD90028C2F188
:10FA2000200321FA02F001FA03F218BF42F00102AA
:10FA30004FF0000130E0C2F1000302F1200201FAB0
:10FA400003F120FA02F241EA020100FA03F2084649
:10FA50004FF0000120E0C2F1200310B400FA03F4DB
:10FA600001FA03F320FA02F021FA02F1224610BC57
:10FA700043EA000010E050EA01324FF000004FF07E
:10FA800000014FF0004218BF521C05E04FF0010288
:10FA90004FF000014FF000001CF4803F2CF4803C3C
:10FAA00018BF41F0004112421ED0F1EE103A13F49B
:10FAB000400F20D1520003D30CD0401C41F1000173
:10FAC000F1EE103A4CF0804C43F00803E1EE103AAE
:10FAD00000F03AB85FEAAC72EFD4F1D1401C41F1CA
:10FAE000000120F00100EBE71CF0804F08BF7047D9
:10FAF0002CF0004CE4E7094254BF13F4000F13F458
:10FB0000800FDDD1D9E7F1EE103A13F0807F1EBFF0
:10FB100001F000410020704713F4006F08BF7047E8
:10FB20002DE9F050FFF718FF04F5C064A4F10104BB
:10FB3000314301EB0451BDE8F0504CF0005C4CF057
:10FB4000800C00F0A9BA00001CF0700F08BF0A4634
:10FB50000FB4F1EE101A0CF0405030EA814318BF98
:10FB60004CF0804C4FEA4C0310EA814F4FEAD363CC
:10FB700023EA112318BF23F0100341EA030101F027
:10FB8000E073E1EE101A4CEA030C0CF00F030A2BA1
:10FB90001DBF082B0CF070034CEAC30C4FF400336C
:10FBA00004BF33EA0C034CF4400C1CF0005F14D18A
:10FBB0001CF0805F0BD11CF0804F31D11CF0006F26
:10FBC00012D111F4807F0FBC62D000F065BA11F43D
:10FBD000806F0FBC2BD000F05FBA11F4006F0FBC28
:10FBE00008BF704700F058BA11F4007F0FBC40F016
:10FBF00053821CF0400F1EBF4FF0004040F0010048
:10FC000070471CF0100F14BF81EA030242400CF051
:10FC10000F000A2808BF4FF0FF324FF0000326E024
:10FC200011F4805F0FBC08BF704700F035BAF1EEE9
:10FC3000103A2CF0805C1CF0800F14BF01F00042E1
:10FC400000F0004212420CBF12EA336F12EAF35F77
:10FC50000DD31CF0100F1DBF30A003C81143314855
:10FC600008BF104313F4805F40F0168270471CF009
:10FC7000100F02F000421DBF0FF2940003C81143A1
:10FC8000254808BF104313F4805F40F00582704799
:10FC90001CF0400F40F028801CF4404F1BD01CF497
:10FCA000004F1CBF194610460CF4807218BF8CEA36
:10FCB000520C1CF0800F0CBF40F4800041F4002176
:10FCC0008CEADC0313F0100F1CBF2CF00F0C4CF06F
:10FCD000080C00F088B91CF0100F1ABF12A393E8AB
:10FCE0000300134800F07FB91CF0800F14BF01F02F
:10FCF000004200F000421CF0100F1BBF0AA393E863
:10FD000003000B48114308BF104300F06CB900BF5B
:10FD1000000000000000F07F0000807FFFFFFFFF79
:10FD2000FFFFEF7FFFFF7F7F000000000000F87FF4
:10FD30000000C07F43004FEAD30C4FEA3C0C434025
:10FD40001FBF40070CF1605113F0FE4F70471CF0CD
:10FD5000006F14D133F0004004BF1946704783EAA6
:10FD6000830383EA430303F0070343EACC010CF067
:10FD7000004303F15A5303F54013FFF7EDBC0CF0B9
:10FD8000004343EA507010B540EACC0000F00FF891
:10FD9000000000BA180000044FEA0001FFF7DFBDC1
:10FDA0004FEAE0024FEA407042F0E04170470EF146
:10FDB000020E2EF0030E4FEA40025EF8084B12F1DD
:10FDC000807218BFB2F5000F22D3244207D44FEA45
:10FDD000410313F1807318BFB3F5000F18D34FEA36
:10FDE000400C1CF5000F16D2244204D44FEA410CFB
:10FDF0001CF5000F0FD2002A10D14FEAD07C002B47
:10FE00000CEB4C0C0CF1020C08BF4CEBD17C07E066
:10FE10004FF0090C04E04FF0080C01E04FEAD17CF0
:10FE20000CEB4C0324FA03F404F00704B4F1040CC3
:10FE300006D20EEB840CBDE810404CF0010C60477C
:10FE4000DFE80CF01F2013025EF804CC1B2B08D156
:10FE5000002A88BFB2F5000F34BF4CF4804C4CF43C
:10FE6000004CBDE81040FFF76FBE002A88BFB2F11A
:10FE7000807F28BF084610BD4FF00040A0F58000ED
:10FE800010BD0846420018BFD2F1807284BF5EF8F0
:10FE9000042C22F08062BDE8104000F2858070479B
:10FEA0004FF00000E1EE100A7047F1EE101A11F069
:10FEB000807F1CBF00F00040704711F4006F40F0DD
:10FEC0008E8000F0004343EAD05323F48073C3F1E3
:10FED000C10323F00041172941D8C3F1200310FAD0
:10FEE00003F1C3F1200320F07F4040F4000020FA2A
:10FEF00003F003F0004340EA030019D00B46F1EE93
:10FF0000101A41F00801E1EE101A11F4400F1CD153
:10FF1000590009D318BF401C06D17FEAE27398BF8D
:10FF2000401C38BF20F0010042F0804CFFF70CBEAF
:10FF300012F0804F08BF7047F1EE101A944641F05E
:10FF40000801E1EE101AFFF7FFBD10F0004F14BFDB
:10FF50005FEAF1535FEA316338BF401CE4E71829D8
:10FF600003EB912318BF6FF000410131F1EE101A3D
:10FF700041F00801E1EE101A11F4400F18BF03F030
:10FF80000040E2D168BF03F0004009D6400203F010
:10FF9000004000F1010004BF12F0004F20F001000A
:10FFA0004FF0804CFFF7D0BDF1EE101A11F0807FBA
:10FFB0001CBF00F00040704711F4006F08BF70478D
:10FFC00000F0004120F00040B0FA80F3A3F10803F4
:10FFD00041F0C04100FA03F0A1EBC351084442F0E4
:10FFE000005C00F059B80CF00F03092B08BF082083
:10FFF00000F064800A2B32D0082B18BF704708BF6E
:020000040801F1
:100000001CF0400F31D01CF4803F23D11CF0200F96
:1000100011D11CF0100F0BBF02460A466FF00040D2
:100020006FF0004118BF4FF0FF3012F0004F1CBFBF
:10003000C043C94370471CF0100F0CBF02460A466C
:1000400012F0004F4FF0FF304FF0FF311CBFC043A4
:10005000C94370474FF000004FF0000170471CF09B
:10006000400F18BF4FF0004070471CF0100F08D031
:1000700020F0704300F07F4242EAD3014FEA437020
:10008000704700F0604021F07F4242EA000201F038
:100090007F4040EA727070472DE900502DE9005012
:1000A000F0F772FBBDE80050BDE800500CF00F0304
:1000B00093F0090F18BF7047AFF300801CF4801F46
:1000C00024D01CF4E02F09D010F0080F02D1D0F199
:1000D000020070476FEACC31490070474FF0604131
:1000E00011EA407028BF40F04050F1EE103A23F082
:1000F000704343EA0003E1EE103AEFF3008222F08E
:10010000704242EA000282F3008870471CEA004015
:1001100018BF012070470000CC0A0108EDE000087C
:10012000000000000000000080000000000000004F
:1001300000000000B00A01087DAE000800000000C9
:1001400000000000000200000000000000000000AD
:10015000A40A010849B400080000000000000000E3
:10016000000100000000000000000000B80A0108C3
:10017000E1C90008020000000000000000020000C9
:100180000000000000000000C40A01080553000838
:100190000300000000000000000400000000000058
:1001A00000000000AC0A010899CF00080000000020
:1001B000000000000001000000000000000000003E
:1001C00000061016000610160000000000000000D7
:1001D00001020304060708090000000001020304ED
:1001E000484400474D004759524143434D41470061
:1001F0001E0028000F000A000A000B000A000A0077
:100200000A000A000A0009000A000A0008000200A9
:1002100003000E00020003000D000A000A000C009B
:100220000200030007000500050007002800C800C1
:1002300007006400640005000A000A00070064006B
:1002400064000100004035450000704200000000DD
:10025000000061450000A041000000000000C8440B
:10026000CDCC4C3E000000005AF8F63F5D896EBFD1
:10027000D5A9183B40AC037D04014103057C000275
:100280006D0D026D09020B080141090242C0030A0B
:100290000B040000CDCC4C3ECDCC4C3ECDCC4C3EE6
:1002A00000000000920E493CB10AC93C2BC3163D28
:1002B0002EFB483D752B7B3D04A9963D80B6AF3D96
:1002C00036BDC83D2FBCE13D73B2FA3D87CF093E34
:1002D0008340163EB5AB223EA2102F3ECF6E3B3E72
:1002E000C2C5473E0115543E135C603E7F9A6C3E8A
:1002F000CCCF783EC07D823E938E883E229A8E3E41
:1003000032A0943E86A09A3EE59AA03E128FA63E69
:10031000D47CAC3EEF63B23E2A44B83E491DBE3E9B
:1003200015EFC33E53B9C93ECA7BCF3E4136D53ED9
:1003300080E8DA3E4F92E03E7533E63EBBCBEB3EC3
:10034000EA5AF13ECBE0F63E275DFC3EE4E7003F93
:100350003D9C033F824B063F9BF5083F6B9A0B3F4A
:10036000DA390E3FCDD3103F2A68133FD9F6153F37
:10037000C07F183FC6021B3FD17F1D3FCBF61F3FFA
:100380009967223F25D2243F5636273F1594293FAF
:100390004AEB2B3FDE3B2E3FBB85303FC9C8323F87
:1003A000F304353F233A373F4268393F3B8F3B3FA9
:1003B000F9AE3D3F67C73F3F70D8413F01E2433F41
:1003C00003E4453F65DE473F12D1493FF8BB4B3F51
:1003D000029F4D3F207A4F3F3D4D513F4918533FBB
:1003E00031DB543FE595563F5348583F6AF2593F39
:1003F0001A945B3F532D5D3F05BE5E3F2146603F33
:1004000097C5613F5A3C633F59AA643F880F663FD6
:10041000D86B673F3CBF683FA7096A3F0C4B6B3FF7
:100420005E836C3F93B26D3F9ED86E3F73F56F3F16
:100430000809713F5213723F4714733FDD0B743F3D
:100440000BFA743FC6DE753F07BA763FC58B773F20
:10045000F853783F9812793F9DC7793F02737A3FEE
:10046000BE147B3FCDAC7B3F283B7C3FC9BF7C3F6C
:10047000AC3A7D3FCCAB7D3F23137E3FB0707E3FD7
:100480006DC47E3F580E7F3F6D4E7F3FAB847F3FF4
:100490000FB17F3F97D37F3F43EC7F3F11FB7F3FFF
:1004A0000000803F11FB7F3F43EC7F3F97D37F3FAE
:1004B0000FB17F3FAB847F3F6D4E7F3F580E7F3F34
:1004C0006DC47E3FB0707E3F23137E3FCCAB7D3F3B
:1004D000AC3A7D3FC9BF7C3F283B7C3FCDAC7B3FE6
:1004E000BE147B3F02737A3F9DC7793F9812793FD4
:1004F000F853783FC58B773F07BA763FC6DE753F26
:100500000BFA743FDD0B743F4714733F5213723F75
:100510000809713F73F56F3F9ED86E3F93B26D3FF0
:100520005E836C3F0C4B6B3FA7096A3F3CBF683F43
:10053000D86B673F880F663F59AA643F5A3C633FB8
:1005400097C5613F2146603F05BE5E3F532D5D3F2D
:100550001A945B3F6AF2593F5348583FE595563F1E
:1005600031DB543F4918533F3D4D513F207A4F3FB7
:10057000029F4D3FF8BB4B3F12D1493F65DE473FDD
:1005800003E4453F01E2433F70D8413F67C73F3F27
:10059000F9AE3D3F3B8F3B3F4268393F233A373FFF
:1005A000F304353FC9C8323FBB85303FDE3B2E3FA9
:1005B0004AEB2B3F1594293F5636273F25D2243F3F
:1005C0009967223FCBF61F3FD17F1D3FC6021B3FDD
:1005D000C07F183FD9F6153F2A68133FCDD3103F8F
:1005E000DA390E3F6B9A0B3F9BF5083F824B063F73
:1005F0003D9C033FE4E7003F275DFC3ECBE0F63E39
:10060000EA5AF13EBBCBEB3E7533E63E4F92E03EFD
:1006100080E8DA3E4136D53ECA7BCF3E53B9C93E6B
:1006200015EFC33E491DBE3E2A44B83EEF63B23EBD
:10063000D47CAC3E128FA63EE59AA03E86A09A3EA0
:1006400032A0943E229A8E3E938E883EC07D823E9A
:10065000CCCF783E7F9A6C3E135C603E0115543ED1
:10066000C2C5473ECF6E3B3EA2102F3EB5AB223EE9
:100670008340163E87CF093E73B2FA3D2FBCE13D61
:1006800036BDC83D80B6AF3D04A9963D752B7B3D78
:100690002EFB483D2BC3163DB10AC93C920E493C86
:1006A00000000000920E49BCB10AC9BC2BC316BDA4
:1006B0002EFB48BD752B7BBD04A996BD80B6AFBD92
:1006C00036BDC8BD2FBCE1BD73B2FABD87CF09BE30
:1006D000834016BEB5AB22BEA2102FBECF6E3BBE6E
:1006E000C2C547BE011554BE135C60BE7F9A6CBE86
:1006F000CCCF78BEC07D82BE938E88BE229A8EBE3D
:1007000032A094BE86A09ABEE59AA0BE128FA6BE65
:10071000D47CACBEEF63B2BE2A44B8BE491DBEBE97
:1007200015EFC3BE53B9C9BECA7BCFBE4136D5BED5
:1007300080E8DABE4F92E0BE7533E6BEBBCBEBBEBF
:10074000EA5AF1BECBE0F6BE275DFCBEE4E700BF8F
:100750003D9C03BF824B06BF9BF508BF6B9A0BBF46
:10076000DA390EBFCDD310BF2A6813BFD9F615BF33
:10077000C07F18BFC6021BBFD17F1DBFCBF61FBFF6
:10078000996722BF25D224BF563627BF159429BFAB
:100790004AEB2BBFDE3B2EBFBB8530BFC9C832BF83
:1007A000F30435BF233A37BF426839BF3B8F3BBFA5
:1007B000F9AE3DBF67C73FBF70D841BF01E243BF3D
:1007C00003E445BF65DE47BF12D149BFF8BB4BBF4D
:1007D000029F4DBF207A4FBF3D4D51BF491853BFB7
:1007E00031DB54BFE59556BF534858BF6AF259BF35
:1007F0001A945BBF532D5DBF05BE5EBF214660BF2F
:1008000097C561BF5A3C63BF59AA64BF880F66BFD2
:10081000D86B67BF3CBF68BFA7096ABF0C4B6BBFF3
:100820005E836CBF93B26DBF9ED86EBF73F56FBF12
:10083000080971BF521372BF471473BFDD0B74BF39
:100840000BFA74BFC6DE75BF07BA76BFC58B77BF1C
:10085000F85378BF981279BF9DC779BF02737ABFEA
:10086000BE147BBFCDAC7BBF283B7CBFC9BF7CBF68
:10087000AC3A7DBFCCAB7DBF23137EBFB0707EBFD3
:100880006DC47EBF580E7FBF6D4E7FBFAB847FBFF0
:100890000FB17FBF97D37FBF43EC7FBF11FB7FBFFB
:1008A000000080BF11FB7FBF43EC7FBF97D37FBFAA
:1008B0000FB17FBFAB847FBF6D4E7FBF580E7FBF30
:1008C0006DC47EBFB0707EBF23137EBFCCAB7DBF37
:1008D000AC3A7DBFC9BF7CBF283B7CBFCDAC7BBFE2
:1008E000BE147BBF02737ABF9DC779BF981279BFD0
:1008F000F85378BFC58B77BF07BA76BFC6DE75BF22
:100900000BFA74BFDD0B74BF471473BF521372BF71
:10091000080971BF73F56FBF9ED86EBF93B26DBFEC
:100920005E836CBF0C4B6BBFA7096ABF3CBF68BF3F
:10093000D86B67BF880F66BF59AA64BF5A3C63BFB4
:1009400097C561BF214660BF05BE5EBF532D5DBF29
:100950001A945BBF6AF259BF534858BFE59556BF1A
:1009600031DB54BF491853BF3D4D51BF207A4FBFB3
:10097000029F4DBFF8BB4BBF12D149BF65DE47BFD9
:1009800003E445BF01E243BF70D841BF67C73FBF23
:10099000F9AE3DBF3B8F3BBF426839BF233A37BFFB
:1009A000F30435BFC9C832BFBB8530BFDE3B2EBFA5
:1009B0004AEB2BBF159429BF563627BF25D224BF3B
:1009C000996722BFCBF61FBFD17F1DBFC6021BBFD9
:1009D000C07F18BFD9F615BF2A6813BFCDD310BF8B
:1009E000DA390EBF6B9A0BBF9BF508BF824B06BF6F
:1009F0003D9C03BFE4E700BF275DFCBECBE0F6BE35
:100A0000EA5AF1BEBBCBEBBE7533E6BE4F92E0BEF9
:100A100080E8DABE4136D5BECA7BCFBE53B9C9BE67
:100A200015EFC3BE491DBEBE2A44B8BEEF63B2BEB9
:100A3000D47CACBE128FA6BEE59AA0BE86A09ABE9C
:100A400032A094BE229A8EBE938E88BEC07D82BE96
:100A5000CCCF78BE7F9A6CBE135C60BE011554BECD
:100A6000C2C547BECF6E3BBEA2102FBEB5AB22BEE5
:100A7000834016BE87CF09BE73B2FABD2FBCE1BD5D
:100A800036BDC8BD80B6AFBD04A996BD752B7BBD74
:100A90002EFB48BD2BC316BDB10AC9BC920E49BC82
:100AA0000000008044455445435400006C656400D8
:100AB00063616C690000000067696D62616C54617C
:100AC000736B0000696D755461736B0074657374AA
:100AD00000000000F40A0108000000206802000085
:100AE000C40100088C0B01086802002090B40000CB
:100AF00020020008012032104201036924F41AAADE
:100B000001013822C814206C6F1B2098041A80043D
:100B10001AB004360205060606138DAD1408BDACE6
:100B20001B08290801744B82FF015A920842FF5AA0
:100B3000A208915B803F080212BF791C091D24693D
:100B400020E938091010197C2AFF0519074988394E
:100B50000E5905B13264100DE7416B3A58A08B3A3B
:100B60007D04017C160240AB0341100905530806C1
:100B70005804070F160810820911160A15800B1663
:0C0B8000850C18010D2DCDCC1C4104008B
:040000050800018965
:00000001FF
