:020000040800F2
:1000000000B8012061020008996F0008055D000832
:10001000796E0008DB13000841B6000800000000FC
:10002000000000000000000000000000A101000826
:10003000EF19000800000000FD010008FD8F000816
:100040007B0200087B0200087B0200087B0200089C
:100050007B0200087B020008F11900087B020008FF
:100060007B020008F7190008FD1900087B02000850
:10007000CD1700087B0200087B0200087B02000805
:100080007B0200087B0200087B0200087B0200085C
:10009000DD1300087B0200087B020008031A000839
:1000A0007B0200087B0200087B0200087B0200083C
:1000B0007B0200087B0200087B0200087B0200082C
:1000C0007B0200087B0200087B0200087B0200081C
:1000D0007B0200087B0200087B020008ED99000803
:1000E0007B0200087B0200087B0200087B020008FC
:1000F0007B020008119100087B020008D917000854
:100100007B0200087B0200087B0200087B020008DB
:100110007B0200087B0200087B0200087B020008CB
:100120007B020008311800083D1800087B02000817
:100130007B0200087B0200087B0200087B020008AB
:10014000E91300087B0200087B0200089D6F00088D
:10015000E1180008ED180008F9180008AD9A000829
:100160007B0200087B0200087B0200087B0200087B
:100170007B0200087B0200087B02000800000000F0
:100180007B0200087B020008DFF810D000F0C8FCFA
:10019000004800477D010108AFF3008000B801204E
:1001A0002C4B19680868B0E8F04F80F30988BFF35A
:1001B0006F8F4FF0000080F311887047000000003F
:1001C00008480068006880F308884FF0000080F35A
:1001D000148862B661B6BFF34F8FBFF36F8F00DF35
:1001E00000BF00BF08ED00E0DFF80C00016841F43B
:1001F00070010160704700BF88ED00E0EFF30980F7
:10020000BFF36F8F134B1A681EF0100F08BF20ED5D
:10021000108A20E9F04F106009B44FF0500080F3CD
:100220001188BFF34F8FBFF36F8F13F06FFF4FF045
:10023000000080F3118809BC19680868B0E8F04F25
:100240001EF0100F08BFB0EC108A80F30988BFF3CE
:100250006F8F704734090020EFF30580704700006E
:100260000648804706480047FEE7FEE7FEE7FEE750
:10027000FEE7FEE7FEE7FEE7FEE7FEE7BD900008CB
:10028000890100089FED1A1AF5EE000A40EE010AF6
:10029000BDEEE00AF5EEC00A10EE100AF1EE10FA1B
:1002A00038BF401E00EE100A1349F7EE001AB8EEF0
:1002B000C00A30EEC00ADFED0F0A20EE200AFCEE85
:1002C000C00A10EE900AC0F3080000EE900A01EB9D
:1002D0008000F8EE600A90ED011A70EE600A90ED71
:1002E000000A71EEE01A21EE800A00EE810A7047E2
:1002F00083F9223E00000044B8540108DFED190ADA
:10030000B5EEC00A60EE200ABDEEE01A11EE100A4A
:10031000F1EE10FA38BF401E00EE100A1349F7EE56
:10032000001AB8EEC00A30EEC00ADFED0F0A60EE28
:10033000200ABCEEE00A10EE100AC0F3080000EE3E
:10034000100A01EB8000B8EE400A90ED011A70EE41
:10035000C00A90ED000A71EEE01A21EE800A00EE6C
:10036000810A704783F9223E00000044B854010816
:100370002DE9F05F0546002092469B4688460646DA
:10038000814640241BE0284641464746224600F06D
:10039000E2FA53465A46C01A914110D31146184604
:1003A000224600F0C9FA2D1A67EB01084F46224693
:1003B0000120002100F0C0FA17EB00094E41201E79
:1003C000A4F10104DFDC484631462A464346BDE835
:1003D000F09FA0F14101192900D82030704740EA70
:1003E00001039B0703D009E008C9121F08C0042AB3
:1003F000FAD203E011F8013B00F8013B521EF9D29A
:100400007047D2B201E000F8012B491EFBD27047C1
:100410000022F6E710B513460A4604461946FFF7D0
:10042000F0FF204610BD421E12F8013F002BFBD109
:1004300011F8013B02F8013B002BF9D17047CAB219
:10044000401E10F8011F8A4202D00029F9D1002075
:100450007047421C10F8011B0029FBD1801A70471D
:1004600010B5002200E0521C835C8C5CA34201D1D9
:10047000002BF8D1D8B2E1B2401A10BD034611F8F2
:10048000012B00F8012B002AF9D11846704730B52E
:1004900005460020034600E05B1C934205D2EC5C5D
:1004A000C85C201A01D1002CF6D130BD2DE9FE4FD9
:1004B000804681EA0300C00F0C46009021F0004105
:1004C00023F00045B8EB0200A94105D24046214681
:1004D00090461C460B46024623F00040104347D08E
:1004E000270DC7F30A00C3F30A510290401A019086
:1004F00040286BDAC3F3130040F4801B0098924647
:1005000020B10023D2EB030A63EB0B0B0198594691
:10051000C0F14002504600F00FFA06460D46504624
:100520005946019A00F027FA10EB080061410024B7
:1005300087EA115284EAE7731A4340D0009A62B303
:10054000019A012A4FEA075215DC001B61EB0201F8
:100550004FF0004202EA0752CDE90042001C41F58B
:10056000801132462B4600F05EFA03B0BDE8F08FF2
:1005700040462146F9E7001B61EB0201001C41F5F2
:10058000801300185B412018A2F5001747EB030108
:1005900040EAD570B6196D4111E06D084FEA360694
:1005A00045EAC0754FEA0752001B61EB0201001CCF
:1005B00041F5801149084FEA300000195141324697
:1005C0002B4603B0BDE8F04F00F01EBA00980122A0
:1005D00040000023D0EB020263EBE0730098214659
:1005E0004FEAE074B8EB000061EB0401E9E783F047
:1005F00000435BE781F0004158E72DE9FE4F81EAB7
:10060000030404F0004421F0004100944FF0000B7B
:1006100023F0004350EA01045ED052EA03045BD0A9
:10062000C3F30A54C1F30A552C44A4F2F3340194E1
:10063000A0FB0254C1F3130141F48011C3F313036F
:1006400043F4801301FB024400FB034E840A970A23
:1006500044EA815447EA8357A4FB076802958D0A50
:1006600005FB07854FEA932C04FB0C542705029DDC
:100670004FEA065847EA1637B5EB08056EEB070C4C
:10068000870E920E47EA811742EA8312A7FB020106
:10069000B6EB0B0164EB00042B0D43EA0C335E1840
:1006A00044EB1C50DA465146E7FB0201C5F3130444
:1006B0004FEA0B3343EA14534FEA0432019C43EAF6
:1006C0000603A4F10C040294009CCDE900B400F0F0
:1006D000AAF903B0BDE8F08F00200146F9E72DE943
:1006E000F04D81EA030404F0004B21F0004514466C
:1006F0004FF0000A23F0004150EA050220D054EAEE
:1007000001021DD0C5F30A570246C5F31303C1F316
:100710001300C1F30A5640F4801543F48013A7EB8D
:100720000608101BD64608F2FD3873EB050002D30D
:1007300008F1010801E092185B41B8F1000F03DAFB
:1007400000200146BDE8F08D00204FF480110646E0
:1007500084460EE0171B73EB050705D3121B63EBF2
:10076000050306434CEA010C49084FEA3000921891
:100770005B4150EA0107EDD152EA030012D082EA50
:10078000040083EA0501084305D0101BAB4106D2E3
:100790000122002306E000224FF0004302E06FF048
:1007A000010253101AEB06004CEB085110EB0A0043
:1007B00041EB0B01BDE8F04D00F026B90EB5C10FBD
:1007C00080EAE0700844CA07002140F233438DE814
:1007D0000E000A460B4600F026F903B000BD70B5C6
:1007E000C1F30A5201F000450024C1F3130140F2A5
:1007F000FF3341F480119A4201DA002070BD40F2CB
:1008000033439A42A2F2334203DC524200F0A3F88F
:1008100000E090402C43F1D0404270BDC1F30A5239
:1008200010B5C1F3130140F2FF3341F480119A4235
:1008300001DA002010BD40F233439A42A2F2334263
:1008400003DC524200F087F810BD904010BD00F06C
:10085000004230F000400AD0C10D01F56071C0F3D4
:10086000160042EA0151C2084007114370470020B8
:100870000146704730B5041E71F1000404DB4FF0EF
:100880000044404264EB0101141E73F1000405DBD7
:100890001C464FF00043524263EB04038B4208BFF7
:1008A000824230BD30B5041E71F1000404DB4FF00C
:1008B0000044404264EB0101141E73F1000405DBA7
:1008C0001C464FF00043524263EB0403994208BFB9
:1008D000904230BD01F0004330B421F0004150EAB5
:1008E000010206D00A0DA2F56072C1F31301002ABD
:1008F00002DC30BC00207047440F44EAC104C10050
:10090000E01830BC00EBC25000F047B830B50B46E1
:10091000014600202022012409E021FA02F59D422F
:1009200005D303FA02F5491B04FA02F52844151E03
:10093000A2F10102F1DC30BD202A04DB203A00FAEA
:1009400002F1002070479140C2F1200320FA03F326
:10095000194390407047202A04DB203A21FA02F024
:100960000021704721FA02F3D040C2F120029140E9
:10097000084319467047202A06DBCB17203A41FA74
:1009800002F043EAE07306E041FA02F3D040C2F11C
:10099000200291400843194670470029A8BF7047BC
:1009A000401C490008BF20F00100704710B4B0FAA5
:1009B00080FC00FA0CF050EA010404BF10BC704740
:1009C00049B1CCF1200421FA04F411FA0CF118BF5A
:1009D000012121430843A3EB0C01CB1D4FEA006129
:1009E0004FEA102042BF002010BC704700EBC350FC
:1009F00010440029A4BF10BC7047401C490008BF28
:100A000020F0010010BC704710B5141E73F10004F3
:100A100008DA401C41F1000192185B411A4301D1F0
:100A200020F0010010BD2DE9F04D92469B4611B11A
:100A3000B1FA81F202E0B0FA80F220329046FFF77C
:100A40007BFF04460F4640EA0A0041EA0B01534689
:100A50005A46084313D0114653EA010019D0C8F191
:100A600040025046FFF777FF05460E46504659466E
:100A70004246FFF761FF084305D0012004E020460D
:100A80003946BDE8F08D0020054346EAE0762C4368
:100A900037430A986305E40AA0EB08000022FD0A28
:100AA00044EA47540A3002D500200146E9E701052F
:100AB00010196941DDE9084500196941BDE8F04DAB
:100AC000A2E770B521F0004303430CD0C1F30A55EF
:100AD0000024D5EB040564EB0403D617AD1AB3412B
:100AE00002DB0020014670BD201841EB025170BDB1
:100AF000C1F30A52C1F3130140F2FF3341F48011F4
:100B00009A4202DA00200146704740F233439A428B
:100B1000A2F2334202DC5242FFF71DBFFFF70CBFC7
:100B2000064C074D06E0E06840F0010394E807003A
:100B300098471034AC42F6D3FFF72AFBB45D0108A6
:100B4000D45D01082DE9F04D00231A461B1A8A4195
:100B500003DB00200146BDE8F08DC1F30A52C1F36A
:100B6000130141F480154FF0000BD10702D100189A
:100B70006D41521E0027044640F2FF11384601EB3A
:100B8000620A3E468046024600204FF48011FFF77D
:100B9000E2FEC2197141BB1846EB0100B4EB030C35
:100BA00075EB000C04D3E41A65EB000517460E46FE
:100BB000241908F101006D4180463428E3DDF9195C
:100BC00046EB0600091BA84103D24FF0FF32134643
:100BD00001E0002213461BEB070046EB0A51BDE87B
:100BE000F04DFFF711BF70B58C1810F8015B15F0D0
:100BF000070301D110F8013B2A1106D110F8012B8F
:100C000003E010F8016B01F8016B5B1EF9D12B07B3
:100C100005D40023521E0DD401F8013BFAE710F869
:100C2000013BCB1A921C03E013F8015B01F8015B56
:100C3000521EF9D5A142D8D3002070BD0AF054BD90
:100C40000AF0E8BDFFF71EBBF0EE400AF5EEC00A61
:100C5000F1EE10FA02DDB0EE600A7047B1EE600A04
:100C6000FBE70000002803D09FED020A80ED000A98
:100C70007047000000000000002803D0B3EE060A11
:100C800080ED000A7047000070B52DED0C8B84B02C
:100C900006460C4615469FED990AF0EE408A9FEDF8
:100CA000970AB0EE409A9FED950AF0EE40BA9FED9C
:100CB000930AF0EE409A9FED910AB0EE40AA0EB171
:100CC00004B11DB904B0BDEC0C8B70BD8C48FFF7AE
:100CD000C9FF8C48FFF7D0FF8A48D0ED000A9FED8E
:100CE0008A1A60EE810AB0EE600A00F025F9F0EE93
:100CF000408A28EEA80AF0EE408A8248D0ED000A29
:100D0000B0EE001A60EE810A9FED7F1A60EE810A54
:100D1000B0EE600A00F010F9B0EE409A29EE090A30
:100D2000B0EE409ADFED790AB7EE000A00EEA80AAD
:100D3000DFED770A00EEC90ADFED760A20EE200A21
:100D4000754880ED000A6E4890ED000ADFED730AE9
:100D500080EE201AB7EE000A31EE000A20EE000AFB
:100D60006D48D0ED000A80EE801A6D4880ED001AC3
:100D700094ED000AB5EEC00AF1EE10FA0DD194ED33
:100D8000010AB5EEC00AF1EE10FA06D194ED020A9E
:100D9000B5EEC00AF1EE10FA46D09FED580AB0EE5B
:100DA000408A0020019002900390D4ED000A60EE8A
:100DB000A00A94ED011AD4ED011A41EE210A94ED36
:100DC000021AD4ED021A41EE210AB0EE600A00F0D8
:100DD000A9F8B0EE408A94ED000A20EE080A8DEDE5
:100DE000010A94ED010A20EE080A8DED020A94ED45
:100DF000020A20EE080A8DED030ADDED010AF1EE8C
:100E0000600AB0EE600AFFF719FFF0EE409A9DED20
:100E1000031AF0EE410A9DED021AB0EE410AFFF707
:100E20000FFFB0EE40AA07E09FED340AF0EE409AC3
:100E30009FED320AB0EE40AA95ED000AB5EEC00A69
:100E4000F1EE10FA0DD195ED010AB5EEC00AF1EE02
:100E500010FA06D195ED020AB5EEC00AF1EE10FACD
:100E60003CD0B0EE690A00F067F8B0EE408AB0EE10
:100E7000690AFFF7E7FEB0EE40DAB0EE4A0A00F08A
:100E80005BF8F0EE40AAB0EE4A0AFFF7DBFEB0EEE8
:100E900040BA28EE2A0AD5ED010A20EE200AD5ED47
:100EA000000A0DEE200A68EE0B0A95ED021A00EE1C
:100EB000810AB0EE40CA95ED010A20EE0B0AD5ED8D
:100EC000020A0AEEE00AF0EE40CAF0EE6C0AB0EE5A
:100ED0004C0AFFF7B5FEF0EE40BA03E09FED070ABB
:100EE000F0EE40BAB0EE4A1AF0EE690AB0EE6B0AC4
:100EF00030460CF0EBFB00BFE4E600000000000011
:100F0000B0090020B409002035FA8E3CC1BFAD3BCA
:100F10009DF8C5362F7C1C41B8090020506CC24A90
:100F2000BC09002010B50BF08BFCB7EE001AC1EE27
:100F3000000AB0EE600A10BDFFF7E0B92DE9F041FC
:100F40002DED028B9AB00546B0EE408A0E4617464C
:100F500098460020179018901990149015901690AC
:100F60004DB146B13FB1B8F1000F04D0B5EEC08A23
:100F7000F1EE10FA05D100201AB0BDEC028BBDE8ED
:100F8000F08196ED000A8DED170A96ED010A8DEDC0
:100F9000180A96ED020A8DED190A97ED000A8DEDFB
:100FA000140A97ED010A8DED150A97ED020A8DEDF1
:100FB000160A17AA14A928460CF0DAF9402104A849
:100FC000FFF726FA00200090019002900390002481
:100FD00017A904A812F0FCFC00BF30E004A800EB45
:100FE000041090ED000AD5ED000A20EE200A04A8B6
:100FF00000EB0410D0ED010A95ED011A00EE810A14
:1010000004A800EB0410D0ED020A95ED021A00EEE0
:10101000810A04A800EB0410D0ED030A95ED031A31
:1010200000EE810A20EE080AF0EE000A80EE201A97
:10103000684600EB840080ED001A601CC4B2042CEA
:10104000CCDB002410E005EB840090ED000A68463C
:1010500000EB8400D0ED000A30EE200A05EB84009E
:1010600080ED000A601CC4B2042CECDB284610F0B2
:10107000EFFE012080E7000001221021014802F06C
:1010800073B800000000024000221021014802F065
:101090006BB80000000002407047000001221146BA
:1010A000014802F061B80000000402400022012162
:1010B000014802F059B800000004024030B54378FE
:1010C00004781B021BB2234300EE103A1B4CB8EE0F
:1010D000C00AD4ED000A20EE200A81ED000AC37890
:1010E00085781B021BB22B4300EE103AF8EEC00AC3
:1010F00094ED000A60EE800AC1ED010A437904799B
:101100001B021BB2234300EE903AF8EEE00A20EEF9
:10111000800A81ED020A017AC3790904807941EAE3
:101120000321014300EE101ADFED050AB8EE400A74
:1011300020EE200A82ED000A30BD0000FC080020ED
:1011400000401C4270470FF0B3B80DF015BE000010
:1011500010B542780378120212B21A4300EE102A38
:10116000124BB8EEC00AD3ED010A20EE200A81ED41
:10117000000AC2788478120212B2224300EE102ACA
:10118000F8EEC00A93ED010A60EE800AC1ED010A93
:1011900042790079120212B2024300EE902AF8EE70
:1011A000E00A20EE800A81ED020A10BDFC08002052
:1011B00010B5FFF771FFFFF7C5FF0CF0CBFB08B1CF
:1011C000802402E00CF038FB04460CF089FD10B1DD
:1011D00044F0400010BD0CF015FD204310BD000090
:1011E0002DE9FC4104460D46164600200090019072
:1011F000FFF74AFF922000F0BFF80622694612204E
:1012000000F09CF8FFF738FF9DF801009DF80010F2
:10121000000200B2084300EE100A474FB8EEC00AC1
:10122000D7ED000A20EE200A85ED000A9DF80300A4
:101230009DF80210000200B2084300EE100AF8EE1A
:10124000C00A97ED000A60EE800AC5ED010A9DF81C
:1012500005009DF80410000200B2084300EE900A59
:10126000F8EEE00A20EE800A85ED020AFFF71EFF85
:1012700008226946002000F061F8FFF70FFF9DF893
:1012800000000F2830D19DF803009DF802100002E5
:1012900000B2084300EE100AD7ED010AB8EEC00A0A
:1012A00020EE200A84ED000A9DF805009DF8041048
:1012B000000200B2084300EE100AF8EEC00A97EDF3
:1012C000010A60EE800AC4ED010A9DF807009DF84E
:1012D0000610000200B2084300EE900AF8EEE00AA1
:1012E00020EE800A84ED020AFFF7CEFEA22000F075
:1012F00043F802226946222000F020F8FFF7BCFEE6
:101300009DF800009DF80110C00040EA5110B0F5B2
:10131000806F02DBA0F5006000B200EE100AB4EEB0
:10132000001AF8EEC00AB3EE070A00EE810A86ED55
:10133000000ABDE8FC810000FC08002070B50D46E5
:10134000144640F0800000F017F806E0552000F049
:1013500013F805F8010B641EE4B2002CF6D170BD41
:1013600010B50C4640F0800000F006F8552000F063
:1013700003F8207010BD000001B582B04FF47A7000
:101380000090012301AA02A9024803F09DFC9DF8E8
:1013900004000EBD2012002002784078D20042EAFC
:1013A0005010B0F5806F02DBA0F5006000B200EED7
:1013B000100AB4EE001AF8EEC00AB3EE070A00EE07
:1013C000810A81ED000A704710B50C46FFF7D4FF83
:1013D0002046BDE81040FFF7CFBFFEE7014800F010
:1013E00056BE000074100020014800F050BE0000FE
:1013F0009C10002038B50E4C4FF400752560002578
:10140000A560E560082525610A4C050A2570607015
:10141000080AA070E170100A20716271180AA071A8
:10142000E3716B4622460249034800F063FC38BD75
:10143000CC3F0020A20200207410002038B50E4CD2
:1014400040F2FF1525600025A560E56008252561AF
:101450000A4C050A25706070080AA070E170100A35
:1014600020716271180AA071E3716B46224602492D
:10147000034800F03FFC38BDB43F00209A02002032
:101480009C10002038B50E4C4FF4007525600025E7
:10149000A560E560082525610A4C050A2570607085
:1014A000080AA070E170100A20716271180AA07118
:1014B000E3716B4622460249034800F01BFC38BD2D
:1014C000E43F0020AA0200209C10002038B50D4AFD
:1014D0004FF40473136000239360D36008231361F7
:1014E000094A13881C0A123214705370030A93704D
:1014F000D070080A107151716B460249034800F020
:10150000F9FB38BDCC3F0020900200207410002071
:1015100004284FF0000070470020704710B50022EB
:101520000449054808F014FC0449034808F006FC87
:10153000002010BDB4290020BC160020B4210020DA
:1015400070B5184C09682068084420604FF40065A5
:10155000A8420CD21449415C0A2908D0134901441D
:10156000134808F0EBFB124808F0C7FB01E001202C
:1015700060606068012812D10D4A0C48216812F0A1
:1015800079FA00202060606029460848FEF740FF95
:101590000649074808F0D2FB054808F0AEFB0020DA
:1015A00070BD00007C000020B3210020B421002089
:1015B000BC1600200020704710B50A460849D1F833
:1015C000BC12D1F81412002901D0012010BD01462F
:1015D000034808F0BDFBBDE81040014808F03FBCDF
:1015E000BC1600202DE9F04F0BAFDDE909C897E8E4
:1015F000800E0F9D002401E00655641C032C02DAC6
:101600000E5D002EF8D110F8031F41F0380162F38F
:1016100002010170018863F38911018041786CF344
:1016200085014170818869F309018180B0F8051056
:101630006AF38C01A0F80510C1886BF34F11C180CB
:10164000B0F8011068F38E11A0F80110418867F31B
:10165000CF114180C01E002104E0431815F8012B72
:10166000DA73491CB942F8D300220021435C1A44C2
:10167000D2B2491C2D29F9D390F82E10914202D0F4
:10168000052180F82D1080F82E20BDE8F08F000095
:1016900070B586B090F82D10002957D0491E80F8FB
:1016A0002D104FF6FF710591044603AEA5208DF86D
:1016B0000C003320ADF80D00264D28788DF80F0072
:1016C000FF220421304600F0D9FA8DF8100040F2D4
:1016D0000130ADF811004FF48870ADF804001E48D9
:1016E0000078ADF806000DF07DFCADF80800BDF8FF
:1016F00014200721304600F0A9FA059001AB0246FC
:101700000621184600F0A2FA0246059020462D2137
:1017100000F09CFA059003A90722104810F0EBFB9B
:1017200001A906220D4810F0E6FB204601462D22B5
:101730000A4810F0E0FB05A90222084810F0DBFB84
:101740002878401C2870002006B070BD4FF0FF3094
:10175000FAE70000AC000020334F0020FC310020ED
:101760002DE9F043DDE909C8DDF82C90DDE90767D4
:10177000002401E00555641C032C02DA0D5D002DE8
:10178000F8D110F8031F21F03801103162F3020183
:101790000170018863F389110180417866F3850146
:1017A0004170818867F309018180B0F805106CF3FE
:1017B0008C01A0F80510C18868F34F11C180018920
:1017C00069F309010181BDE8F0830000014801F0DF
:1017D000F3B800009C15002010B5124A50680001B3
:1017E0001FD5114B114C4FF00061586B0068A0429F
:1017F00003D90E484C3801600EE00A4CB834A042C0
:1018000003D90A485038016006E0064C5834A0421B
:1018100001D9D16000E091601868016841F400715D
:10182000016010BD006002401811002058640240A1
:10183000014801F0C1B80000FC15002070B5234834
:101840000068800240D521494FF0F46008310860FB
:101850001F4C207880070CD5207820F002002070E3
:10186000207840F00400207001221146194801F050
:101870007BFC6078184D80070CD5607820F0020062
:101880006070607840F004006070012210212846EA
:1018900001F06AFCA07880070CD5A07820F0020047
:1018A000A070A07840F00400A0700122102128460A
:1018B00001F05AFC0EF038FA2078400704D50748AA
:1018C000016841F00101016070BD00000064024048
:1018D000F00200200004024000000240103C0140E1
:1018E000014801F069B800003C150020014801F0F2
:1018F00063B800005C160020014801F05DB80000EC
:10190000DC14002001680A4BCAB2103AA3FB023271
:101910001209084B9B5CC365032A04D96FF30901C4
:10192000091D816502E06FF309018165806D7047D3
:10193000ABAAAAAAA3540108014600208A6A8B69AF
:10194000002B0FD0B3F5005F1DD08AB3012A30D031
:10195000022A2ED0032A04D1C96A11F0807F00D058
:10196000012070471AB1012A07D0022AF9D1C96AA9
:1019700011F0807FF5D001207047C96AB1F1C07FB6
:10198000FAD1012070475AB1012A0BD0022A07D0A0
:10199000032AF7D1C96AB1F1C07FF3D101207047A2
:1019A00001207047C96A11F0807FFAD0012070478A
:1019B000FFE70120704710B4D0F800C0DCF8004009
:1019C00024F48024CCF80040D0F800C0CCF80430D7
:1019D0008368402B05D0036899600068C26010BC22
:1019E000704703689A600068C16010BC7047704718
:1019F000012001F095BA082001F092BA102001F000
:101A00008FBA202001F08CBA704700000022002914
:101A100005D001291AD002291BD04FF440720E497B
:101A20000B6823F440730B600B681A430A600A6862
:101A300022F0F8020A600A68022343EAC000104359
:101A40000860086840F48030086070474FF4807286
:101A5000E5E74FF40072E2E7103C024014480168E9
:101A600011F4007F0FD0016821F40071016001685A
:101A700041F400610160016821F4006101600168C6
:101A800041F400710160016811F4806F0FD00168AA
:101A900021F480610160016841F4805101600168B6
:101AA00021F480510160016841F480610160704758
:101AB000003C024008490A6822F440720A600A6841
:101AC00042F004020A600A684FF4803343EA0020BF
:101AD0001043086070470000103C0240064A13683B
:101AE00023F44073136013681360136843F0010319
:101AF0001360017070470000103C02400B49D1F8A0
:101B000000C02CF4407CC1F800C0D1F800C04CF4F7
:101B1000407CC1F800C0D1F800C04CF0010CC1F805
:101B200000C00260BFF36F8F43607047103C0240FB
:101B3000074A136823F440731360136843F48073F7
:101B40001360136843F001031360018070470000C5
:101B5000103C0240074A136823F440731360136873
:101B600043F400731360136843F0010313600160D2
:101B700070470000103C02401A49086810F0100F2E
:101B8000194805D0C26942F01002C26110220A60F1
:101B90000A6812F0200F05D0C26942F00802C26143
:101BA00020220A600A6812F0400F05D0C26942F094
:101BB0000402C26140220A600A6812F0800F05D058
:101BC000C26942F00202C26180220A600A6812F011
:101BD000020F05D0C26942F02002C26102200860F3
:101BE000704700000C3C0240C05B002070B504460A
:101BF00014490020C86101F0BFFA0646124D28685A
:101C000010F4803F0ED0B4F1FF3F07D024B101F0B3
:101C1000B3FA801BA04201D9032070BD286810F4DC
:101C2000803FF0D1286810F0010F01D0012028601A
:101C3000286810F0F20F03D0FFF79EFF012070BD5F
:101C4000002070BDC05B00200C3C024010B5034674
:101C50001046002B01D0084C0AE04FF6FF7010BD73
:101C600013F8012B4240D2B234F8122082EA10203D
:101C7000491E4A1CF4D110BDBC50010810B5054CDA
:101C800003E010F8013B5340E25C491E4B1CF8D1C5
:101C9000104610BDBC4F010810B50B480168001D6F
:101CA0000468001D0068084400280BD0082207497A
:101CB00004F078FC054920460422BDE810401031AC
:101CC00004F070BC10BD0000107AFF1F62000020FD
:101CD00090F82020012A07D0022A05D0416A41F459
:101CE00080214162012070470068426911434161CF
:101CF0000020704770B490F82040D0F800C0DCF8A5
:101D000008C0012C08D0022C06D0416A41F4802181
:101D1000416270BC012070470CF080640CF00065DB
:101D20002C4302D11CF0805F5FD0CCF3016CBCF17E
:101D3000020F06D9416A41F40001416270BC0120E2
:101D40007047012404FA0CF41C608B684FF4C074D3
:101D50009BB1CD6804EB0C162B434D6843EAC503D9
:101D60000568AB514FF4C273066803EB0C130D69A1
:101D7000F550097D012909D00DE00D88CB6804EBF1
:101D80000C1643EA45530568AB51EBE70168CD58A3
:101D900045F48075CD501179D379557941EA0361C5
:101DA00093791B0443EA052319434FF4C67503686E
:101DB00005EB0C1559511178D37841EA03619378FA
:101DC00052781B0443EA022211434FF4C4730268A1
:101DD00003EB0C13D150016804EB0C100A5842F0CD
:101DE00001020A5070BC00207047416A41F40011A2
:101DF000416270BC0120704790F82020012A07D072
:101E0000022A05D0416A41F48021416201207047D5
:101E10004248D0F8002242F00102C0F80022D0F877
:101E2000002222F47C52C0F80022D0F800224B6A33
:101E300042EA0322C0F800220A7D012302F01F02B9
:101E400003FA02F2D0F81C329343C0F81C32CB697B
:101E5000D3B9D0F80C329343C0F80C32B1F80CC0AF
:101E60004B686CF31F43D1F814C000EBCC0CCCF8DA
:101E70004032B1F808C00B686CF31F43D1F814C0AE
:101E800000EBCC0CCCF84432CB69012B1AD1D0F842
:101E90000C321343C0F80C32B1F800C04B686CF33D
:101EA0001F43D1F814C000EBCC0CCCF84032B1F891
:101EB00008C0CB686CF31F43D1F814C000EBCC0C06
:101EC000CCF844328B697BB1D0F804321343C0F8AC
:101ED00004320B6973B1D0F814321343C0F81432D2
:101EE000096A01290CD010E0D0F804329343C0F8FD
:101EF0000432EEE7D0F814329343C0F81432EFE71F
:101F0000D0F81C121143C0F81C12D0F8001221F0B6
:101F10000101C0F80012002070470000006400407A
:101F2000704710B490F820C0BCF1010F09D0BCF18B
:101F3000020F06D0416A41F48021416210BC0120A9
:101F4000704739B1D0F800C0DCF810C01CF0030FA6
:101F50007DD006E0D0F800C0DCF80CC01CF0030F08
:101F60007BD04FF4D87C04680CEB011C54F80C4077
:101F700004F004049460002C7DD0046854F80C40F4
:101F8000E4085460046854F80CC00CF0020CC2F869
:101F90000CC04FF4DA7C04680CEB011C54F80C40C4
:101FA00004F00F041461046854F80C40C4F30724CF
:101FB0009461046854F80CC04FEA1C4CC2F814C079
:101FC0004FF4DC72D0F800C002EB01125CF802C0E2
:101FD00083F800C0D0F800C05CF802C04FEA1C2CA7
:101FE00083F801C0D0F800C05CF802C04FEA1C4C76
:101FF00083F802C0D0F800C05CF80220120EDA703C
:102000004FF4DE72D0F800C002EB01125CF802C09F
:1020100083F804C0D0F800C05CF802C04FEA1C2C62
:1020200083F805C0D0F800C05CF802C04FEA1C4C31
:1020300083F806C0D0F800C05CF80220120EDA71F6
:10204000F9B10068016941F02001016102E00BE093
:1020500003E010E010BC00207047416A41F4001119
:10206000416210BC01207047416A41F40011416295
:1020700010BC01207047046854F80C40640D1460D3
:1020800080E70068C16841F02001C160DEE72DE90A
:10209000F05F0546002428684669D0F804908768F8
:1020A000D0F80CA0D0F810B0D0F8188016F0010FBE
:1020B00054D017F0010F17D00121816017F0020FE3
:1020C00003D0284600F0E8FB0EE017F0040F02D022
:1020D0004FF4006408E017F0080F02D04FF480546A
:1020E00002E0284600F0D7FB17F4807F19D029685A
:1020F0004FF48070886017F4007F03D0284600F00A
:10210000CDFB0EE017F4806F02D044F4005408E0D9
:1021100017F4006F02D044F4804402E0284600F037
:10212000BCFB17F4803F19D029684FF480308860D9
:1021300017F4003F03D0284600F0B2FB0EE017F47E
:10214000802F02D044F4004408E017F4002F02D09E
:1021500044F4803402E0284600F0A1FB16F0080F9A
:1021600007D01AF0100F04D044F40074296810202E
:10217000C86016F0040F4FF0080707D01AF0080FD8
:1021800004D02868C760284600F0D0F916F0020F86
:1021900007D02868C06810F0030F02D0284600F06E
:1021A000C7F916F0400F07D01BF0100F04D044F40D
:1021B000806429681020086116F0200F07D01BF0FA
:1021C000080F04D028680761284600F02FFB16F09E
:1021D000100F07D02868006910F0030F02D02846BE
:1021E00000F025FB16F4003F08D019F0100F05D0C1
:1021F000296810204860284600F01AFB16F4803F3A
:1022000007D019F0080F04D028684760284600F06E
:1022100048FB16F4004F4AD019F0040F44D016F4CE
:10222000807F04D018F0010F01D044F0010416F4AF
:10223000007F04D018F0020F01D044F0020416F41D
:10224000806F04D018F0040F01D044F0040416F499
:10225000006F29D018F0700F26D008F070004028C9
:1022600015D006DC102809D020280AD0302816D135
:102270000AE050280ED0602811D10EE044F0080486
:102280000DE044F010040AE044F0200407E044F0BC
:10229000400404E044F0800401E044F480742868C1
:1022A000816921F070018161296804204860002C57
:1022B00005D0686A204368622846FFF731FEBDE812
:1022C000F09F70B50446002C03D094F8200010B1A4
:1022D00004E0012070BD204600F0A8F820680168E5
:1022E00021F00201016000F047FF054620684068C8
:1022F0004FF0050610F0020F11D000F03DFF401B1B
:102300000A2807D9606A40F40030606284F82060CF
:10231000012070BD2068406810F0020FEDD12068E8
:10232000016841F00101016000F026FF05462068C8
:10233000406810F0010F11D100F01EFF401B0A2869
:1023400007D9606A40F40030606284F820600120A0
:1023500070BD2068406810F0010FEDD0207E01288C
:102360003FD02068016821F080010160607E012873
:102370003DD02068016821F040010160A07E012865
:102380003BD02068016821F020010160E07E012837
:1023900039D02068016841F010010160207F0128D8
:1023A00037D02068016821F008010160607F0128B2
:1023B00035D02068016821F004010160E168A0685F
:1023C000626908432169114308436168491E084353
:1023D0002168C86100206062012084F8200000208C
:1023E00070BD2068016841F080010160BEE720688F
:1023F000016841F040010160C0E72068016841F0D8
:1024000020010160C2E72068016821F0100101602D
:10241000C4E72068016841F008010160C6E7206850
:10242000016841F004010160C8E700002DE9F041B6
:1024300086B00446142101A8FDF7EAFF364B374A5F
:10244000DFF8D08018682168344C03260227401C2E
:10245000103200254FF0090C414527D118600128A2
:1024600007D1106840F000701060106800F0007034
:102470000090206840F008002060206800F008000C
:1024800000900196029703950496CDF814C001A917
:10249000234800F051FD00220521142001F0A4FA88
:1024A000142001F093FA06B0BDE8F081DFF87480E3
:1024B0004145F8D1116841F080611160116801F067
:1024C000806100911860012807D1106840F0007009
:1024D0001060106800F000700090206840F002006A
:1024E0002060206800F002000090602001900297B8
:1024F00003950496CDF814C001A90B4800F01CFD0B
:1025000000220521402001F06FFA402001F05EFA20
:10251000C9E700000064004020000020303802407D
:10252000000C0240006800400004024070470000B8
:1025300030B593B00446B4492068884205D10AAB4F
:102540000CAA0021B148FFF7ECFCB1492068884291
:1025500005D101AB03AA0021AE48FFF7E2FC0C99BC
:10256000AD48B1F5017F63D008DCA1F500710139F8
:102570000DD0012926D0022923D13EE0A1F500711A
:10258000053971D001296FD00C291AD16CE001886E
:1025900001819DF829109DF8282041EA022101803F
:1025A0009DF82B109DF82A2041EA022141809DF8D8
:1025B0002D109DF82C2041EA022181809DF82E10DB
:1025C000817180E0418941829DF829109DF8282081
:1025D00041EA022141819DF82B109DF82A2041EA11
:1025E000022181819DF82D109DF82C2041EA0221C5
:1025F000C1819DF82E10017465E0818A81839DF868
:1026000029109DF8282041EA022181829DF82B1093
:102610009DF82A2041EA0221C1829DF82D109DF8E3
:102620002C2041EA022101839DF82E1081764AE098
:10263000C18BC1849DF829109DF8282041EA022110
:10264000C1839DF82B109DF82A2041EA02210184C4
:102650009DF82D109DF82C2041EA022141849DF81F
:102660002E1080F824102EE0BDF82A1000EE101A6B
:10267000F8EE400A9FED690A694980EE801AFCEE87
:10268000C10A10EE902A0A80BDF8282000EE902A98
:10269000F8EE600A9FED631AC0EE811AFDEEE10AC2
:1026A00010EE902A4A80BDF82C208A80BDF82E209A
:1026B00000EE902AF8EE600A80EE801ABCEEC10AA5
:1026C00010EE102A8A710399A1F2022105291FD266
:1026D000DFE801F0031F3B57730030F85A1F0181F8
:1026E0009DF805109DF8042041EA022101809DF823
:1026F00007109DF8062041EA022141809DF809104B
:102700009DF8082041EA022181809DF80A1081711C
:1027100074E030F8461F01819DF805109DF80420F3
:1027200041EA022101809DF807109DF8062041EA48
:10273000022141809DF809109DF8082041EA0221FC
:1027400081809DF80A10817158E030F8501F018196
:102750009DF805109DF8042041EA022101809DF8B2
:1027600007109DF8062041EA022141809DF80910DA
:102770009DF8082041EA022181809DF80A108171AC
:102780003CE0018D01869DF805109DF8042041EA8A
:10279000022101859DF807109DF8062041EA0221DB
:1027A00041859DF809109DF8082041EA02218185A4
:1027B0009DF80A1080F82E1020E030F8321F0181B9
:1027C0009DF805109DF8042041EA022404809DF83C
:1027D00007109DF8062041EA022141809DF809205A
:1027E0009DF8083042EA032282809DF80A30837106
:1027F0004589458244818181C28103740A4804F07D
:102800003DFB13B030BD0000006400407410002098
:10281000006800409C100020503F00200000C8428B
:102820009202002000007A44E402002070477047C2
:10283000704770B5044694F82000012805D0606AFE
:1028400040F400206062012070BD022084F8200066
:102850002068016821F00101016000F08DFC05464F
:102860002068406810F0010F12D000F085FC401B7A
:102870000A2808D9606A40F400306062052084F8B4
:102880002000012070BD2068406810F0010FECD1DD
:102890000020606270BD7047704770477047704796
:1028A0007047704710B50446002C02D0607910B113
:1028B00006E0012010BD00202071204600F004F841
:1028C00001206071002010BD08B5006806498842EB
:1028D00008D10648016841F480510160006800F4A5
:1028E0008050009008BD00000030024030380240A7
:1028F0002DE9F0410446A66D00F03EFC054694F833
:1029000035000027022806D08020606584F83470E6
:102910000120BDE8F0812068016821F01601016006
:102920002068416921F080014161206C08B9A06CE8
:1029300020B12068016821F0080101602068016869
:1029400021F0010101602068006810F0010F12D031
:1029500000F012FC401B052808D92020606584F88F
:102960003470032084F83500BDE8F08120680068E9
:1029700010F0010FECD194F85C003F2101FA00F057
:10298000B06084F83470012084F835000020BDE880
:10299000F08190F83510022903D080214165012093
:1029A0007047052180F835100068016821F00101A9
:1029B00001600020704700002DE9F84304464FF005
:1029C0000008CDF8008076484FF416510068B0FB3F
:1029D000F1F7A56D2E6894F85C00082101FA00F06B
:1029E000304211D02068026812F0040F0CD0026847
:1029F00022F00402026094F85C0001FA00F0A86082
:102A0000606D40F00100606594F85C004FF00109D2
:102A100009FA00F0304209D02168496911F0800FAD
:102A200004D0A860606D40F00200606594F85C100E
:102A300004208840304209D02168096811F0020F53
:102A400004D0A860606D40F00400606594F85C10EC
:102A500010208840304224D02168096811F0080F06
:102A60001FD0A8602068016811F4802F0DD0006885
:102A700010F4002F04D0A16C99B12046884710E0D3
:102A8000216C71B1204688470BE0016811F4807F0A
:102A900003D1016821F008010160216C09B12046D1
:102AA000884794F85C1020208840304251D021683B
:102AB000096811F0100F4CD0A86094F83500052873
:102AC0000DD02068016811F4802F32D0006810F416
:102AD000002F29D0E16B59B32046884739E02068A0
:102AE000016821F0160101602068416921F0800130
:102AF0004161206C08B9A06C20B12068016821F008
:102B00000801016094F85C003F2101FA00F0A86020
:102B100084F8348084F83590216D00293ED001B0CE
:102B20002046BDE8F0430847616C09B1204688475C
:102B30000FE0016811F4807F07D1016821F01001D6
:102B4000016084F8348084F83590E16B09B1204647
:102B50008847606D002821D0606D10F0010F15D0FE
:102B6000052084F835002068016821F0010101602A
:102B70000098401C0090B84204D82068006810F00B
:102B8000010FF5D184F8348084F83590E16C002988
:102B900004D001B02046BDE8F0430847BDE8F88303
:102BA000980000202DE9F041044600F0E5FA0546C2
:102BB000DCB1002684F83460022084F835002068F7
:102BC000016821F0010101602068006810F0010F28
:102BD00013D000F0D1FA401B052809D920206065E8
:102BE000032084F83500BDE8F0810120BDE8F081C4
:102BF0002068006810F0010FEBD121680868234AB3
:102C00001040A3686268D4F810C01A43E36843EA2E
:102C10000C031A4363691A43A3691A43E3691A430D
:102C2000236A1A431043626A042A03D1236BE26ABF
:102C30001A43104308602068406920F00701606A69
:102C400040EA0105012704280ED1A06A0543E06A85
:102C500050B12046FEF770FE30B14020606584F828
:102C600035700120BDE8F081206845612046FEF7FF
:102C700049FE94F85C103F2202FA01F1816066651A
:102C800084F835700020BDE8F08100003F8010F02E
:102C900070B504460025A66D94F8340001280DD0C7
:102CA000012084F8340094F835C00020BCF1010FF5
:102CB00006D084F834000225284670BD022070BD7D
:102CC0004FF0020C84F835C060652046FEF773FEB5
:102CD00094F85C003F2101FA00F0B06020680168C0
:102CE00041F016010160206C20B12068016841F0BC
:102CF000080101602068016841F001010160DBE723
:102D000070B5044600F038FA0546B4F1FF3F02D032
:102D100004480078044400F02FFA401BA042FAD384
:102D200070BD0000280900202DE9F04104460F463F
:102D3000DFF8988098F8180001280AD0012088F858
:102D400018004CF25030FEF751FF0246100003D03D
:102D500035E00220BDE8F0814FF0FF303860206898
:102D60001B4E012815D0A568E0682844A84224D944
:102D7000217C2846FEF74AFE4CF25030FEF736FF23
:102D80000246306820F0FA00306010000FD03D603D
:102D900013E0207C6168FEF78DFE4CF25030FEF7A8
:102DA00025FF0246306820F00400306005E06D1C0D
:102DB000A168E0680844A842DAD8FEF74FFE002078
:102DC00088F818001046BDE8F0810000C05B0020C4
:102DD000103C02400348016841F0004101600020BE
:102DE00070470000103C02402DE9F041064688463D
:102DF00014461D461A4F387E012807D00120387628
:102E00004CF25030FEF7F2FE18B115E00220BDE89A
:102E1000F081AEB1012E18D0022E1BD022462B46D7
:102E20004046FEF76BFE4CF25030FEF7DFFE0D49D8
:102E30000A6822F001020A6000213976BDE8F081BB
:102E4000E1B24046FEF74AFEEDE7A1B24046FEF78A
:102E50006FFEE8E721464046FEF77CFEE3E7000010
:102E6000C05B0020103C0240002008490A6812F0B4
:102E7000004F09D0074A064B1360074B13600968DF
:102E800011F0004F00D0012070470000103C0240BC
:102E900023016745043C0240AB89EFCD10B51E4CC1
:102EA00010281AD0202827D0082830D0012813D184
:102EB00011F0F6FD01280FD004F10C01206911F08A
:102EC0003FF8E068002807D014494FF080500860B0
:102ED000BFF34F8FBFF36F8F10BD607840F00100DC
:102EE0006070A07840F00100A07020790028F3D035
:102EF000BDE810400CF018BF207840F001002070B1
:102F000020790028E8D0BDE810400CF00DBFE07833
:102F100040F00100E07010BDF002002004ED00E080
:102F200010B504490A68024202D00860FFF7B6FFF4
:102F300010BD0000143C01402DE9F84F0022DFF8DD
:102F40001492DFF814A2DFF814B24FF0010E032739
:102F50004FF00F080EFA02FC0B6803EA0C036345FE
:102F60007DD10C7904F00304012C01D0022C14D182
:102F70008568540007FA04F6B543CE6806FA04F4EF
:102F80002C438460446824EA0C0C0C79C4F30014CC
:102F9000944044EA0C0CC0F804C0D1F804C037EAED
:102FA0000C0C0CD0C4684FEA420C07FA0CF5AC4389
:102FB0008D6805FA0CFC4CEA040CC0F80CC091F8C2
:102FC00004C00CF0030CBCF1020F12D14FEAD20C7A
:102FD00000EB8C04256A4FEA427C4FEADC6C08FA6D
:102FE0000CF6B5430E6906FA0CFC4CEA050CC4F865
:102FF00020C004684FEA420C07FA0CF5AC430D7987
:1030000005F0030505FA0CFC4CEA040CC0F800C0FE
:10301000D1F804C01CF0805F7DD0D9F800C04CF41A
:10302000804CC9F800C0D9F800C00CF4804CCDF831
:1030300000C022F0030C0CF1804505F59835D5F859
:1030400008C89407240F08FA04F62CEA0606A0F133
:10305000804CBCF5003C64D0A0F1804C00E05AE00C
:10306000BCF5013C60D0A0F1804CBCF5023C5ED0C8
:10307000A0F1804CBCF5033C5CD0A0F1804CBCF5C9
:10308000043C5AD0A0F1804CBCF5053C58D0A0F1CE
:10309000804CBCF5063C56D0A0F1804CBCF5073CFA
:1030A00054D04FF0080C0CFA04FC4CEA060CC5F89E
:1030B00008C8DAF800C02CEA030C4C6814F4803F0E
:1030C00001D04CEA030CCAF800C0254CD4F800C06B
:1030D0002CEA030C4D6815F4003F01D04CEA030CB8
:1030E000C4F800C0DBF800C02CEA030C4C6814F4F0
:1030F000801F01D04CEA030CCBF800C0194CD4F867
:1031000000C02CEA030C4D6815F4001F01D04CEAF6
:10311000030CC4F800C0521C102AFFF41BAFBDE81A
:10312000F88F4FF0000CBEE74FF0010CBBE74FF0FB
:10313000020CB8E74FF0030CB5E74FF0040CB2E710
:103140004FF0050CAFE74FF0060CACE74FF0070C63
:10315000A9E7000044380240003C0140083C01401F
:10316000043C01400C3C0140002A01D081617047C1
:1031700009048161704700000148806870470000C1
:103180002809002070B50446002C04D094F83D00B6
:10319000002510B106E0012070BD84F83C502046A7
:1031A00000F0E0FA242084F83D002068016821F056
:1031B000010101602068016841F40041016020685C
:1031C000016821F40041016001F0FEF9544B61688F
:1031D000994203D85349884203D304E052498842B4
:1031E00001D2012070BD5149B0FBF1F12268D2F843
:1031F00004C02CF03F0C4CEA010CC2F804C0626819
:103200009A4201D84A1C07E04FF4967251434FF49A
:103210007A72B1FBF2F14A1C2168D1F820C02CF07F
:103220003F0C42EA0C020A626168994210D84900D8
:10323000401EB0FBF1F2521CC2F30B02042A01D271
:10324000042026E0B0FBF1F0401CC0F30B0020E0AE
:10325000A268002A50D001EBC10303EB0113A0F1D7
:10326000010CBCFBF3F35B1C43F480431B051B0DFB
:103270004AD0002A4AD001EBC10202EB0111401EE4
:10328000B0FBF1F0401CC0F30B0040F4804040F470
:1032900000402168CA6922F0FF0222F44F42104325
:1032A000C861216AE06901432068026822F0C00217
:1032B00011430160E168206901432068826822F0BF
:1032C000FF0222F4034211438160A1696069014356
:1032D0002068C26822F0FF021143C16020680168C3
:1032E00041F0010101602564202084F83D00256340
:1032F00084F83E50002070BD01EB4103A0F1010CA9
:10330000BCFBF3F35B1CB1E70120C2E701EB410119
:10331000401EB0FBF1F0401CC0F30B00B7E700000B
:10332000A086010080841E0000093D0040420F007D
:103330002DE9FF4F83B004468A469346DDF844905A
:10334000DDF84080129EFFF717FF054694F83D0018
:10335000202803D007B00220BDE8F08F19230122F6
:10336000A0492046009502F027FE18B107B00220C0
:10337000BDE8F08F94F83C00012808D0012084F8C3
:103380003C002068016811F0010F04D007E007B08D
:103390000220BDE8F08F016841F001010160206862
:1033A000016821F400610160222084F83D00402082
:1033B00084F83E0000272764C4F82480A4F82A90EB
:1033C000608D20858848E062019500965A465146F6
:1033D0002046069B02F0B0FC18B107B00120BDE802
:1033E000F08F208D10B3012829D0022835D0206815
:1033F000416980690290208D002800F0E880DFF8A4
:10340000EC81208D032800F2B780012834D00228F7
:103410004AD03346002241462046009502F0CCFDBA
:1034200000286CD007B00120BDE8F08F206841690A
:1034300081690291016841F400710160DBE7206855
:10344000016821F48061016020684169816902910D
:10345000016841F400710160CDE72068016821F442
:10346000806101602068016841F4006101602068AA
:10347000416980690290BEE72A463146204602F043
:103480005CFE18B107B00120BDE8F08F206800692C
:10349000616A0870606A401C6062208D401E208551
:1034A000608D401E60858EE03346002241462046F6
:1034B000009502F081FD18B107B00120BDE8F08F42
:1034C0002068016841F40071016020680069616A48
:1034D0000870606A401C6062218D491E2185618DE3
:1034E000491E6185216809690170606A401C60623B
:1034F000208D401E2085608D401E608563E0206821
:10350000016821F48061016020680069616A0870C7
:10351000606A401C6062208D401E2085608D401EC8
:1035200060853346002241462046009502F044FD66
:1035300018B107B00120BDE8F08F2068016841F4A0
:103540000071016020680069616A0870606A401C4F
:103550006062218D491E2185618D491E618521682A
:1035600009690170606A401C6062208D401E2085E0
:10357000608D401E608526E02A463146204602F0D6
:10358000DCFD18B107B00120BDE8F08F20680069AC
:10359000616A0870606A401C6062218D491E218545
:1035A000618D491E61852268516911F0040F0AD0AE
:1035B00011690170606A401C6062208D401E208588
:1035C000608D401E6085208D00287FF41AAF20207A
:1035D00084F83D0084F83E7084F83C7007B0002009
:1035E000BDE8F08F020010000000FFFF04000100A2
:1035F0002DE9FF4F83B004468A469346DDF8449098
:10360000DDF84080129EFFF7B7FD054694F83D00B7
:10361000202803D007B00220BDE8F08F1923012233
:103620004E492046009502F0C7FC18B107B00220B1
:10363000BDE8F08F94F83C00012808D0012084F800
:103640003C002068016811F0010F04D007E007B0CA
:103650000220BDE8F08F016841F00101016020689F
:10366000016821F400610160212084F83D004020C0
:1036700084F83E0000272764C4F82480A4F82A9028
:10368000608D20853648E062019500965A46514685
:103690002046069B02F0FAFB18B107B00120BDE8F6
:1036A000F08F208D002836D02A463146204602F081
:1036B00082FD58B1206C042804D12068016841F4CF
:1036C0000071016007B00120BDE8F08F606A2168D9
:1036D00000780861606A00F1010CC4F824C0208DF4
:1036E000401E80B22085618D491E6185236859691D
:1036F00011F0040F0CD058B19CF800001861606AFA
:10370000401C6062208D401E2085608D401E6085BB
:10371000208D0028C8D12A463146204602F01EFCE2
:1037200058B1206C042804D12068016841F400716C
:10373000016007B00120BDE8F08F2068016841F406
:1037400000710160202084F83D0084F83E7084F808
:103750003C7007B00020BDE8F08F000002001000B0
:103760000000FFFF2DE9F04786B00646142101A8AE
:10377000FCF74EFE504C4F4A306800254E49032757
:1037800010344FF012084FF001094FF0040A904234
:103790001FD1086840F002000860086800F00200CD
:1037A000009038020190CDF80880CDF80C90049775
:1037B000CDF814A001A94148FFF7BEFB206840F4F2
:1037C00000102060206800F40010009006B0BDE8F2
:1037D000F0873B4A904235D1086840F020000860ED
:1037E000086800F0200000900197CDF80880CDF81F
:1037F0000C900497CDF814A001A93248FFF79CFB68
:10380000206840F480002060206800F48000009070
:103810002E4C2D4820604FF0606060604020A0601A
:10382000E560000120616561A561E561C00120627C
:1038300065622046FFF7B6F908B1FEF7E5F8746354
:10384000A663C3E7224A9042C0D1086840F0040052
:103850000860086800F004000090086840F001006B
:103860000860086800F00100009050150190CDF844
:103870000880CDF80C900497CDF814A001A9154844
:10388000FFF75AFB4FF480700190CDF80880CDF817
:103890000C900497CDF814A001A90F48FFF74CFB3A
:1038A000206840F400002060206800F400000090D0
:1038B0008CE7000000540040303802400004024011
:1038C0000058004000140240B8600240C0110020BF
:1038D000005C00400008024000000240024881688D
:1038E00002781144816070472809002010B50B4808
:1038F000016841F400710160016841F48061016078
:10390000016841F480710160032000F0A1F80F20EC
:1039100000F006F800F03EF8002010BD003C024028
:1039200010B588B0014600222D2000F05DF82D2052
:1039300000F04CF800241348016841F480710160E4
:10394000006800F48070019002A903A800F018FE3E
:1039500000F03AFE40000C49B0FBF1F1491E0C4862
:103960000A4A026040F2E732C2604160046184604A
:1039700001F028FB10B1012008B010BD044801F08F
:10398000C1FBF9E74038024040420F0000200040F0
:10399000B431002082B00C48016841F480410160DC
:1039A000006800F4804001900748001F016841F062
:1039B00080510160006800F08050019000220F21CA
:1039C000901E02B000F010B84438024000280ADB14
:1039D00000F01F01012202FA01F14009800000F10C
:1039E000E020C0F80011704710B4184B1B68C3F3F7
:1039F0000223C3F1070CBCF1040F01D94FF0040CF2
:103A00001C1D072C01D2002300E0DB1E012404FA58
:103A10000CFCACF1010C0CEA0101994004FA03F32F
:103A20005B1E1A401143002806DB00F1E02009016B
:103A300080F8001410BC704700F00F0000F1E02087
:103A4000090180F8141D10BC704700000CED00E067
:103A500000F00700064A11684FF6FF03194041EADB
:103A6000002040F0FD7040F0806010607047000062
:103A70000CED00E07047006841620020704730B4F0
:103A80000368586A00291BD0D3F828C000EB1C4CEF
:103A900000200129A1F101014FF4827408D004EB48
:103AA00080055D590CEB154C401CC0B28842F6D322
:103AB00004EB81014CEA0240585030BC00207047B2
:103AC00040EA02409862F8E7D0F8040406F0CFBC60
:103AD000C1EBC10200EB8202D0F80404926C06F044
:103AE00031BCC1EBC10200EB8202D0F80404D2F871
:103AF000082206F085BCD0F8040406F0BABC70B504
:103B0000044611F0800F01F00F00C0EBC00104EB80
:103B100081014FF001024FF0000502D03C314A70A4
:103B200002E001F5FE714D70087094F8BC030128A5
:103B300008D084F8BC23206807F0C0F884F8BC5390
:103B4000002070BD022070BD70B5044601F00F0268
:103B50006068824201D9012070BD01F00F00C0EB06
:103B6000C00011F0800F04EB80004FF001034FF014
:103B7000000503D000F13C014B7002E000F5FE713E
:103B80004D708D700A7094F8BC03012808D084F839
:103B9000BC33206807F0A4FA84F8BC53002070BD41
:103BA000022070BD01F00F01C1EBC10100EB8100EB
:103BB000D0F81402704770B5044611F0800F01F080
:103BC0000F00C0EBC00104EB81014FF0010C4FF07E
:103BD000000503D03C3181F801C002E001F5FE711F
:103BE0004D7008708A60CB704A7802B1C880022B91
:103BF00000D10D7194F8BC03012808D084F8BCC32F
:103C0000206806F0A1FF284684F8BC5370BD02204E
:103C100070BD10B50C4604F00F0CCCEBCC0100EBE2
:103C2000810101F5FE71CA604B6100238B614B700D
:103C300081F800C00369012B00D10A6114F00F0F55
:103C400005D0027C006807F0A6FA002010BD027CB7
:103C5000006807F07FF9F8E770B504460D46616823
:103C600005F00F00884201D9012070BD15F0800FCA
:103C70004FF000064FF0010206D0C0EBC00104EB8C
:103C800081013C314A7006E0C5EBC50104EB8101BE
:103C900001F5FE714E708A70087094F8BC0301281B
:103CA00008D084F8BC23206807F046FA15F00F0FFF
:103CB00002D007E0022070BD217C04F571722068FB
:103CC00007F0DEF984F8BC63002070BD10B50C4627
:103CD00004F00F0CCCEBCC0100EB81013C31CA604D
:103CE0004B6100238B6101234B7081F800C0036995
:103CF000012B00D10A6114F00F0F05D0027C00687F
:103D000007F049FA002010BD027C006807F022F994
:103D1000F8E72DE9F05F04462568284607F08CFB9C
:103D200000287DD1206807F0B3FB002878D02068F8
:103D300007F0AEFB10F0020F04D02068416901F0DB
:103D400002014161206807F0A3FB10F0100F36D08C
:103D50002068816921F0100181612F6A07F00F004E
:103D6000C0EBC00004EB800000F5FE76C7F34340D3
:103D7000022802D0062812D01CE047F6F070074255
:103D800018D0C7F30A1217462846F16807F084FBDB
:103D9000F0683844F060B0693844B0610AE0082245
:103DA00004F57171284607F077FBB069C7F30A1173
:103DB0000844B0612068816941F010018161206888
:103DC00007F066FB10F4002F4FF001094FF0080ACE
:103DD0004FF0100B45D00026206807F038FB8046D6
:103DE0005FEA08003DD018F0010F34D0F1B220682E
:103DF00007F046FB074617F0010F07D005EB46100A
:103E0000C0F8089B3146204603F0F2F817F0080F7F
:103E100009D005EB4610C0F808AB3146204600E05B
:103E200090E103F0C1F817F0100F03D005EB461036
:103E3000C0F808BB17F0200F04D005EB4611202076
:103E4000C1F8080B17F4005F05D005EB46114FF4DD
:103E50000050C1F8080B761C4FEA5808B8F1000F63
:103E6000C1D1206807F014FB10F4802F63D02068C4
:103E700007F0E6FA80460026B8F1000F5BD018F094
:103E8000010F52D0F1B2206807F0E8FA074617F0A8
:103E9000010F25D006F00F0009FA00F0D5F834180C
:103EA00021EA0000C5F8340805EB4610C0F808996F
:103EB0002069012810D1C6EBC60004EB8000426CDB
:103EC000816C114481643EB9206D28B904F571728A
:103ED0000121206807F0D4F8F1B22046FFF7F8FD81
:103EE00017F0080F03D005EB4610C0F808A917F02B
:103EF000100F03D005EB4610C0F808B917F0400FBB
:103F000004D005EB46114020C1F8080917F0020F54
:103F100004D005EB46110220C1F8080917F0800F04
:103F200003D03146204603F0D9F8761C4FEA5808F2
:103F3000B8F1000FA3D1206807F0AAFA10F0004FE3
:103F400011D0D5F8040820F00100C5F8040894F851
:103F5000F403012867D0204600F0F7F92068416992
:103F600001F000414161206807F092FA10F4006FFF
:103F70000CD0D5F8080810F0010F02D0204600F050
:103F800029FA2068416901F400614161206807F065
:103F90007FFA10F4805F6CD0D5F8040820F001009F
:103FA000C5F804081021206807F022FA0021606893
:103FB000002823D94FF67F3205EB4110C0F80829BD
:103FC000D0F8003923F40013C0F80039D0F80039D4
:103FD00043F00063C0F80039C0F8082BD0F8003B6C
:103FE00023F40013C0F8003BD0F8003B43F000631B
:103FF000C0F8003B491C60688842DDD8D5F81C0831
:1040000040F00110C5F81C08206BA0B1D5F8840859
:1040100040F00B00C5F88408D5F8440840F00B00C8
:10402000C5F8440814E0002084F8F4030021204679
:10403000FFF720FD92E7D5F8140842F22B01084360
:10404000C5F81408D5F8100840F00B00C5F81008A2
:10405000D5F8000820F4FE60C5F80008217C04F5BE
:104060007172206807F00CF82068416901F48051F2
:104070004161206807F00CFA10F4005F16D0206848
:1040800006F0B0FD206807F0C7F9E06000F096FA8E
:1040900023680146227B184607F040FA204600F0CC
:1040A0003DF92068416901F400514161206807F041
:1040B000EFF910F0080F07D0204600F04AF9206809
:1040C000416901F008014161206807F0E1F910F44D
:1040D000801F08D00021204600F036F82068416992
:1040E00001F480114161206807F0D2F910F4001F3B
:1040F00008D00021204600F02BF82068416901F427
:1041000000114161206807F0C3F910F0804F07D01B
:104110002046FFF7D9FC2068416901F080414161E8
:10412000206807F0B5F910F0040F0BD0206845683F
:1041300015F0040F02D02046FFF7DDFC206841682F
:1041400029434160BDE8F09FD0F8040406F0E2B9CD
:10415000D0F8040406F0EFB92DE9F0478AB0044620
:10416000002C05D0266894F8BD03002520B108E096
:104170000AB00120BDE8F08784F8BC53204600F067
:104180008BF8032084F8BD03F06B10F4807F00D11E
:104190002561206806F0D8FE04F11000D4F82C80C8
:1041A00090E80F10A76A666A8DE80F10CDF81C80A2
:1041B00006970596616B206B0991089094E80F00B3
:1041C00006F01EFD022728B184F8BD730AB0012055
:1041D000BDE8F0870021206807F070F900216068D1
:1041E0000126002813D9C1EBC10004EB800080F840
:1041F0003D6080F83C10A0F8421080F83F504564C4
:1042000085640565481CC1B260688842EBD800210E
:104210006068002814D9C1EBC10004EB800080F86D
:10422000FD5180F8FC1180F8FF51C0F80452C0F82D
:104230000852C0F81052481CC1B260688842EAD8DF
:1042400004F11000D4F82CA090E80F10D4F82890B6
:10425000D4F824808DE80F10CDF81CA0CDF818906C
:10426000CDF81480616B206B0991089094E80F00E1
:1042700006F0AEFD28B184F8BD730AB00120BDE898
:10428000F08784F8385084F8BD63206806F092FD0A
:104290000AB00020BDE8F08710B586B004461421AE
:1042A00001A8FCF7B5F82068B0F1A04F2FD100218C
:1042B0001848026842F001020260006800F0010044
:1042C00000904FF4C050019002200290039103200F
:1042D00004900A20059001A90F48FEF72DFE0D4815
:1042E000001D016841F0800101600A481430016836
:1042F00041F480410160006800F480400090002299
:1043000005214320FFF770FB4320FFF75FFB06B05A
:1043100010BD0000303802400000024070B5044675
:104320000125E06800280ED0022801D0FDF76CFBC3
:104330002946D4F8040406F06DF9D4F80404BDE865
:10434000704006F01EB90025F2E7D0F8040406F02C
:1043500046B9D0F8040406F04CB910B5044694F8F8
:10436000BC0301280BD0012084F8BC0384F838106A
:10437000206807F0BBF8002084F8BC0310BD0220C1
:1043800010BDD0F8042400F57171104606F04EB946
:1043900010B50446206894F8BC13012906D0012109
:1043A00084F8BC13A16A012902D008E0022010BDE4
:1043B000A169012903D0816B41F4803181632068B8
:1043C00006F0FDFF206806F0E7FC002084F8BC033F
:1043D00010BD000010B50446D4F8040406F068F9D6
:1043E0002068D0F8001E41F00101C0F8001E206ACC
:1043F000002804D00248016841F00601016010BDA8
:1044000010ED00E02DE9F04704460D46002C13D0D6
:10441000DFF85491D9F80000EFB200F00700A8428D
:104420000DD289F80070D9F8000000F00700A8420A
:1044300005D00120BDE8F0870120BDE8F0872068A5
:104440004A4E10F0020F14D010F0040F03D0306861
:1044500040F4E0503060207810F0080F03D030684E
:1044600040F4604030603068A16820F0F0000843FC
:104470003060207810F0010F3ED060683C49012880
:1044800008D002280DD003280BD0096811F0020FC4
:1044900028D00AE0096811F4003F06D10120BDE8E8
:1044A000F087096811F0007F19D0316821F003010D
:1044B00008433060FEF760FE80463068616800F0B7
:1044C0000C00B0EB810F17D041F2883AFEF754FE92
:1044D000A0EB0800504508D90320BDE8F087012073
:1044E000BDE8F0870120BDE8F0873068616800F022
:1044F0000C00B0EB810FE9D1D9F8000000F0070003
:10450000A8420AD989F80070D9F8000000F0070025
:10451000A84202D00120BDE8F087207810F0040FF7
:1045200005D03068E16820F4E0500843306020781E
:1045300010F0080F06D03068216920F4604040EA8E
:10454000C100306000F060F831680A4AC1F303111D
:10455000515CC8400849086008480068FFF7E0F966
:104560000020BDE8F0870000003C0240083802400F
:1045700000380240384F0108980000202C09002024
:104580000F2202600B4A136803F0030343601368B1
:1045900003F0F0038360136803F4E053C360126810
:1045A00002F46042D20802610348006800F007008C
:1045B0000860704708380240003C0240014800682B
:1045C000704700009800002000B5FFF7F7FF04498E
:1045D0000968044AC1F38221515CC84000BD000053
:1045E00008380240484F010800B5FFF7E7FF0449CB
:1045F0000968044AC1F34231515CC84000BD000063
:1046000008380240484F010810B51748006810F0FC
:104610000C01164816D0164B042912D0082911D1C6
:10462000144C216801F03F02216811F4800F0AD078
:104630002068C0F38810A0FB03010023FBF798FE5D
:1046400009E0184610BD21680023C1F38811A1FBC1
:104650000001FBF78DFE2168C1F30141491C4900AF
:10466000B0FBF1F010BD0000083802400024F40057
:10467000001BB700043802402DE9F84F0446002C17
:1046800012D02078FB4E10F0010FA6F1040563D084
:10469000301D016801F00C0104290CD0006800F005
:1046A0000C00082803D010E00120BDE8F88F306826
:1046B00010F4800F09D0286810F4003F4CD06068D7
:1046C000002849D10120BDE8F88F6068B0F5803F2F
:1046D00014D0B0F5A02F16D0286820F480302860C0
:1046E000286820F480202860606810B3FEF744FD3D
:1046F0000746286810F4003F0ED02DE0286840F4EB
:1047000080302860F0E7286840F48020286028681E
:1047100040F480302860E7E7FEF72EFDC01B6428D8
:1047200002D90320BDE8F88F286810F4003FF3D0C9
:1047300012E0FEF721FD0746286810F4003F0BD079
:10474000FEF71AFDC01B642802D90320BDE8F88FCC
:10475000286810F4003FF3D12078C74F10F0020F03
:104760004FF0000957D0C548016811F00C0F14D064
:10477000006800F00C00082803D1306810F4800FA6
:104780000BD0E06880B301203860FEF7F5FC80466E
:10479000286810F0020F12D01EE0286810F0020FF7
:1047A00005D0E068012802D00120BDE8F88F286814
:1047B000216920F0F80040EAC10028602BE0FEF7F4
:1047C000DBFCA0EB0800022802D90320BDE8F88F2B
:1047D000286810F0020FF2D02868216920F0F80054
:1047E00040EAC100286016E0FFE7C7F80090FEF736
:1047F000C3FC8046286810F0020F0CD0FEF7BCFC0A
:10480000A0EB0800022802D90320BDE8F88F286831
:1048100010F0020FF2D1207810F0080F35D0984830
:10482000DFF860A26169C1B101210160FEF7A4FC5B
:104830008046DAF8000010F0020F26D1FEF79CFC4B
:10484000A0EB0800022802D90320BDE8F88FDAF8AF
:10485000000010F0020FF1D017E0C0F80090FEF752
:104860008BFC8046DAF8000010F0020F0DD0FEF746
:1048700083FCA0EB0800022802D90320BDE8F88FD2
:10488000DAF8000010F0020FF1D1207810F0040FD8
:1048900071D04FF000087C48006810F0805F0AD1AA
:1048A0007948016841F080510160006800F0805053
:1048B00000904FF00108DFF8D4B1DBF8000010F4ED
:1048C000807F1BD1DBF8000040F48070CBF8000043
:1048D000FEF752FC8246DBF8000010F4807F0DD119
:1048E000FEF74AFCA0EB0A00022802D90320BDE82B
:1048F000F88FDBF8000010F4807FF1D0A068DFF8BB
:1049000090B1012818D005281DD0DBF8000020F058
:104910000100CBF80000DBF8000020F00400CBF829
:104920000000A06840B3FEF727FC8246DBF80000D9
:1049300010F0020F14D03EE0DBF8000040F0010060
:10494000CBF80000EDE7DBF8000040F00400CBF806
:104950000000DBF8000040F00100CBF80000E0E7C9
:10496000FEF70AFCA0EB0A0141F28830814204D92B
:104970000320BDE8F88F26E005E0DBF8000010F02A
:10498000020FEDD017E0FEF7F7FB8246DBF80000E0
:1049900010F0020F0FD0FEF7EFFBA0EB0A0141F27F
:1049A0008830814202D90320BDE8F88FDBF800008F
:1049B00010F0020FEFD1B8F1010F04D132480168B5
:1049C00021F080510160A069F0B32C4909684FF0D3
:1049D000FF3801F00C01082966D0022810D0C7F872
:1049E0006090FEF7C9FB0446286810F0007F2BD0CA
:1049F000FEF7C2FB001B022851D90320BDE8F88F47
:104A0000C7F86090FEF7B8FB8146286810F0007F79
:104A10000CD0FEF7B1FBA0EB0900022802D903205D
:104A2000BDE8F88F286810F0007FF2D1216AE069B4
:104A3000A26A0843616A08EB5202890141EA024115
:104A4000084394F82C1000E055E040EA0160306023
:104A500001203866FEF790FB0446286810F0007FBE
:104A600049D1FEF789FB001B022813D90320BDE8BA
:104A7000F88F000004380240000047420838024026
:104A8000800E4742743802404038024000700040B7
:104A900070380240286810F0007FE2D02BE02868D0
:104AA00010F0007FA4D126E0012822D03068E2690E
:104AB00000F4800191421AD1226A00F03F01914234
:104AC00015D147F6C071626A0140B1EB821F0ED169
:104AD000A26A00F4403108EB5202B1EB024F06D15A
:104AE00094F82C1000F07060B0EB016F03D001203F
:104AF000BDE70120BBE70020B9E770B50446002CF4
:104B000009D0606A002540B125616561A56294F80D
:104B1000510040B10CE0012070BD6068B0F5827FAB
:104B2000F4D0E561F2E784F85050204600F044F8F4
:104B3000022084F851002068016821F040010160E2
:104B4000A088218900F4827001F404410843A189FE
:104B500001F400610843217C01F002010843217D3A
:104B600001F001010843218B01F400710843217F0A
:104B700001F03801084394F8201001F08001084347
:104B8000218D01F40051084321680860A1690420C7
:104B900000EA114094F8241001F01001014320684C
:104BA00041602068C16921F40061C161656501202F
:104BB00084F85100002070BD2DE9F04387B0054610
:104BC000142102A8FBF724FC3949286888426CD1DB
:104BD00000263848016841F480510160006800F403
:104BE0008050019033481438016841F0020101609F
:104BF000016801F002010191016841F001010160C9
:104C0000006800F001000190182002904FF00208A7
:104C1000CDF80C804FF00109CDF8109003240594D5
:104C20000527069702A92448FEF786F980200290FE
:104C3000CDF80C80CDF810900594069702A91F4876
:104C4000FEF77AF91F4C1E4820604FF0C068C4F888
:104C50000480A660E660071527616661A661E661CB
:104C60004FF44030206266622046FDF79BFF08B19A
:104C7000FCF7CAFEEC64A5631148124C183060348E
:104C80002060C4F804804020A060E660276166616F
:104C9000A661E661C002206266622046FDF782FFDF
:104CA00008B1FCF7B1FEAC64A56307B0BDE8F083C2
:104CB000003001404438024000040240000002403D
:104CC00040640240781200202DE9F84F04460A9E05
:104CD0008A4693461F4601254FF0000894F850007D
:104CE00001280ED0012084F85000FEF745FA8146D5
:104CF00094F85100616801280ED0B1F5827F07D188
:104D000002E00220BDE8F88FA16809B9042803D0A9
:104D10004FF0020800F0CBB8BAF1000F1DD0BBF184
:104D2000000F1AD0380018D094F85100042802D08F
:104D3000052084F8510000206065C4F838B0E7878A
:104D4000A787C4F830A0E786A7862064606420683F
:104D5000016811F0400F03D006E04FF00108A6E013
:104D6000016841F040010160E068B0F5006F05D0D6
:104D70006068002848D0012F46D07EE0606808B106
:104D8000012F3AD1206B21680088C860206B801CFD
:104D90002063E08E401EE0862FE02068816811F0DD
:104DA000020F0DD0E18E59B1012D09D1216B098877
:104DB000C160206B801C2063E08E401EE0860025D1
:104DC0002068816811F0010F0BD0E18F49B1C068F4
:104DD000A16B0880A06B801CA063E08F401EE08761
:104DE0000125FEF7C9F9A0EB0900B04205D3B6F1E1
:104DF000FF3F02D04FF0030859E0E08E0028CCD1ED
:104E0000E08F0028C9D13EE0206B2168007808734C
:104E1000206B401C2063E08E401EE0862DE0206861
:104E2000816811F0020F0DD0E18E59B1012D09D129
:104E3000216B09780173206B401C2063E08E401EBB
:104E4000E08600252068816811F0010F0BD0E18F0A
:104E500049B1C068A16B0870A06B401CA063E08FD3
:104E6000401EE0870125FEF787F9A0EB0900B0425C
:104E700002D3B6F1FF3F11D186B1E08E0028CED12A
:104E8000E08F0028CBD14A463146204603F060FF30
:104E900038B14FF001082020606508E04FF00308AA
:104EA00005E0A06818B92068C168806800900120FA
:104EB00084F85100002084F850004046BDE8F88F87
:104EC0007047704790F83C20012A2CD0012280F8CE
:104ED0003C20CA680023D1F808C022F4407242EA9C
:104EE0000C02D1F804C022F4806242EA0C02D1F82C
:104EF00000C022F4006242EA0C02D1F810C022F491
:104F0000805242EA0C02D1F814C022F4005242EA64
:104F10000C02C96922F4804211430268516480F88E
:104F20003C30002070470220704730B490F83C209D
:104F3000012A44D0012480F83C40022280F83D2020
:104F40000268D2F804C093682CF0700C0D6845EA32
:104F50000C0CC2F804C00268A2F1804CBCF5803C85
:104F600020D0B2F1804F1DD0A2F1804CBCF5806CF6
:104F700018D0A2F1804CBCF5006C13D0A2F1804C8B
:104F8000BCF5406C0ED0A2F1804CBCF5823C09D03F
:104F9000A2F1804CBCF5A03C04D0A2F1804CBCF541
:104FA000C05C04D123F0800349681943916080F804
:104FB0003D40002180F83C1030BC0020704730BCE0
:104FC0000220704710B50446002C03D094F83D0031
:104FD00010B107E0012010BD002084F83C002046FD
:104FE00000F01EF8022084F83D00211D206804F026
:104FF00095F8012084F8460084F83E0084F83F00CC
:1050000084F8400084F8410084F8420084F84300AA
:1050100084F8440084F8450084F83D00002010BD69
:1050200008B50068134A1449904208D1086840F056
:1050300001000860086800F00100009008BD0F4AF8
:1050400090420AD10C48001F016841F0080101603C
:10505000006800F00800009008BD094A9042FBD1AA
:10506000086840F400300860086800F400300090E0
:1050700008BD00000000014044380240000C004020
:105080000044014090F83D10012901D001207047F3
:10509000022180F83D100068A0F18041B1F5803117
:1050A00026D0B0F1804F23D0A0F18041B1F58061CE
:1050B0001ED0A0F18041B1F5006119D0A0F180416E
:1050C000B1F5406114D0A0F18041B1F582310FD02B
:1050D000A0F18041B1F5A0310AD0A0F18041B1F535
:1050E000C05105D0016841F0010101600020704706
:1050F000816801F007010629F8D0016841F001013B
:105100000160F3E790F83D10012901D001207047BC
:10511000022180F83D100168CA6842F00102CA60AD
:105120000068A0F18041B1F5803126D0B0F1804F08
:1051300023D0A0F18041B1F580611ED0A0F1804163
:10514000B1F5006119D0A0F18041B1F5406114D0F2
:10515000A0F18041B1F582310FD0A0F18041B1F5CD
:10516000A0310AD0A0F18041B1F5C05105D001684D
:1051700041F00101016000207047816801F00701E2
:105180000629F8D0016841F001010160F3E770B52C
:10519000044694F83C00012818D0012584F83C50BE
:1051A000022084F83D002068826822F0770222F411
:1051B0007F4282600868502832D00EDC20284DD013
:1051C00006DC00284AD010284DD147E0022070BDEF
:1051D000302843D0402846D136E060282AD07028B5
:1051E00006D0B0F5805F3ED0B0F5005F3BD10BE05C
:1051F000CB684A688968206804F005F820688168EF
:1052000041F0770181602EE0CB684A6889682068A8
:1052100003F0F9FF2068816841F48041816022E059
:10522000CA684968206804F0DDF85021206803F05E
:10523000F5FF18E0CA684968206804F0E6F86021C4
:10524000206803F0EBFF0EE0CA684968206804F0AC
:10525000C9F84021206803F0E1FF04E0226801461C
:10526000104603F0DBFF84F83D50002084F83C003A
:1052700070BD704770B50446206801694FF00005A5
:1052800011F0020F17D0C16811F0020F13D0E91E00
:105290000161012020772068806910F0030F03D09E
:1052A0002046FFF7E6FF05E0204600F023F9204600
:1052B00000F0B9F925772068016911F0040F18D0C2
:1052C000C16811F0040F14D06FF0040101610220D5
:1052D00020772068806910F4407F03D02046FFF7D4
:1052E000C8FF05E0204600F005F9204600F09BF9D4
:1052F00025772068016911F0080F18D0C16811F0F6
:10530000080F14D06FF00801016104202077206895
:10531000C06910F0030F03D02046FFF7AAFF05E095
:10532000204600F0E7F8204600F07DF92577206858
:10533000016911F0100F18D0C16811F0100F14D0CE
:105340006FF010010161082020772068C06910F417
:10535000407F03D02046FFF78CFF05E0204600F099
:10536000C9F8204600F05FF925772068016911F03F
:10537000010F09D0C16811F0010F05D06FF00101D4
:105380000161204600F0BEF92068016911F0800F2C
:1053900009D0C16811F0800F05D06FF08001016164
:1053A0002046FFF78DFD2068016911F0400F09D0FC
:1053B000C16811F0400F05D06FF040010161204637
:1053C00000F0AAF92068016911F0200F0BD0C16824
:1053D00011F0200F07D06FF0200101612046BDE8D9
:1053E0007040FFF76EBD70BDF0B587B00446142164
:1053F00002A8FBF70DF8374A206800263649022438
:105400000125904220D1086840F01000086008682B
:1054100000F0100001904FF4C040029003940496F5
:10542000059606952D4F02A93846FDF785FD4FF4E8
:1054300020600290039404960594069502A93846CC
:10544000FDF77AFD07B0F0BD254A904222D10868E9
:1054500040F080000860086800F0800001904FF480
:10546000E0500290039404950594069402A91D4807
:10547000FDF762FD1C48FFF705FE00211A4800F009
:10548000D3F80421184800F0CFF80821164800F09E
:10549000CBF8D7E7154A9042D4D1086840F02000F5
:1054A0000860086800F020000190402002900394FA
:1054B000049505940320069002A90D48FDF73CFDD4
:1054C00009484830FFF7DEFD07480021483000F06A
:1054D000ABF8B7E70000014030380240001002404E
:1054E000000C0040001C02408013002000440140DA
:1054F00000140240704770B504460D4694F83C0015
:1055000001280AD0012084F83C0042B1042A1AD0B4
:10551000082A2DD00C2A53D13EE0022070BD294626
:10552000206803F083FE2068816941F008018161F1
:105530002068816921F004018161206881692A69FC
:10554000114381613CE02946206803F0A7FE2068F2
:10555000816941F4006181612068816921F4806181
:105560008161206881692A6941EA0221816127E01D
:105570002946206803F0CEFE2068C16941F0080189
:10558000C1612068C16921F00401C1612068C1695D
:105590002A691143C16113E02946206803F0F6FE31
:1055A0002068C16941F40061C1612068C16921F4CA
:1055B0008061C1612068C1692A6941EA0221C16133
:1055C000002084F83C0070BD10B50446002C03D0C8
:1055D00094F83D0010B107E0012010BD002084F8D0
:1055E0003C00204600F01EF8022084F83D00211DFA
:1055F000206803F093FD012084F8460084F83E0003
:1056000084F83F0084F8400084F8410084F84200A8
:1056100084F8430084F8440084F8450084F83D0091
:10562000002010BD7047704710B50446002909D00E
:1056300004290AD008290BD094F8410001280AD087
:10564000012010BD94F83E00F8E794F83F00F5E71C
:1056500094F84000F2E70220D9B3042947D0082982
:1056600048D084F841000122206803F0BDFD234AA0
:1056700020682349904201D0884203D1436C43F40F
:10568000004343642068904224D0B0F1804F21D081
:10569000A0F18042B2F580621CD0A0F18042B2F548
:1056A000006217D0A0F18042B2F5406212D0884269
:1056B00010D0A0F18041B1F5A0310BD0A0F1804114
:1056C000B1F5C05106D0016841F001010160002030
:1056D00010BD09E0816801F007010629F7D00168D3
:1056E00041F001010160F2E784F83E00BBE784F875
:1056F0003F00B8E784F84000B5E700000000014033
:105700000004014000680349884201D1FEF7E6B871
:10571000704700000020004070477047704700004D
:10572000F8B5044622681068D168536900F00F0C80
:10573000BCF1000F0AD110F0200F07D011F0200F9C
:1057400004D02046BDE8F84003F024BF0025BCF19A
:10575000000F6DD003F0010C01F490765CEA0606B0
:1057600066D010F0010F06D011F4807F03D0226CB8
:1057700042F00102226410F0040F06D013F0010F72
:1057800003D0226C42F00202226410F0020F06D015
:1057900013F0010F03D0226C42F00402226410F0D7
:1057A000080F08D001F0200252EA0C0203D0226C4C
:1057B00042F008022264226C002A2FD010F0200F41
:1057C00005D011F0200F02D0204603F0E3FE206840
:1057D0004069C0F38010216C11F0080F00D110B3A4
:1057E000204603F0A9FE2068416911F0400F16D051
:1057F000416921F040014161A06B60B147490165F9
:10580000A06BFDF7C6F8002808D0A06B016D01B0B1
:10581000BDE8F04008472046FFF780FFF8BD20466E
:10582000FFF77CFFF8BD2046FFF778FF2564F8BD41
:10583000236B012B5CD110F0100F59D011F0100F19
:1058400056D010685068009050694FF0200310F057
:10585000400F2FD0A16B0868406880B20028E6D0C6
:10586000B4F82CC08445E2D9E085C869B0F5807FE2
:1058700018D0D06820F48070D0602068416921F091
:10588000010141612068416921F04001416184F8D2
:105890003E3025632068C16821F01001C160A06B13
:1058A000FDF726F8A08DE18D401A81B22046FFF762
:1058B00034FFF8BDA08DE18D401A81B2E08D002843
:1058C000F7D00029F5D0D06820F49070D06020681F
:1058D000426922F00102426184F83E30256320686B
:1058E000C26822F01002C2602046FFF716FFF8BD22
:1058F00010F0800F07D011F0800F04D02046BDE8D3
:10590000F84003F059BF10F0400FF0D011F0400FF5
:10591000EDD02046BDE8F84003F026BE2F940008E5
:1059200070B50446002C04D094F83D00002510B159
:1059300006E0012070BD84F83C50204600F022F8BB
:10594000242084F83D002068C16821F40051C16022
:10595000204603F079FE2068016921F4904101613D
:105960002068416921F02A0141612068C16841F441
:105970000051C1602564202084F83D0084F83E0079
:10598000002070BD2DE9F04F87B00446142102A815
:10599000FAF73EFD9C489B4F143823689A4A02212F
:1059A000002506154FF003084FF0070A4FF0400B93
:1059B0004FF00069BB426CD1136843F010031360D1
:1059C000126802F010020192026842F002020260C4
:1059D000026802F002020192026842F001020260D3
:1059E000006800F001000190802002900F460391B2
:1059F0000495CDF81480CDF818A002A98348FDF7CE
:105A00009BFA7010029003970495CDF81480CDF89E
:105A100018A002A97E48FDF78FFA7F4F7D483860B5
:105A2000C7F80490C7F808B0FD603E617D61BD61B4
:105A3000FD614FF48038C7F820807D623846FDF75D
:105A4000B1F808B1FBF7E0FF6763BC637148724FC0
:105A5000303860373860C7F80490BD60FD603E6143
:105A60007D61BD61FD61C7F820807D623846FDF72C
:105A700099F808B1FBF7C8FFA763BC6300220521B2
:105A80002520FDF7B1FF2520FDF7A0FF07B0BDE8F9
:105A9000F08FDFF888C14FF4003763454AD15A4A86
:105AA000121F136843F480231360126802F48022EB
:105AB0000192026842F004020260006800F00400F3
:105AC00001904FF44060029003910495CDF814804A
:105AD000CDF818A002A95248FDF72EFADFF8388158
:105AE000504808F1C008C8F80000C8F80490C8F889
:105AF0000850C8F80C50C8F81060C8F81450C8F81E
:105B00001850C8F81C50C8F82070C8F824504046F7
:105B1000FDF748F808B1FBF777FFC4F83880C8F8FC
:105B20003840002205212720FDF75EFF2720FDF7E2
:105B30004DFFABE7DFF8F0C06345A7D1136843F032
:105B400020031360126802F020020192026842F002
:105B500040020260006800F0400001904FF4844071
:105B6000029003910495CDF814800820069002A9B4
:105B70002E48FDF7E1F92748DFF8B4809038C8F8DF
:105B800000004FF02069C8F80490C8F80850C8F821
:105B90000C50C8F81060C8F81450C8F81850C8F86D
:105BA0001C50C8F82070C8F824504046FCF7FAFF93
:105BB00008B1FBF729FFC4F83880C8F83840154809
:105BC0001B4F183860373860C7F80490C7F808B022
:105BD000FD603E617D61BD61FD614FF480303862E2
:105BE0007D623846FCF7DEFF08B1FBF70DFF676307
:105BF000BC63002205214720FDF7F6FE4720FDF794
:105C0000E5FE43E700100140443802400004024032
:105C100000000240B8640240DC140020004800404C
:105C200000080240286002400014014000180240B1
:105C3000FC15002090F83E30202B01D00220704748
:105C400059B152B190F83C30012B08D0012380F8B3
:105C50003C300023036303F075BD01207047022030
:105C6000704770477047000037B5044694F83D0010
:105C7000202802D003B0022030BD0199002932D083
:105C8000002A30D094F83C0001282FD0012084F85D
:105C90003C002162A284E28400252564212084F84E
:105CA0003D00636B1348D863636B13481864636BE0
:105CB0001248D864606B056520681346001DD4F84F
:105CC00034C002466046FCF7E3FF21686FF04000F5
:105CD000086084F83C502068416941F080014161CE
:105CE00003B0002030BD03B0012030BD03B002205E
:105CF00030BD0000FF9400082F9500083F94000875
:105D000070477047FEE701684A6912F4806F11D04E
:105D10006FF480624A6100210163202280F83D20F7
:105D200080F83E10026C42F00402026480F83C10DD
:105D300001207047002070472DE9F84F0446DDF838
:105D400028A00B9D0F4690461E462068016841F42E
:105D5000806101602068016841F4807101605346F0
:105D600000224FF001112046009500F025F94FF474
:105D7000007948B12068006810F4807F01D0C4F831
:105D800040900320BDE8F88F216807F0FE0008610D
:105D9000DFF8F4B02B4652465946204600F066F92B
:105DA00010B10120BDE8F88F20684169806900903A
:105DB0002A465146204600F0FEF950B1206C0428D6
:105DC00004D12068016841F4007101600120BDE840
:105DD000F88F304608F0FF0601280DD021684FEA01
:105DE000182008612A465146204600F0E4F970B1B7
:105DF000206C042803D007E02068066109E02068D1
:105E0000016841F4007101600120BDE8F88F20684D
:105E100006612A465146204600F0CDF950B1206C6B
:105E2000042804D12068016841F400710160012058
:105E3000BDE8F88F2068016841F480710160534625
:105E400000224FF001112046009500F0B5F848B14E
:105E50002068006810F4807F01D0C4F840900320CF
:105E6000BDE8F88F2168F8B240F0010008612B46C8
:105E700052465946204600F0F9F810B10120BDE81D
:105E8000F88F0020BDE8F88F020001002DE9F843EB
:105E90000446DDF82090099F0D4616469846206876
:105EA000016841F4807101604B4600224FF00111FE
:105EB0002046009700F080F850B12068006810F488
:105EC000807F02D04FF4007020640320BDE8F88387
:105ED000216805F0FE0008613B464A461E492046FF
:105EE00000F0C4F810B10120BDE8F88320684169D2
:105EF000806900903A464946204600F05CF950B16E
:105F0000206C042804D12068016841F4007101600C
:105F10000120BDE8F883F5B2B8F1010F0CD021687B
:105F2000300A08613A464946204600F044F970B10B
:105F3000206C042803D007E02068056109E0206890
:105F4000016841F4007101600120BDE8F883206818
:105F500005610020BDE8F8830200010070B5044629
:105F60000D4616462068406910F0040F13D12046F4
:105F7000FFF7C9FE08B1012070BDB5F1FF3F05D0A4
:105F8000FDF7FAF8801BA84207D835B120684069B0
:105F900010F0040FEBD0002070BD00202063202102
:105FA00084F83D1084F83E00216C41F0200121640A
:105FB00084F83C00012070BD2DE9F0470446DDF86F
:105FC00020900D4617461E46C5F307482068B8F1D5
:105FD000010F22D0806925EA00000004000C26D0C1
:105FE0000020B84216D1B6F1FF3F06D0FDF7C4F845
:105FF000A0EB0900B0421CD8DEB1B8F1010F28D0E7
:106000002068806925EA00000004000C2CD00020E4
:10601000B842E8D00020BDE8F087406925EA0000DA
:106020000004000C01D00020DBE70120D9E70120AB
:10603000D7E700202063202184F83D1084F83E003B
:10604000216C41F02001216484F83C000120BDE86E
:10605000F0872068406925EA00000004000C01D0A8
:106060000020D5E70120D3E70120D1E72DE9F04753
:1060700004460D4616461F46C5F307482068B8F18A
:10608000010F26D0806925EA00000004000C3AD0F8
:106090004FF000094FF0200A2068406910F4806F2B
:1060A0001ED02068016841F40071016021686FF41E
:1060B00080604861C4F8309084F83DA084F83E9038
:1060C000206C40F00400206484F83C900120BDE87E
:1060D000F087406925EA00000004000C13D0D7E7E0
:1060E000B6F1FF3F05D0FDF747F8C01BB0420DD811
:1060F00066B1B8F1010F18D02068806925EA000068
:106100000004000CC8D10020BDE8F087C4F830902E
:1061100084F83DA084F83E90206C40F0200020647C
:1061200084F83C900120BDE8F0872068406925EAAA
:1061300000000004000CAFD1E5E72DE9F041044672
:106140000D4616462068406910F0400F22D1002706
:106150004FF020082068406910F0100F0FD0216820
:106160006FF010004861276384F83D8084F83E702A
:10617000206C206484F83C700120BDE8F081FCF7BD
:10618000FBFF801BA84208D83DB12068406910F091
:10619000400FDFD00020BDE8F081276384F83D8008
:1061A00084F83E70206C40F02000206484F83C703D
:1061B0000120BDE8F08170B504460D461646206802
:1061C000406910F0800F13D12046FFF79CFD08B105
:1061D000012070BDB5F1FF3F05D0FCF7CDFF801B5E
:1061E000A84207D835B12068406910F0800FEBD085
:1061F000002070BD00202063202184F83D1084F829
:106200003E00216C41F02001216484F83C00012013
:1062100070BD000030B503460C461088154D0028AF
:106220000DD105F10C0090ED000A85ED000A90ED0E
:10623000010A85ED010A90ED020A85ED020A0D4979
:106240000C48703909F05EFC95ED000A84ED000AF7
:1062500095ED010A84ED010A95ED020A84ED020A2A
:10626000B7EE000A83ED000A83ED010A83ED020A0E
:1062700030BD0000204C00200A4891ED000A80ED5E
:10628000000AD1ED010AC0ED010A91ED021A80ED7C
:10629000021A0C3880ED000AC0ED010A80ED021AE6
:1062A000704700002C4C00200EB507200AF000F8C3
:1062B00002E0642009F0FCFFFAF77AFF0028F8D129
:1062C00002E0642009F0F4FF09F036FE0028F8D15E
:1062D000AA4A101DCDE90102A2F11005291DFAF705
:1062E0007FFF05F14800A0F17C02A0F18801009039
:1062F0002B46943809F0A2FCDFEDA10A9FEDA10A1C
:10630000A14A002105F1640000F0EAFFA5F1340282
:10631000A2F10C0101F11800FAF7B6FCA5F140005A
:10632000A0F13C0890ED000AA0F1480988ED000AB0
:10633000A0F1540A89ED000A8AED000A90ED010AE5
:106340003C3880ED010A0C3880ED010A8AED010A23
:10635000483090ED020A3C3880ED020A0C3880ED9E
:10636000020A8AED020A3C30A0F10C0690ED000A08
:10637000A0F1180786ED000AA0F1240B87ED000AB2
:106380008BED000A90ED010A86ED010A87ED010A06
:106390008BED010A90ED020A86ED020A87ED020AF2
:1063A0008BED020A00200AF02BFB0EF033FB774C3A
:1063B000206177491020C8610846FEF79EFB08B1AE
:1063C000FBF722FB714908222031A1F1080002F0FD
:1063D00039FC012020714FF0FF3101200DF08CFAC3
:1063E0000128F8D12078400708D5207820F0040053
:1063F0002070664801992130FAF7AAFE60784007BC
:106400000AD5607820F0040060705C4A291D1032C3
:10641000A2F12A00FAF752FEA07840070CD5A07826
:1064200020F00400A070594802991630FAF7B4FF22
:1064300095ED040A09F002FD50483830A0F14803F8
:10644000A0F17C02A0F188010090943809F0F6FBDD
:1064500099ED001A8AED001AD8ED000AC9ED000A7C
:106460009FED4C0A60EE801ADFED4B0A434841EE87
:10647000201A503890ED002A9FED481A42EE011A7A
:10648000C8ED001AD9ED011ACAED011A98ED012ADA
:1064900089ED012A22EE002A01EEA02AD0ED011A90
:1064A00001EE812A88ED012AD9ED021ACAED021AFD
:1064B00098ED022A89ED022A22EE002A01EEA02A96
:1064C000D0ED021A01EE812A88ED022AD7ED001ADA
:1064D000CBED001A96ED002A87ED002A22EE002A65
:1064E0000C3801EEA02AD0ED001A01EE812A86EDCB
:1064F000002AD7ED011ACBED011A96ED012A87ED9E
:10650000012A22EE002A01EEA02AD0ED011A01EEA6
:10651000812A86ED012AD7ED021ACBED021A96EDFB
:10652000022A87ED022A22EE000A01EEA00AD0ED2F
:10653000020A00EE810A86ED020A00F11803A0F1BA
:10654000300201469FED160A2430FAF7F7FC0B4B98
:10655000203B1A1F111FA1F1100008F037FEE07850
:1065600010F00100E0703FF436AFE07820F0010059
:10657000E070E07840F00200E0702CE70C4C002066
:106580000080894500A08C45804F0108F002002062
:10659000201200205AF8F63F5D896EBFD5A9183B3E
:1065A0006F12833AF0B500230A25302637270024DE
:1065B00012E0B5EB107F04D906EB107C01F813C094
:1065C00003E007EB107C01F813C0000101EB430C62
:1065D0008CF801405B1CDBB29342EAD3F0BDD0EDF6
:1065E000071AD0ED000A21EEA01A80ED011AD0EDB5
:1065F000080A90ED052A41EE820AC0ED030AD0EDAB
:10660000091A30EEA12AC0EE821AC0ED061A30EE49
:10661000412AB0EE410A01EE820A80ED020AB7EE8D
:10662000001A31EE611A61EE200AC0ED040AC0EDD5
:10663000050A80ED000A70472DE9F047DDE90C9A64
:10664000DDE90AC8DDE90867002401E00555641C9E
:10665000032C02DA0D5D002DF8D110F8031F62F350
:1066600002010170018863F389110180417866F3AA
:1066700085014170818867F309018180B0F80510B8
:106680006CF38C01A0F80510C18868F34F11C1802C
:10669000B0F8091069F38C01A0F8091041896AF378
:1066A0004F114181BDE8F08710B50F480D490160D9
:1066B0000321416000218160C1604FF4102202611A
:1066C0004FF400124261017641768176C1760177FE
:1066D0004177FBF7F6FD002803D0BDE81040FBF73B
:1066E00093B910BD006400407410002010B50F482D
:1066F0000D4901600321416000218160C1604FF4B8
:10670000102202614FF400124261017641768176D7
:10671000C17601774177FBF7D4FD002803D0BDE8AF
:106720001040FBF771B910BD006800409C100020BC
:1067300010B50749054808600846FCF7B3F800287B
:1067400003D0BDE81040FBF75FB910BD0030024038
:106750002400002008B52948016841F48001016047
:10676000016801F480010091016841F400110160A9
:10677000006800F400100090002205210C20FDF7B5
:1067800033F90C20FDF722F9002205212F20FDF717
:106790002BF92F20FDF71AF9002205213920FDF7EA
:1067A00023F93920FDF712F9002205213A20FDF7DF
:1067B0001BF93A20FDF70AF9002205213B20FDF7DD
:1067C00013F93B20FDF702F9002205214420FDF7D3
:1067D0000BF94420FDF7FAF8002205214520FDF7CA
:1067E00003F94520FDF7F2F8002205214620FDF7C8
:1067F000FBF8BDE808404620FDF7E8B83038024015
:1068000010B5B8B01C222C4931A8F9F7E8FD0021D9
:1068100031A809F05AFD294CE0611C2226491C319F
:106820002AA8F9F7DCFD00212AA809F04EFD206016
:106830001C222149383123A8F9F7D1FD002123A8D2
:1068400009F043FD60601C221B4954311CA8F9F774
:10685000C6FD00211CA809F038FDE0601C22164985
:10686000703115A8F9F7BBFD002115A809F02DFD21
:10687000A0601C2210498C310EA8F9F7B0FD002150
:106880000EA809F022FD20611C220B49A83107A89F
:10689000F9F7A5FD002107A809F017FD60611C228A
:1068A0000549C4316846F9F79AFD0021684609F0A8
:1068B0000CFDA06138B010BD584E0108000000204A
:1068C0002DE9F04387B0142102A8F9F7A1FD0025B6
:1068D0005A48016841F002010160016801F00201BB
:1068E0000191016841F040010160016801F040013F
:1068F0000191016841F001010160016801F00101AD
:106900000191016841F008010160016801F008018E
:106910000191016841F004010160016801F0040186
:106920000191016841F020010160016801F020013E
:106930000191016841F080010160016801F080016E
:106940000191016841F010010160006800F0100041
:1069500001903B4F4FF48074002221463846FCF7EB
:1069600003FC384E012240213046FCF7FDFBDFF8E6
:10697000D880012210214046FCF7F6FBDFF8CC90CE
:10698000012211464846FCF7EFFB029401240394D0
:106990000495059502A93846FCF7CEFA40200290EE
:1069A00003940494059402A93046FCF7C5FA092023
:1069B0000290274D0395049402A93046FCF7BCFAD7
:1069C00010200290039404940226059602A94046E2
:1069D000FCF7B2FA302002900395049402A93846DD
:1069E000FCF7AAFA029403940494059602A9484677
:1069F000FCF7A2FA062100220846FCF7F5FF062064
:106A0000FCF7E4FF002205210920FCF7EDFF092037
:106A1000FCF7DCFF002205210A20FCF7E5FF0A2035
:106A2000FCF7D4FF002205211720FCF7DDFF17201B
:106A3000FCF7CCFF07B0BDE8F0830000303802401F
:106A4000000802400018024000000240000402401A
:106A50000000211010B50D480B4901600C49416040
:106A600000218160C1604FF4804202614161816117
:106A7000C1610162FCF786FB002803D0BDE810402D
:106A8000FAF7C2BF10BD000000540040C41000203F
:106A9000801A060010B50D480B4901600C49416091
:106AA00000218160C1604FF48042026141618161D7
:106AB000C1610162FCF766FB002803D0BDE810400D
:106AC000FAF7A2BF10BD00000058004018110020C6
:106AD000801A060010B50D480B4901600C49416051
:106AE00000218160C1604FF4804202614161816197
:106AF000C1610162FCF746FB002803D0BDE81040ED
:106B0000FAF782BF10BD0000005C00406C1100204D
:106B1000801A060010B510480E4901604FF48271CA
:106B2000416000218160C160022202610122426154
:106B3000520282613822C2610162416281620A218D
:106B4000C162FDF7DAFF002803D0BDE81040FAF774
:106B50005BBF10BD003001402012002010B588B08E
:106B60001C2101A8F9F754FC1448134901600024C2
:106B70004460846041F28731C16004618461FEF742
:106B800021FA08B1FAF740FF0C48FEF71DFD08B1E5
:106B9000FAF73AFF602001900294039405940022D2
:106BA00001A90648FEF7A7FC08B1FAF72DFF034834
:106BB000FEF71AFC08B010BD00440140C8130020C5
:106BC00010B596B000241294139414941594109454
:106BD00011941C2109A8F9F71BFC202101A8F9F741
:106BE00017FC354833490160A7214160846044F6B1
:106BF0001F61C160046144618461FEF7E3F908B17B
:106C0000FAF702FF4FF48050129012A92A48FEF7BB
:106C1000BEFA08B1FAF7F8FE2748FEF7D5FC08B12E
:106C2000FAF7F2FE1094119410A92348FEF77DF9AB
:106C300008B1FAF7E9FE602009904FF47A700A90E3
:106C40000B940C940D940E940F94002209A91A48E9
:106C5000FEF751FC08B1FAF7D7FE042209A916483D
:106C6000FEF749FC08B1FAF7CFFE082209A912483D
:106C7000FEF741FC08B1FAF7C7FE0C2209A90E483D
:106C8000FEF739FC08B1FAF7BFFE019402940394B1
:106C9000049405944FF400500690089401A9064806
:106CA000FEF710F908B1FAF7AFFE0348FEF79CFBB8
:106CB00016B010BD000001403813002010B58EB092
:106CC00000240A940B940C940D94089409941C21AC
:106CD00001A8F9F79DFB26482449016044608460BF
:106CE0004FF6FF71C16004618461FEF76BF908B172
:106CF000FAF78AFE4FF480500A900AA91C48FEF762
:106D000046FA08B1FAF780FE1948FEF75DFC08B1B3
:106D1000FAF77AFE0894099408A91548FEF705F9D0
:106D200008B1FAF771FE6020019002940394059473
:106D3000002201A90E48FEF7DEFB08B1FAF764FE57
:106D4000042201A90A48FEF7D6FB08B1FAF75CFE57
:106D5000082201A90648FEF7CEFB08B1FAF754FE57
:106D60000348FEF741FB0EB010BD0000000C0040D0
:106D70008013002010B50C480A4901604FF4E1313E
:106D8000416000218160C16001610C22426181612A
:106D9000C161FEF7C5FD002803D0BDE81040FAF739
:106DA00033BE10BD001001401014002010B50D4876
:106DB0000B4901600C49416000218160C1604FF4C2
:106DC000806202610C2242618161C161FEF7A8FD0F
:106DD000002803D0BDE81040FAF716BE10BD000031
:106DE0000048004054140020A086010010B50C4853
:106DF0000A4901604FF4E131416000218160C160C6
:106E000001610C2242618161C161FEF789FD0028A8
:106E100003D0BDE81040FAF7F7BD10BD00140140E3
:106E20009814002010B500220F49104803F064FAAE
:106E300008B1FAF7E9FD0E490C4803F063FC08B10C
:106E4000FAF7E2FD0B49094802F070FF08B1FAF7C2
:106E5000DBFD064803F014FD002803D0BDE8104018
:106E6000FAF7D2BD10BD00002C000020BC16002097
:106E70009401002084000020FEE7000070B5044665
:106E80002DED048B08F0CEFA2060012008F012FAF4
:106E900060602068008800EE100A3B48B8EE400AA7
:106EA00080ED010A0830D0ED010A384830EE608AE2
:106EB00000F1140580ED088A334E0C3E307868B13D
:106EC000707858B12068008800EE100A06F11400AE
:106ED000B8EE400A80ED010A002070709FED2C0A88
:106EE000B5EEC08AF1EE10FA02DD78EE408A01E0DC
:106EF00078EE008A18EE100AF9F7A9FC41EC100BA5
:106F000004F0DEFDB0EE409AF0EE609A18EE900AC2
:106F1000F9F79DFC41EC100B04F0D2FDB0EE401AE5
:106F2000F0EE601A53EC192B51EC110BF9F7A2FC9F
:106F300003D21648C0ED098A02E0144880ED098AA0
:106F40001248D5ED040A90ED060A70EE200AC5ED50
:106F5000010A0D4890ED010A083080ED010A9FED0D
:106F60000D1A80EE810A86ED020AB07818B986ED16
:106F7000010A0120B070D6ED010A30EE600A86EDFC
:106F8000020ABDEC048B70BDD4020020D445002061
:106F900000F0FF4500C04C44704700000148FCF77A
:106FA000B8BE0000AC1B002070B504462068056C1C
:106FB00000EB4110D0F8081B0C4EB54206D911F475
:106FC000004F03D04FF40041C0F8081B2046FDF7E6
:106FD000D8F9B54208D92069012805D104F57172A4
:106FE0000121206804F04CF8002070BD0A30544F95
:106FF0002DE9F04104460D4623681A6C03EB451158
:10700000D1F8080B276920264FF4004C012F08D037
:10701000304FBA424DD110F4004F40D0C1F808CBE8
:1070200055E02D4B10F0080F07D09A424FD910F4BD
:10703000004F4CD0C1F808CB49E010F0200F02D02F
:10704000C1F8086B43E010F0280F40D19A4205D9EF
:1070500010F4004F02D0C1F808CB38E0C5EBC500F2
:1070600004EB8000D1F8101BD0F80422C1F3120108
:10707000511AC0F81412D0F808121144C0F80812BE
:1070800045B9D4F8100228B904F5717201212068BD
:1070900003F0F6FFE9B22046FCF723FD17E010F0FD
:1070A000200F01D0C1F8086BE9B22046FCF719FDAA
:1070B0000DE045B9D4F8100228B904F57172002129
:1070C000184603F0DDFFE9B22046FCF70AFD002078
:1070D000BDE8F0810A31544F0A30544F2DE9F84F82
:1070E00007460E46D7F80080C6EBC60007EB8000C7
:1070F00000F13C046169A069884202D90120BDE821
:10710000F88F081AA168814200D20846C01C4FEAD5
:10711000900A08EB461915E0151AA268AA4200D297
:107120001546E81C4FEA900A387C0090ABB2F2B2E8
:107130004046E16804F06CFAE0682844E060A06929
:107140002844A061D9F8180980B2504505D3626976
:10715000A069904201D2002ADED1A169606988420B
:107160000AD806F00F00012101FA00F0D8F834180F
:1071700021EA0000C8F834080020BDE8F88F0000BC
:10718000002814D0D0ED101AC0ED111A90ED0F1A8E
:1071900080ED101AC0ED060A80ED070A30EEC00A35
:1071A00080ED0F0A017829B1012952D092E09FEDBC
:1071B0004B0A7047D0ED010A60EE801AC0ED091A43
:1071C000D0ED0A0A90ED022A42EE000AC0ED0A0A4A
:1071D00090ED0D2A80ED0E2A90ED0C2A80ED0D2AFF
:1071E00030EE410A80ED0C0A90ED031A21EE001AF0
:1071F00080ED0B1A90ED050AF4EEC00AF1EE10FADC
:1072000002DD80ED0A0A08E0B1EE400AF4EEC00AA1
:10721000F1EE10FA01D280ED0A0A90ED0A0A31EE81
:10722000800A30EE010A80ED080AD0ED040AB4EEBF
:10723000E00AF1EE10FA02DDC0ED080A4AE0F1EED4
:10724000600AB4EEE00AF1EE10FA43D2C0ED080A8B
:1072500040E070EE410A90ED012A60EE820AC0ED36
:10726000090A90ED022A22EE002A80ED0A2AD0EDCA
:107270000D2AC0ED0E2AD0ED0C2AC0ED0D2AF0EE3D
:10728000002A01EE620A30EE210A80ED0C0A90ED30
:10729000031A21EE000A80ED0B0A70EE820A30EE2E
:1072A000800AD0ED080A30EE200A80ED080AD0ED01
:1072B000040AB4EEE00AF1EE10FA02DDC0ED080AAD
:1072C00008E0F1EE600AB4EEE00AF1EE10FA01D245
:1072D000C0ED080A90ED080A7047000000000000A9
:1072E000002828D0002A26D0017092ED001A80EDE7
:1072F000011A92ED011A80ED021A92ED021A80ED48
:10730000031A80ED040AC0ED050A9FED0B0A80ED1B
:107310000E0A80ED0D0A80ED0C0A80ED080A80ED62
:107320000B0A80ED0A0A80ED090A80ED110A80ED52
:10733000100A80ED0F0A70470000000030B5174CAE
:1073400023685D6945F040055D612368DC6844F0B1
:107350001004DC60124C23681D6825F001051D60D7
:1073600003E01D6825F001051D6023681D68ED0719
:10737000F7D125680B4BAB602368D86020680161AA
:10738000206842602068016841F480210160206823
:10739000016841F00101016030BD0000541400207B
:1073A0009C1500200448004010B50C4B1968CA68B1
:1073B00022F40052CA600A4A11680C6824F00104E1
:1073C0000C60116848601068016841F001010160BB
:1073D0001868C16841F40051C16010BD5414002008
:1073E0009C15002003480068C16821F40051C16069
:1073F00070470000541400202DE9F74F82B0F74980
:107400000868026822F001020260F54A1068036809
:1074100023F00103036003E0016821F00101016032
:10742000EE4800680168C907F6D103E0016821F061
:1074300001010160EA4800680168C907F6D1E9481E
:10744000E94AEA4BC06C0190E74CE84DE64EE74F45
:107450000068DFF894B3DFF890C3E449483A60333A
:1074600018341835303E78374FF400680CF1300C82
:1074700058454CD9884201D1202041E0904201D1A9
:1074800020203DE0984201D1202039E0A04201D1E6
:10749000202035E0A84201D1404631E0B04201D180
:1074A00040462DE0B84201D1404629E0604501D177
:1074B000404625E0DFF8349309F13009484502D110
:1074C0004FF400101CE0DFF82093A9F1180948459B
:1074D00002D14FF4001013E0DFF8109309F1900986
:1074E000484502D14FF400100AE0DFF8FC9209F1A0
:1074F0004809484502D14FF4001001E04FF0006008
:10750000DFF8E492A9F14C09C9F80000F1E0DFF8D6
:10751000DC9209F1A80948454CD9884201D12020C4
:1075200041E0904201D120203DE0984201D120204D
:1075300039E0A04201D1202035E0A84201D14046E7
:1075400031E0B04201D140462DE0B84201D1404681
:1075500029E0604501D1404625E0DFF8909209F12D
:107560003009484502D14FF400101CE0DFF8789252
:10757000A9F11809484502D14FF4001013E0DFF8D3
:107580006C9209F19009484502D14FF400100AE0CD
:10759000DFF8549209F14809484502D14FF4001030
:1075A00001E04FF00060DFF84092A9F15009C9F8FE
:1075B00000009EE0DFF8349209F1480948454CD9B3
:1075C000884201D1202041E0904201D120203DE0BD
:1075D000984201D1202039E0A04201D1202035E09D
:1075E000A84201D1404631E0B04201D140462DE0F1
:1075F000B84201D1404629E0604501D1404625E02E
:10760000DFF8E89109F13009484502D14FF4001044
:107610001CE0DFF8D491A9F11809484502D14FF4D4
:10762000001013E0DFF8C49109F19009484502D138
:107630004FF400100AE0DFF8B09109F1480948451D
:1076400002D14FF4001001E04FF00060DFF89C9190
:10765000A9F11009C9F80C004BE0884201D12020A3
:1076600041E0904201D120203DE0984201D120200C
:1076700039E0A04201D1202035E0A84201D14046A6
:1076800031E0B04201D140462DE0B84201D1404640
:1076900029E0604501D1404625E0DFF8509109F12D
:1076A0003009484502D14FF400101CE0DFF8389152
:1076B000A9F11809484502D14FF4001013E0DFF892
:1076C0002C9109F19009484502D14FF400100AE0CD
:1076D000DFF8149109F14809484502D14FF4001030
:1076E00001E04FF00060DFF80491A9F11009C9F83A
:1076F000080001984FF48069006858454CD98842C9
:1077000001D1102041E0904201D110203DE098428B
:1077100001D1102039E0A04201D1102035E0A8426B
:1077200001D1484631E0B04201D148462DE0B8428F
:1077300001D1484629E0604501D1484625E0DFF8FF
:10774000ACE00EF1300E704502D14FF480101CE019
:10775000DFF894E0AEF1180E704502D14FF48010BE
:1077600013E0DFF888E00EF1900E704502D14FF47F
:1077700080100AE0DFF870E00EF1480E704502D18B
:107780004FF4801001E04FF08060DFF85CE0AEF174
:107790004C0ECEF80000EFE0DFF850E00EF1A80E3E
:1077A000704552D9884201D1102047E0904201D162
:1077B000102043E0984201D110203FE0A04201D1C7
:1077C00010203BE0A84201D1484637E0B04201D149
:1077D000484633E0B8420BD148462FE078120020EB
:1077E000D81200202012002058640240106002408D
:1077F000604501D1484621E0DFF8A4EC704502D194
:107800004FF480101AE0DFF89CEC704502D14FF481
:10781000801013E0DFF888EC0EF1600E704502D1A5
:107820004FF480100AE0DFF87CEC0EF1600E70453A
:1078300002D14FF4801001E04FF08060DFF864EC7B
:10784000AEF1380ECEF8000096E0DFF854EC0EF101
:10785000180E704548D9884201D110203DE0904271
:1078600001D1102039E0984201D1102035E0A0422A
:1078700001D1102031E0A84201D148462DE0B042AC
:1078800001D1484629E0B84201D1484625E060458B
:1078900001D1484621E0DFF808EC704502D14FF4F1
:1078A00080101AE0DFF8FCEB704502D14FF4801035
:1078B00013E0DFF8ECEB0EF1600E704502D14FF4EF
:1078C00080100AE0DFF8DCEB0EF1600E704502D1AB
:1078D0004FF4801001E04FF08060DFF8C4EBAEF1B0
:1078E000400ECEF80C0047E0884201D110203DE068
:1078F000904201D1102039E0984201D1102035E0AA
:10790000A04201D1102031E0A84201D148462DE02B
:10791000B04201D1484629E0B84201D1484625E0AD
:10792000604501D1484621E0DFF874EB704502D193
:107930004FF480101AE0DFF86CEB704502D14FF481
:10794000801013E0DFF858EB0EF1600E704502D1A5
:107950004FF480100AE0DFF84CEB0EF1600E70453A
:1079600002D14FF4801001E04FF08060DFF830EB7F
:10797000AEF1400ECEF8080001984FF4007A00688E
:10798000584548D9884201D108203DE0904201D1B4
:10799000082039E0984201D1082035E0A04201D109
:1079A000082031E0A84201D150462DE0B04201D17B
:1079B000504629E0B84201D1504625E0604501D14A
:1079C000504621E0DFF8D8EA704502D14FF400209C
:1079D0001AE0DFF8D0EA704502D14FF4002013E03E
:1079E000DFF8BCEA0EF1600E704502D14FF40020C2
:1079F0000AE0DFF8B0EA0EF1600E704502D14FF4F4
:107A0000002001E04FF00070DFF898EAAEF1340E8C
:107A1000CEF80000E5E0DFF888EA0EF1780E704558
:107A200048D9884201D108203DE0904201D1082088
:107A300039E0984201D1082035E0A04201D1082068
:107A400031E0A84201D150462DE0B04201D150466C
:107A500029E0B84201D1504625E0604501D15046A9
:107A600021E0DFF83CEA704502D14FF400201AE033
:107A7000DFF830EA704502D14FF4002013E0DFF860
:107A800020EA0EF1600E704502D14FF400200AE0AA
:107A9000DFF810EA0EF1600E704502D14FF40020BD
:107AA00001E04FF00070DFF8FCE9AEF1380ECEF8DF
:107AB000000096E0DFF8E8E90EF1180E704548D9AD
:107AC000884201D108203DE0904201D1082039E0F0
:107AD000984201D1082035E0A04201D1082031E0D0
:107AE000A84201D150462DE0B04201D1504629E0D4
:107AF000B84201D1504625E0604501D1504621E011
:107B0000DFF89CE9704502D14FF400201AE0DFF85D
:107B100094E9704502D14FF4002013E0DFF880E9CA
:107B20000EF1600E704502D14FF400200AE0DFF83C
:107B300074E90EF1600E704502D14FF4002001E0AF
:107B40004FF00070DFF858E9AEF1400ECEF80C00AF
:107B500047E0884201D108203DE0904201D1082051
:107B600039E0984201D1082035E0A04201D1082037
:107B700031E0A84201D150462DE0B04201D150463B
:107B800029E0B84201D1504625E0604501D1504678
:107B900021E0DFF80CE9704502D14FF400201AE033
:107BA000DFF800E9704502D14FF4002013E0DFF860
:107BB000F0E80EF1600E704502D14FF400200AE0AB
:107BC000DFF8E0E80EF1600E704502D14FF40020BE
:107BD00001E04FF00070DFF8C8E8AEF1400ECEF8DB
:107BE00008000198DFF8BCE84FF4802B00680EF124
:107BF000180E704548D9884201D104203DE09042DA
:107C000001D1042039E0984201D1042035E0A0429E
:107C100001D1042031E0A84202D14FF480702CE061
:107C2000B04202D14FF4807027E0B84202D14FF445
:107C3000807022E0604502D14FF480701DE0DFF8D3
:107C400060E8704501D1584617E0DFF858E8704504
:107C500001D1584611E0DFF848E80EF1600E70459A
:107C600001D1584609E0DFF83CE80EF1600E70459E
:107C700001D1584601E04FF08070DFF828E8AEF1FE
:107C8000340ECEF80000E5E0DFF814E80EF1780ECF
:107C9000704548D9884201D104203DE0904201D18D
:107CA000042039E0984201D1042035E0A04201D1FE
:107CB000042031E0A84202D14FF480702CE0B042A1
:107CC00002D14FF4807027E0B84202D14FF48070A7
:107CD00022E0604502D14FF480701DE0DFF8C0E77C
:107CE000704501D1584617E0DFF8B8E7704501D17B
:107CF000584611E0DFF8A8E70EF1600E704501D19B
:107D0000584609E0DFF89CE70EF1600E704501D19E
:107D1000584601E04FF08070DFF888E7AEF1380E8A
:107D2000CEF8000096E0DFF878E70EF1180E704507
:107D300048D9884201D104203DE0904201D104207D
:107D400039E0984201D1042035E0A04201D104205D
:107D500031E0A84202D14FF480702CE0B04202D151
:107D60004FF4807027E0B84202D14FF4807022E0D7
:107D7000604502D14FF480701DE0DFF824E77045C4
:107D800001D1584617E0DFF81CE7704501D158468D
:107D900011E0DFF80CE70EF1600E704501D1584696
:107DA00009E0DFF800E70EF1600E704501D158469A
:107DB00001E04FF08070DFF8E8E6AEF1400ECEF85B
:107DC0000C0047E0884201D104203DE0904201D1FF
:107DD000042039E0984201D1042035E0A04201D1CD
:107DE000042031E0A84202D14FF480702CE0B04270
:107DF00002D14FF4807027E0B84202D14FF4807076
:107E000022E0604502D14FF480701DE0DFF890E67B
:107E1000704501D1584617E0DFF888E6704501D17A
:107E2000584611E0DFF878E60EF1600E704501D19A
:107E3000584609E0DFF86CE60EF1600E704501D19E
:107E4000584601E04FF08070DFF854E6AEF1400E86
:107E5000CEF808000198DFF84CE600680EF1180E25
:107E6000704548D9884201D101203DE0904201D1BE
:107E7000012039E0984201D1012035E0A04201D132
:107E8000012031E0A84201D140202DE0B04201D1D3
:107E9000402029E0B84201D1402025E0604501D1D1
:107EA000402021E0DFF8F8E5704502D14FF4803042
:107EB0001AE0DFF8F0E5704502D14FF4803013E0AE
:107EC000DFF8DCE50EF1600E704502D14FF4803032
:107ED0000AE0DFF8D0E50EF1600E704502D14FF4F4
:107EE000803001E04FF48000DFF8B8E5AEF1340EE9
:107EF000CEF80000E5E0DFF8A8E50EF1780E704559
:107F000048D9884201D101203DE0904201D10120B1
:107F100039E0984201D1012035E0A04201D1012091
:107F200031E0A84201D140202DE0B04201D14020F3
:107F300029E0B84201D1402025E0604501D1402030
:107F400021E0DFF85CE5704502D14FF480301AE0A3
:107F5000DFF850E5704502D14FF4803013E0DFF8D0
:107F600040E50EF1600E704502D14FF480300AE01A
:107F7000DFF830E50EF1600E704502D14FF480302D
:107F800001E04FF48000DFF81CE5AEF1380ECEF8CA
:107F9000000096E0DFF808E50EF1180E704548D9AC
:107FA000884201D101203DE0904201D1012039E019
:107FB000984201D1012035E0A04201D1012031E0F9
:107FC000A84201D140202DE0B04201D1402029E05B
:107FD000B84201D1402025E0604501D1402021E098
:107FE000DFF8BCE4704502D14FF480301AE0DFF8CE
:107FF000B4E4704502D14FF4803013E0DFF8A0E420
:108000000EF1600E704502D14FF480300AE0DFF8C7
:1080100094E40EF1600E704502D14FF4803001E01F
:108020004FF48000DFF878E4AEF1400ECEF80C009B
:1080300047E0884201D101203DE0904201D101207A
:1080400039E0984201D1012035E0A04201D1012060
:1080500031E0A84201D140202DE0B04201D14020C2
:1080600029E0B84201D1402025E0604501D14020FF
:1080700021E0DFF82CE4704502D14FF480301AE0A3
:10808000DFF820E4704502D14FF4803013E0DFF8D0
:1080900010E40EF1600E704502D14FF480300AE01A
:1080A000DFF800E40EF1600E704502D14FF480302D
:1080B00001E04FF48000DFF8E8E3AEF1400ECEF8C7
:1080C0000800F948DFF8DCE3806C00900EF1180E30
:1080D0000068704542D9884202D14FF0200838E04C
:1080E000904202D14FF0200833E0984202D14FF085
:1080F00020082EE0A04202D14FF0200829E0A8423B
:1081000027D0B04225D0B84223D0604521D0DFF837
:108110009083404502D14FF400181AE0DFF88483C1
:10812000404502D14FF4001813E0DFF8748308F1E2
:108130006008404502D14FF400180AE0DFF864837C
:1081400008F16008404502D14FF4001801E04FF0FB
:108150000068D4483438C0F80080D3E0DFF840E34A
:108160000EF1780E704542D9884202D14FF02008B6
:1081700038E0904202D14FF0200833E0984202D11B
:108180004FF020082EE0A04202D14FF0200829E055
:10819000A84227D0B04225D0B84223D0604521D094
:1081A000DFF8FC82404502D14FF400181AE0DFF8F6
:1081B000F482404502D14FF4001813E0DFF8E0826A
:1081C00008F16008404502D14FF400180AE0DFF8DA
:1081D000D48208F16008404502D14FF4001801E054
:1081E0004FF00068AF483838C0F800808AE0DFF808
:1081F000B0E20EF1180E704542D9884202D14FF01C
:10820000200838E0904202D14FF0200833E0984235
:1082100002D14FF020082EE0A04202D14FF02008FA
:1082200029E0A84227D0B04225D0B84223D06045EB
:1082300021D0DFF86C82404502D14FF400181AE0DB
:10824000DFF86082404502D14FF4001813E0DFF8F8
:10825000508208F16008404502D14FF400180AE04E
:10826000DFF8408208F16008404502D14FF4001861
:1082700001E04FF000688A484038C0F80C8041E0C7
:10828000884202D14FF0200838E0904202D14FF0EE
:10829000200833E0984202D14FF020082EE0A0429F
:1082A00002D14FF0200829E0A84227D0B04225D0C3
:1082B000B84223D0604521D0DFF8E481404502D1A7
:1082C0004FF400181AE0DFF8DC81404502D14FF48A
:1082D000001813E0DFF8C88108F16008404502D1BA
:1082E0004FF400180AE0DFF8BC8108F1600840454F
:1082F00002D14FF4001801E04FF0006868484038A0
:10830000C0F808800098DFF89C81006808F1180820
:10831000404542D9884202D14FF0100938E09042DE
:1083200002D14FF0100933E0984202D14FF010090A
:108330002EE0A04202D14FF0100929E0A84227D038
:10834000B04225D0B84223D0604521D0DFF850910B
:10835000484502D14FF480191AE0DFF848914845AA
:1083600002D14FF4801913E0DFF8349109F160096C
:10837000484502D14FF480190AE0DFF8289109F14D
:108380006009484502D14FF4801901E04FF080693F
:1083900044483438C0F80090D8E0DFF804E10EF12A
:1083A000780E704542D9884202D14FF0100938E06A
:1083B000904202D14FF0100933E0984202D14FF0C1
:1083C00010092EE0A04202D14FF0100929E0A84286
:1083D00027D0B04225D0B84223D0604521D0DFF865
:1083E000C090484502D14FF480191AE0DFF8B490EC
:1083F000484502D14FF4801913E0DFF8A49009F149
:108400006009484502D14FF480190AE0DFF89490E2
:1084100009F16009484502D14FF4801901E04FF09D
:10842000806920483838C0F800908FE0DFF870E0AD
:108430000EF1180E704546D9884202D14FF010094E
:108440003DE0904202D14FF0100938E0984202D14D
:108450004FF0100933E0A04202D14FF010092EE096
:10846000A8422CD0B0422AD0B84228D0604526D0AD
:10847000DFF82C90484502D14FF480191FE0DFF857
:108480002490484502D14FF4801918E0DFF810908D
:1084900009F16009484509D14FF480190FE0000047
:1084A000406002404064024020120020DFF8049443
:1084B000484502D14FF4801901E04FF08069FE4831
:1084C000C0F80C9042E0884202D14FF010093AE027
:1084D000904202D14FF0100935E0984202D14FF09E
:1084E000100930E0A04202D14FF010092BE0A84261
:1084F00029D0B04227D0B84225D0604523D0DFF83C
:10850000B89309F14009484502D14FF480191AE0A7
:10851000DFF8A093A9F16009484502D14FF4801912
:1085200011E0DFF8949309F1A009484502D14FF416
:10853000801908E0DFF87C93484502D14FF4801998
:1085400001E04FF08069DC48C0F8089000980068AE
:10855000404544D9884202D14FF0080A3AE090429F
:1085600002D14FF0080A35E0984202D14FF0080AD4
:1085700030E0A04202D14FF0080A2BE0A84229D0F7
:10858000B04227D0B84225D0604523D0DFF82893E9
:1085900009F14009484502D14FF4002A1AE0DFF8FA
:1085A0001493A9F16009484502D14FF4002A11E063
:1085B000DFF8049309F1A009484502D14FF4002ADD
:1085C00008E0DFF8F092484502D14FF4002A01E0BC
:1085D0004FF0007AB7489438C0F800A0D7E0DFF831
:1085E000D89209F1B809484544D9884202D14FF0E0
:1085F000080A3AE0904202D14FF0080A35E098426A
:1086000002D14FF0080A30E0A04202D14FF0080A30
:108610002BE0A84229D0B04227D0B84225D06045EF
:1086200023D0DFF8949209F14009484502D14FF474
:10863000002A1AE0DFF87C92A9F16009484502D1CE
:108640004FF4002A11E0DFF8709209F1A0094845C3
:1086500002D14FF4002A08E0DFF85892484502D1D1
:108660004FF4002A01E04FF0007A92489838C0F8A1
:1086700000A08CE0DFF8409209F15809484543D941
:10868000884202D14FF0080A3AE0904202D14FF0FE
:10869000080A35E0984202D14FF0080A30E0A042C3
:1086A00002D14FF0080A2BE0A84229D0B04227D0CF
:1086B000B84225D0604523D0DFF8FC9109F140098C
:1086C000484502D14FF4002A1AE0DFF8E891A9F1F9
:1086D0006009484502D14FF4002A11E0DFF8D89133
:1086E00009F1A009484502D14FF4002A08E0DFF85B
:1086F000C491484502D14FF4002A01E04FF0007ABE
:108700006D48C0F80CA042E0884202D14FF0080A40
:108710003AE0904202D14FF0080A35E0984202D187
:108720004FF0080A30E0A04202D14FF0080A2BE0D7
:10873000A84229D0B04227D0B84225D0604523D0E6
:10874000DFF8749109F14009484502D14FF4002A3D
:108750001AE0DFF86091A9F16009484502D14FF4B1
:10876000002A11E0DFF8509109F1A009484502D133
:108770004FF4002A08E0DFF83C91484502D14FF45D
:10878000002A01E04FF0007A4B48C0F808A000989A
:108790000068404544D9884202D14FF0040B3AE0CA
:1087A000904202D14FF0040B35E0984202D14FF0D5
:1087B000040B30E0A04202D14FF0040B2BE0A842A2
:1087C00002D14FF4807B26E0B04202D14FF4807B8F
:1087D00021E0B84202D14FF4807B1CE0604502D119
:1087E0004FF4807B17E0DFF8D09009F1400948454D
:1087F00011D0DFF8C090A9F1600948450BD0DFF82F
:10880000B89009F1A009484505D0DFF8A89048457F
:1088100001D04FF0807B27489438C0F800B0DDE0ED
:10882000DFF8949009F1B80948454AD9884202D145
:108830004FF0040B3AE0904202D14FF0040B35E0C8
:10884000984202D14FF0040B30E0A04202D14FF029
:10885000040B2BE0A84202D14FF4807B26E0B0420B
:1088600002D14FF4807B21E0B84202D14FF4807BEB
:108870001CE0604502D14FF4807B17E0DFF83890B0
:1088800009F14009484511D0DFF82890A9F16009A5
:1088900048450BD0DFF8209009F1A009484505D0E4
:1088A000DFF81090484501D04FF0807B01489838A0
:1088B00004E00000A064024000600240C0F800B084
:1088C0008CE0DFF87093484544D9884202D14FF0DC
:1088D000040B3AE0904202D14FF0040B35E098428D
:1088E00002D14FF0040B30E0A04202D14FF0040B54
:1088F0002BE0A84202D14FF4807B26E0B04202D1A7
:108900004FF4807B21E0B84202D14FF4807B1CE021
:10891000604502D14FF4807B17E0DFF81893A9F18E
:108920001809484511D0DFF8109348450DD0DFF8FD
:10893000049309F14809484507D0DFF8FC9209F192
:108940006009484501D04FF0807BBA485838C0F8DC
:108950000CB043E0884202D14FF0040B3AE0904261
:1089600002D14FF0040B35E0984202D14FF0040BD6
:1089700030E0A04202D14FF0040B2BE0A84202D11C
:108980004FF4807B26E0B04202D14FF4807B21E09F
:10899000B84202D14FF4807B1CE0604502D14FF415
:1089A000807B17E0DFF88C92A9F11809484511D0B7
:1089B000DFF8849248450DD0DFF8789209F1480934
:1089C000484507D0DFF8709209F16009484501D0A9
:1089D0004FF0807B97485838C0F808B0009800687E
:1089E000404540D9884201D1012038E0904201D170
:1089F000012034E0984201D1012030E0A04201D1B1
:108A000001202CE0A84201D1402028E0B04201D151
:108A1000402024E0B84201D1402020E0604501D14F
:108A200040201CE083491839884202D14FF480303D
:108A300015E08149884202D14FF480300FE07D4932
:108A40004831884202D14FF4803008E07A496031E1
:108A5000884202D14FF4803001E04FF48000764923
:108A600034390860CBE0DFF8CC8108F1600840457C
:108A700040D9884201D1012038E0904201D1012043
:108A800034E0984201D1012030E0A04201D1012020
:108A90002CE0A84201D1402028E0B04201D1402082
:108AA00024E0B84201D1402020E0604501D14020BF
:108AB0001CE060491839884202D14FF4803015E03B
:108AC0005D49884202D14FF480300FE05949483166
:108AD000884202D14FF4803008E057496031884223
:108AE00002D14FF4803001E04FF480005249383910
:108AF000086084E0DFF83C81404540D9884201D1DC
:108B0000012038E0904201D1012034E0984201D1A7
:108B1000012030E0A04201D101202CE0A84201D187
:108B2000402028E0B04201D1402024E0B84201D1E9
:108B3000402020E0604501D140201CE03D4918392B
:108B4000884202D14FF4803015E03B49884202D17F
:108B50004FF480300FE037494831884202D14FF45A
:108B6000803008E034496031884202D14FF48030CF
:108B700001E04FF480002F495839C8603FE0884237
:108B800001D1012038E0904201D1012034E0984227
:108B900001D1012030E0A04201D101202CE0A84207
:108BA00001D1402028E0B04201D1402024E0B84269
:108BB00001D1402020E0604501D140201CE01D494A
:108BC0001839884202D14FF4803015E01A498842A2
:108BD00002D14FF480300FE016494831884202D16B
:108BE0004FF4803008E014496031884202D14FF4DC
:108BF000803001E04FF480000E49583988600F48FA
:108C000003990268D1600E49029A0B68DA60036822
:108C1000049A5A600B68049A5A600068026842F02D
:108C2000010202600868016841F00101016005B0BD
:108C3000BDE8F08F58600240406402407812002086
:108C4000D81200202DE9F04F3B4C23685D6845F0B9
:108C500002055D6023685D6845F001055D6023687D
:108C60001C6844F040041C60344C23681D6825F0E7
:108C700001051D6003E01D6825F001051D602368E6
:108C80001D68ED07F7D12E4F2E4D2D4E4C3FDFF8CE
:108C9000B490D4F800B0DFF8ACC0B83D4FF4001A7F
:108CA000A7F10408A9F16009B34502D9C7F800A0EB
:108CB0000BE0634502D9C8F800A006E04B4502D995
:108CC000C5F80CA001E0C5F808A0DFF87CA0C3F847
:108CD00008A02368D96021684A6021680B6843F0C6
:108CE00010030B60194B19680C6824F001040C6028
:108CF00003E00C6824F001040C6019680C68E407B8
:108D0000F7D1D3F800B04FF00064B34501D93C600F
:108D100009E0614502D9C8F8004004E0494501D99D
:108D2000EC6000E0AC60C1F808A01968C860186881
:108D30004260BDE8F08F0000201200207812002071
:108D400058640240B86002400C300140D812002044
:108D500010B582B004461548DFF854C00068B0FB77
:108D6000FCF04FF47A7C00FB0CF001906068B0F5E9
:108D7000827F0ED10B46009200228021204600F017
:108D800019F880B1606D40F02000606502B00320EA
:108D900010BD019838B10198401E0190206880688C
:108DA00010F0800FF5D102B0002010BD9800002017
:108DB00000366E012DE9F84304460F469046994669
:108DC000089DFAF7D9F9401BA9EB0005FAF7D4F989
:108DD00006462D480068C0F3CB30684300902068F9
:108DE000806837EA00000ED00020404546D0B9F137
:108DF000FF3F3BD0FAF7C0F9801BA84205D225B14E
:108E0000009870B32FE00120EFE72068416821F05F
:108E1000E00141606068B0F5827F0BD1A068B0F5D9
:108E2000004F02D0B0F5806F04D12068016821F0B6
:108E300040010160A06AB0F5005F09D120680168B7
:108E400021F4005101602068016841F40051016083
:108E5000012084F85100002084F850000320BDE870
:108E6000F883FFE700250098401E00902068806886
:108E700037EA000005D000204045B8D10020BDE809
:108E8000F8830120F8E70000980000201C49884280
:108E900001D2002070471B49884201D2012070474F
:108EA0001949884201D2022070471849884201D2EC
:108EB000032070471649884201D2042070471549A3
:108EC000884201D2052070471349884201D206200A
:108ED00070471249884201D20720704710498842E2
:108EE00001D2082070470F49884201D209207047FB
:108EF0000D49884201D20A2070470B2070470000BC
:108F0000004000080080000800C0000800000108C0
:108F1000000002080000040800000608000008081D
:108F200000000A0800000C0800000E0810B50446F6
:108F3000002306E0204600F007F841F82300241D36
:108F40005B1C9342F6D310BD006870472DE9F04FCB
:108F500087B004460E4617464FF00008CDF804804F
:108F6000B4F1006F3ED3A0073CD1F9F77DFF254651
:108F700004EB87071D482C464CF2503B85421FD21C
:108F80004FF001094FF0020A18E02846FFF7DCFF16
:108F9000401C0FD0CDF808802846FFF777FF0490DB
:108FA000CDF81490CDF818A001A902A8F9F7BCFEDD
:108FB00030B900E02D1D5846F8F718FEBD42E4D345
:108FC0005846F8F713FE48B10AE000232146022074
:108FD0003268F9F709FF18B9241D361DBC42F4D3D5
:108FE000F9F7F8FE07B0BDE8F08F000000100E089A
:108FF0000178407841EA00207047000010B5502009
:1090000080F31188BFF34F8FBFF36F8F0BF05CFDC0
:1090100018B104494FF080500860002080F3118897
:1090200010BD000004ED00E030B593B0302107A87A
:10903000F7F7EEF9142102A8F7F7EAF900251D4821
:10904000016841F080510160006800F0805001909B
:109050001948016841F480410160006800F48040D3
:109060000190012007900004089002240D948001D3
:109070000E9006200F90A8201090119407201290B7
:1090800007A8FBF7F9FA08B1F8F7BEFC0F20029029
:10909000039404954FF4A05005904FF4805006902F
:1090A000052102A8FBF7AEF9002801D0F8F7ACFCC7
:1090B00013B030BD403802400070004010480168D5
:1090C00041F4700101600F48016841F00101016045
:1090D0000C4A00210832116002680B4B1A400260F2
:1090E000031D0A4A1A60026822F4802202600548C1
:1090F0000C30016002495806803908607047000052
:1091000088ED00E000380240FFFFF6FE103000243A
:109110000148FCF7AFB80000B4310020F0B4026899
:109120002C4B2D4C2D4D2E4EDFF8B8C098420AD056
:10913000B0F1804F07D0A04205D0A84203D0B04282
:1091400001D0604503D122F070024F683A43984243
:1091500028D0B0F1804F25D0A04223D0A84221D002
:10916000B0421FD060451DD0A0F18044B4F5A034BA
:1091700018D0A0F18044B4F5A23413D0A0F18044FB
:10918000B4F5A4340ED0A0F18044B4F5C05409D095
:10919000A0F18044B4F5E05404D0A0F18044B4F5CB
:1091A000005403D122F44072CC6822434C6922F06F
:1091B0008002224302608A68C2620A688262984220
:1091C00001D0604501D10969016301214161F0BC11
:1091D000704700000000014000040040000800400B
:1091E000000C00400004014001F01F0101238B40EE
:1091F000D0F820C02CEA03030362036A02FA01F1EB
:10920000194301627047D0F808C02CF47F4C42EA41
:109210000322114341EA0C0181607047826822F009
:109220007002114341F007018160704770B4026A17
:1092300022F001020262036A4268D0F818C02CF0E2
:10924000700C2CF0030C0C6844EA0C0C23F00203A5
:109250008C6823430F4C104DA04201D0A84205D189
:1092600023F00803CE68334323F00403A04201D067
:10927000A84207D122F4807222F400724C69224382
:109280008C6922434260C0F818C049684163036298
:1092900070BC7047000001400004014070B4026AD5
:1092A00022F010020262036A4268D0F818C02CF45F
:1092B000E04C2CF4407C0C684CEA042C23F0200396
:1092C0008C6843EA0413114C114DA04201D0A8420E
:1092D00006D123F08003CE6843EA061323F040034F
:1092E000A04201D0A84209D122F4806222F4006297
:1092F0004C6942EA84028C6942EA84024260C0F806
:1093000018C049688163036270BC70470000014067
:109310000004014070B4026A22F480720262036A9F
:109320004268D0F81CC02CF0700C2CF0030C0C68B8
:1093300044EA0C0C23F400738C6843EA0423114CB8
:10934000114DA04201D0A84206D123F40063CE689B
:1093500043EA062323F48063A04201D0A84209D146
:1093600022F4805222F400524C6942EA04128C69C1
:1093700042EA04124260C0F81CC04968C16303623B
:1093800070BC7047000001400004014010B4026A44
:1093900022F480520262D0F820C04268C36923F4EC
:1093A000E04323F440730C6843EA04232CF4005C8C
:1093B0008C684CEA043CA0F18044B4F5803404D0BD
:1093C000A0F18044B4F5823404D122F480424C6987
:1093D00042EA84124260C36149680164C0F820C057
:1093E00010BC7047036AD0F820C02CF0010CC0F804
:1093F00020C0D0F818C02CF0F00C4CEA021223F078
:109400000A031943826101627047036A23F0100363
:109410000362D0F818C0036A2CF4704C4CEA023294
:1094200023F0A00343EA011182610162704710B585
:10943000806B0021C185C184FCF770F910BD70B547
:10944000846B20684069C0F3C01094F83D1000257B
:10945000212904D118B1E584204600F092F8206853
:109460004069C0F3801094F83E10222904D118B14D
:10947000E585204600F060F8206C40F01000206484
:109480002046FCF74BF970BD10B50146886B0968A2
:10949000096811F4807F1BD10021C1850168CA6869
:1094A00022F48072CA6001684A6922F001024A61AE
:1094B00001684A6922F040024A61202180F83E108A
:1094C000016B012904D10168CA6822F01002CA6048
:1094D000016B012902D0FCF7C4FB10BD818DFCF7A4
:1094E0001CF910BD10B5806B016B012902D0FCF78F
:1094F000B9FB10BD818D4908FCF70FF910BD10B5FF
:109500000146886B0968096811F4807F02D0FCF776
:10951000F7FB10BD0021C18401684A6922F0800276
:109520004A610068C16841F04001C16010BD10B5DA
:10953000806BFCF7E6FB10BD0168CA6822F49072EC
:10954000CA6001684A6922F001024A61016B01297F
:1095500004D10168CA6822F01002CA60202180F894
:109560003E1000210163704710B50168CA6822F0FF
:109570004002CA60202180F83D10FCF7C1FB0020AA
:1095800010BD0168CA6822F0C002CA60202180F8BC
:109590003D10704710B5044694F83E00222801D0D3
:1095A000022010BDA168B1F5805F01D1206928B10A
:1095B000A06AB1F5805F1DD051B10BE0A06A2168AF
:1095C0004968C1F308010180A06A801CA06209E01B
:1095D000216979B12168496801F07F010170A06AB1
:1095E000401CA062E08D401E0004000CE08505D008
:1095F000002010BD216849680170F0E72068C1684B
:1096000021F02001C1602068C16821F48071C1602F
:109610002068416921F001014161202084F83E0069
:10962000206B012805D02046FCF71BFB002020639F
:1096300010BD2068C16821F01001C160A18D2046D5
:10964000FCF76BF8F2E700002DE9F04104462068D2
:109650000169E26821F44051114301612169A06868
:10966000E26908436169114301432068C26822F43A
:10967000037222F414421143C16020684169A26957
:1096800021F44071114341612068A0F18041B1F59E
:1096900088312ED0A0F18041B1F58A3129D0FAF776
:1096A00093FF8446E16900201927254D3226B1F544
:1096B000004F22D06068830F8200ACFB0701F6F7F1
:1096C00057FE0146A5FB002040097A42424301EBC8
:1096D000820106EB0111A5FB0121490901F0F0020D
:1096E00002EB001001F00F01084421688860BDE81A
:1096F000F081FAF779FF8446D4E761684A1840EBB5
:109700000003ACFB0701F6F733FE0346A5FB001090
:10971000410918460A016FF01803594300EB810014
:1097200006EBC000A5FB0010400900F0F80102EBB9
:10973000410100F00700084421688860BDE8F0811D
:109740001F85EB5137B582B004461346039AA262D7
:10975000A38500252564222084F83E00A16B1348D0
:10976000C863A16B12480864A16B1248C864A06B5F
:1097700005652068011DA06BF9F78AFA2068016869
:109780004168019184F83C50C16841F48071C16026
:109790002068416941F0010141612068416941F05F
:1097A0004001416105B0002030BD000089940008EF
:1097B000E59400083F94000890F83D10212901D05D
:1097C000022070478168B1F5805F01D1016961B104
:1097D000016A4A1C0262026809785160C18C491E04
:1097E0000904090CC1840AD013E0016A02680988DF
:1097F000C1F308015160016A891C0162EEE701684A
:10980000CA6822F08002CA600068C16841F0400165
:10981000C16000207047000070B586B006464FF664
:10982000FF70059003ADA5208DF80C000820ADF861
:109830000D00274C20788DF80F00FF2204212846C8
:10984000F8F71CFA8DF8100040F20130ADF8110065
:109850004FF48070ADF804001E480078ADF80600A3
:1098600005F0C0FBADF808008DF8006002208DF80F
:109870000100BDF8142007212846F8F7E7F9059004
:1098800001AB024606211846F8F7E0F905906B4651
:10989000024602211846F8F7D9F9059003A90722D4
:1098A0000D4808F028FB01A906220B4808F023FB0D
:1098B00069460222084808F01EFB05A90222064854
:1098C00008F019FB2078401C207006B070BD000025
:1098D000AC000020334F0020FC3100200FB470B5E5
:1098E00086B04FF6FF7005900BA8009003ACA52042
:1098F0008DF80C000A98C0EB0010801DADF80D002B
:10990000374E30788DF80F00FF2204212046F8F7FB
:10991000B5F98DF8100040F20130ADF811000A9849
:1099200001280BD002280ED0052811D0072814D00A
:109930004FF0FF3006B070BC5DF814FB40F2011030
:10994000ADF804000DE04FF48170ADF8040008E0BC
:1099500040F20310ADF8040003E04FF48270ADF85C
:10996000040020480078ADF8060005F03BFBADF898
:109970000800BDF8142007212046F8F767F9059084
:1099800001AB024606211846F8F760F9059003A9D5
:109990000722154808F0AFFA01A90622124808F07C
:1099A000AAFA00240FE0009820C80090BDF8142007
:1099B0000F212846F8F74AF905900F2229460A4850
:1099C00008F099FA641C0A988442ECDB05A902228B
:1099D000054808F090FA3078401C30700020A9E764
:1099E000AC000020334F0020FC31002018B429487F
:1099F00000680168890604D501684068009018BCB9
:109A0000704725490968C906F9D501684068009082
:109A1000224A10680168224B09034FF024041CD429
:109A2000016821F00101016011684868C0F124005B
:109A300080B258804C6011680B6843F400230B60BF
:109A400011680A6842F001020A601228D7D115494C
:109A500018BC01F1160008F0B1BF016821F0010146
:109A6000016011684868C0F1240080B258804C60E1
:109A70000D498B6A23F400238B6211680A6842F057
:109A800001020A601228BAD1064918BC01F13A0055
:109A900008F094BF54140020004800409C1500209A
:109AA000EC020020084B00200060024038B510484E
:109AB00000680168C943C90615D401684068009070
:109AC0000C4800684068C0F5807421460A4806F0DA
:109AD0002AFC21460848F6F79BFC4FF480720649A1
:109AE0000348FCF7A7F8BDE838400148FBF718BE6B
:109AF00098140020FC1500206E4F00202DE9F04145
:109B00000C46D0F8C452D0F8BC1200291FD004EB88
:109B1000840200EB8202002693694BB1C4EBC407B8
:109B200005EB87056D6CB3FBF5F705FB173383B1C8
:109B3000C1F81462D0F8C00203692BB1D1F8080251
:109B4000224601F5047198470020BDE8F08103200A
:109B5000FBE7966100231A46214600F0B1FDF3E7CA
:109B600070B50546D5F8BC42002C0ED0284600F052
:109B70008DFCC4F80C02D5F8C012D4F80402CA68EF
:109B800004F503719047002070BD032070BD70B5CF
:109B900004468121204600F0CCFB002525870121C9
:109BA000204600F0C6FBA4F878518221204600F040
:109BB000C0FBA4F84C50A4F84E50D4F8BC0240B1FD
:109BC00004F52F74606840688047206800F0B6FF95
:109BD0002560002070BD10B5D0F8BC42002C10D01C
:109BE000D0F8C01259B194F80002FF2807D08B6852
:109BF00094F8012221469847FF2084F800020020B3
:109C000010BD032010BD00000A21018000487047EC
:109C1000BC00002043210180004870470C01002057
:109C20004321018000487047C80000204321018083
:109C300000487047500100202DE9F04704464FF4DA
:109C4000077000F07DFF05464FF00008ADB3C4F883
:109C5000BC52207C4FF010094FF40077012668B306
:109C6000402302228121204600F076FC26874023F3
:109C700002220121204600F06FFCA4F87861A4F8CC
:109C80004E90082303228221204600F065FCA4F8B0
:109C90004C60D4F8C00200688047C5F81482C5F84B
:109CA0001882207C08B3402301212046D5F80422E5
:109CB00000F05EFC0020BDE8F08700E003E0C4F89F
:109CC000BC820220F7E73B4602228121204600F0B9
:109CD00043FC26873B4602220121204600F03CFC43
:109CE000A4F87861A4F84E90CBE73B4601212046CA
:109CF000D5F8042200F03CFCDCE710B5D0F8BC122B
:109D0000002909D0027C4AB1D1F804224023012164
:109D100000F02EFC002010BD032010BDD1F804225D
:109D20004FF40073012100F023FCF3E7002903D076
:109D3000C0F8C0120020704703207047D0F8BC0262
:109D4000002803D0C0F80412002070470320704799
:109D5000D0F8BC02002805D0C0F80812C0F81022C4
:109D600000207047032070472DE9FC4105460C4652
:109D7000D5F8BC720020019000900026002F0DD075
:109D8000207810F0600132D0202909D021462846E1
:109D900000F0ABF803263046BDE8FC810320FBE76A
:109DA000E288E2B100060ED5D5F8C01260788B6863
:109DB00039469847E288072A00D9072239462846BB
:109DC00000F0B9F8E7E7607887F80002A07987F833
:109DD0000102E2883946284600F093F8DBE7D5F81F
:109DE000C012607800228B6821469847D3E76078DC
:109DF00058B10128CFD00A2817D00B2825D02146EA
:109E0000284600F072F80326C5E795F89C0203285F
:109E100005D02146284600F068F80326BBE7022259
:109E20006946284600F087F8B5E795F89C020328B4
:109E300005D02146284600F058F80326ABE701225A
:109E400001A9284600F077F8A5E795F89C020328B9
:109E5000A1D02146284600F048F803269BE710B51C
:109E6000D0F8BC120122002903D0D1F8143213B16A
:109E70000DE0032010BD01F502710122CA608A685D
:109E8000C2628B680A68812100F01AFC0022104629
:109E900010BD10B5D0F8B822002A01D05268904702
:109EA000002010BD90F89C22012A05D0022A03D080
:109EB000032A01D000F019B84988012904D10021F2
:109EC000C0F8A41200F044B8704710B513460A4613
:109ED000002100F04DFB002010BD10B513460A46CE
:109EE000002100F0EDFB002010BD10B504468021DC
:109EF000204600F0CBFB2046BDE81040002100F0DA
:109F0000C5BB10B50323C0F89432C0F85821C0F87F
:109F10005C2113460A46002100F02AFB002010BDF8
:109F200010B50521C0F8941200231A46194600F016
:109F30001FFB002010BD10B50223C0F894328261CF
:109F4000C26113460A46002100F0BAFB002010BD92
:109F500010B50421C0F8941200231A46194600F0E7
:109F6000AFFB002010BD000010B5002806D00A4647
:109F7000054906A000F08FF9034810BD0A460249C2
:109F800002A000F088F9F7E7B41F00204344432003
:109F9000436F6E66696700001220088000487047B2
:109FA0004C00002010B5002806D00A46054906A03E
:109FB00000F071F9034810BD0A46024902A000F002
:109FC0006AF9F7E7B41F002043444320496E7465E3
:109FD00072666163650000000420088000487047D5
:109FE0004800002010B50A46024903A000F053F9CA
:109FF000004810BDB41F002053544D6963726F6553
:10A000006C656374726F6E696373000010B500282D
:10A0100006D00A46054906A000F03DF9034810BDE8
:10A020000A46024902A000F036F9F7E7B41F002003
:10A0300053544D3332205669727475616C20436FEE
:10A040006D506F727400000010B51A200880F7F789
:10A0500023FE014810BD0000600000200A46D188A0
:10A06000012902D01146FFF740BF90F89C12012948
:10A0700006D0022904D0032909D01146FFF735BFC5
:10A0800000218160012200F10801FFF754BF012285
:10A09000011DFFF750BF2DE9F84304460F4600208D
:10A0A0000090002600257888010A082970D2DFE890
:10A0B00001F0AB040C22ABAB8B9AD4F8B412207C29
:10A0C0000A68694690470646A3E0207C4FF00208E4
:10A0D00040B1D4F8B802C16A68468847064686F897
:10A0E000018096E0D4F8B802816A6846884706463F
:10A0F00086F801808DE0C0B206285FD2DFE800F06C
:10A10000031221303F4FD4F8B402426822B1207CC0
:10A110006946904706467CE039462046FFF7E5FE53
:10A12000012576E0D4F8B402826822B1207C694629
:10A13000904706466DE039462046FFF7D6FE0125DA
:10A1400067E0D4F8B402C26822B1207C6946904727
:10A1500006465EE039462046FFF7C7FE012558E077
:10A16000D4F8B402026922B1207C694690470646C1
:10A170004FE039462046FFF7B8FE012549E0D4F804
:10A18000B40242692AB1207C69469047064640E005
:10A190003AE039462046FFF7A8FE012539E0D4F819
:10A1A000B402826922B1207C69469047064630E0BD
:10A1B00039462046FFF799FE01252AE03946204618
:10A1C000FFF793FE012524E0207C28B13946204684
:10A1D000FFF78BFE01251CE0D4F8B802416B6846FE
:10A1E0008847064615E0207C28B139462046FFF70F
:10A1F0007CFE01250DE0D4F8B802016B6846884763
:10A2000006460721717004E039462046FFF76DFECF
:10A210000125002D0CD1FA888AB1BDF8000048B1A3
:10A22000824200D90246009231462046FFF783FE63
:10A23000BDE8F88339462046FFF757FEF8E7204689
:10A24000FFF786FEF4E7002102E0491CC9B2401C7A
:10A250000278002AF9D1084670470A4690F89C1205
:10A26000012906D0022904D0032902D01146FFF7A4
:10A270003CBED188022902D01146FFF736BE01212B
:10A28000C160D0F8A41209B10321C160022200F11B
:10A290000C01FFF750BE70B50D461646002818D0C9
:10A2A00004462046FFF7CFFF022101EB400030803B
:10A2B00030782870032068700220002206E02954BC
:10A2C000641C401CC0B22A54401CC0B22178002932
:10A2D000F5D170BD01460020002906D0012905D026
:10A2E000022905D0032905D00320704703207047B9
:10A2F000012070470320704700280FD00023C0F8CA
:10A30000B832C0F8C032C0F8CC3209B1C0F8B412CB
:10A31000012180F89C12027000F0BCB80320704745
:10A3200010B5D0F8C402F9F70FFCBDE81040FFF7F4
:10A33000D1BF10B5D0F8C402F9F7E1FBBDE8104079
:10A34000FFF7C8BF70B504461346002904D094F83F
:10A350009C0203284AD051E004F11400D4F894126E
:10A360000025022938D1D0E902218A420CD9521A9B
:10A37000826019462046FFF7B0FD00231A461946B1
:10A38000204600F0F5F827E0914214D14068884259
:10A3900011D3D4F8981288420DD2002211462046DB
:10A3A000FFF79BFDC4F8985200231A461946204631
:10A3B00000F0DEF810E094F89C02032805D1D4F8F0
:10A3C000B802C16809B1204688478021204600F0C4
:10A3D0005DF92046FFF7A4FD94F8A00201280DD1F5
:10A3E000204600F0A1F984F8A05207E0D4F8B802A2
:10A3F00042691AB120469047002800D1002070BD64
:10A4000010B504461346002904D094F89C02032892
:10A4100023D02AE004F5AA70D4F89412032924D199
:10A42000D0E9021291420AD98A1A8260C068824237
:10A4300000D3024619462046FFF747FD15E094F881
:10A440009C02032805D1D4F8B802016909B120465D
:10A4500088472046FFF77CFD07E0D4F8B802826900
:10A460001AB120469047002800D1002010BD0020DE
:10A47000704710B5012180F89C12D0F8B822002A4C
:10A4800002D0526801799047002010BDD0F8C40274
:10A49000F9F788BB10B50178002927D11449C1F814
:10A4A0000404C0F8C4124FF0A040086004204860C3
:10A4B0000222CA60002008618A61C861086248629D
:10A4C000C86208630846F9F747FE08B1F7F79CFA37
:10A4D00080210748F9F7CFFA402200210448F9F714
:10A4E000CEFA802201210248F9F7C9FA002010BDF6
:10A4F000AC1B00200A0601F07F01D0F8C402C1EBBA
:10A50000C10100EB810002D590F83E00704790F841
:10A51000FE01704710B5D0F8B822002A04D090F898
:10A520009C32032B02D004E0032010BD126A02B15A
:10A530009047002010BD10B5D0F8B822002A04D0F2
:10A5400090F89C32032B02D004E0032010BD526A25
:10A5500002B19047002010BD10B514461A46D0F83D
:10A56000C4022346F9F727FBBDE81040FFF7B2BE4F
:10A5700010B5D0F8C402F9F74CFBBDE81040FFF766
:10A58000A9BE70B50446012584F89C520020C4F889
:10A5900094026060C4F8A402D4F8B80200281CD069
:10A5A000D4F8BC1221B1426812B100212046904774
:10A5B0000022402311462046FFF7CEFFA4F8645145
:10A5C0004026C4F860614023002280212046FFF726
:10A5D000C3FFA5842662002070BD032070BD90F8E3
:10A5E0009C12042903D190F89D1280F89C1200203F
:10A5F000704710B5D0F8B812002904D090F89C220A
:10A60000032A02D004E0032010BDC96901B18847C4
:10A61000002010BD01740020704710B5D0F8C402AE
:10A62000F9F79BFEBDE81040FFF754BE70B5044635
:10A6300004F2AA20054600F04CF80120C4F8940268
:10A64000B4F8B002C4F8980294F8AA2212F01F00DD
:10A650000AD001280ED0022812D02046BDE8704052
:10A6600002F0800100F012B829462046BDE8704093
:10A6700000F008B929462046BDE8704000F027BA2E
:10A6800029462046BDE8704000F033B910B5D0F837
:10A69000C402F9F7E1FABDE81040FFF71BBE10B5A0
:10A6A000D0F8C402F9F774FEBDE81040FFF712BEFF
:10A6B00000F5277001784170042101700020704777
:10A6C00010B5D0F8C402F9F701FBBDE81040FFF760
:10A6D00001BE70B504460846017821704178801C9F
:10A6E000617005462846FEF783FC60802846851C7D
:10A6F0002846FEF77DFCA0802846801CFEF778FCEB
:10A70000E08070BD38B5044600200090002909D0D3
:10A71000C4F8B812C96A19B168468847C4F8CC02AF
:10A72000002038BD032038BD0020704770B50446B6
:10A730008888002821D1C888F8B9488880281CD288
:10A7400000F07F0594F89C0203280DD084F89E52F7
:10A7500029462046FFF761FF2046FFF7F9FB45B188
:10A76000022084F89C0270BD2046BDE87040FFF7CF
:10A77000BCBB012084F89C0270BD2046BDE870403F
:10A78000FFF7B3BB03460320D3F8B822002A02D058
:10A7900012681846104770472DE9F04104460E46EE
:10A7A0000025324FB1783970012906D9314620464B
:10A7B000FFF79BFB0320BDE8F08194F89C02022880
:10A7C0000CD0032822D031462046FFF78EFB397883
:10A7D0002046FFF75EFB03252846ECE791B1616058
:10A7E0002046FFF7CFFF0546280004D0314620461B
:10A7F000FFF77BFBF0E72046FFF7AAFB032084F876
:10A800009C02E9E72046FFF7A3FBE5E74FF00208CB
:10A81000C9B16068884224D0C1B22046FFF739FB35
:10A82000397861602046FFF7ADFF0546280014D057
:10A8300031462046FFF759FB21792046FFF729FBD7
:10A8400084F89C82C8E784F89C8261602046FFF708
:10A8500020FB2046FFF77CFBBEE72046FFF778FB96
:10A86000BAE72046FFF774FBB6E70000B800002007
:10A870004988012903D1C0F8A412FFF769BB7047CA
:10A88000FFF70DBF10B500240A7812F060020DD05A
:10A89000202A05D0402A03D0FFF727FB204610BD11
:10A8A000D0F8B822926890470446F7E74A780A2A17
:10A8B0001CD2DFE802F012181B151B08051B0F0B3A
:10A8C000FFF7E9FBEAE7FFF731FFE7E7FFF764FF90
:10A8D0000446E3E7FFF7C2FBE0E7FFF7BEFCDDE776
:10A8E000FFF7C6FFDAE7FFF7DDFAD7E7FFF7FDFA74
:10A8F000D4E72DE9F04104460D4600262979287851
:10A9000010F0600012D0202808D0402806D0294638
:10A910002046FFF7EAFA3046BDE8F081D4F8B802E5
:10A9200029468268204690470646F4E76878002862
:10A930005FD001282FD0032804D029462046FFF7F6
:10A94000D4FAE8E794F89C02022806D0032814D031
:10A9500029462046FFF7C9FADDE749B1802907D02B
:10A960002046FFF793FE80212046FFF78FFED2E7B7
:10A9700029462046FFF7B9FACDE7688838B931B1E2
:10A98000802904D0E88810B92046FFF77FFE2046D2
:10A99000FFF7DEFABFE794F89C02022806D00328EE
:10A9A00014D029462046FFF7A0FAB4E749B1802920
:10A9B00007D02046FFF76AFE80212046FFF766FE9B
:10A9C000A9E729462046FFF790FAA4E768880028FF
:10A9D000A1D1480602D02046FFF7A2FC2046FFF78F
:10A9E000B7FAD4F8B802294682682046904706464E
:10A9F00091E794F89C020027022806D0032824D06F
:10AA000029462046FFF771FA85E731B1802904D045
:10AA100029462046FFF769FA7DE7080607D501F0C9
:10AA20007F0000EB800004EB8001143107E001F0AF
:10AA30007F0000EB800004EB800101F5AA710F603C
:10AA400002222046FFF777FA65E708060CD501F0E9
:10AA50000F0000EB800004EB8000808C68B9294671
:10AA60002046FFF742FA56E701F00F0000EB8000A6
:10AA700004EB8000B0F8640148B108060CD501F081
:10AA80007F0000EB800004EB800514350CE02946C4
:10AA90002046FFF72AFA3EE701F07F0000EB800036
:10AAA00004EB800505F5AA7541B1802906D0204642
:10AAB000FFF720FD20B10120286002E02F6000E0B8
:10AAC0002F60022229462046FFF735FA23E770B5AA
:10AAD00006460C460025207810F0600209D0202A96
:10AAE00007D0402A05D021463046FFF7FEF9284618
:10AAF00070BD96F89C22012A08D0022A06D0032AAB
:10AB000004D021463046FFF7F0F9F0E7207901281C
:10AB10000FD8D6F8B80221468268304690470546DD
:10AB2000E0880028E3D1002DE1D13046FFF710FA8C
:10AB3000DDE721463046FFF7D8F9D8E77047000037
:10AB4000004870478C19002010B40A784C784FF0F8
:10AB5000010C02F00F030CFA03F3012C0DD0D0F816
:10AB60001CC84CEA0343C0F81C3800EB4210D0F874
:10AB7000002B12F4004F22D02EE0D0F81CC89BB25C
:10AB80004CEA0303C0F81C3800EB4210D0F800393F
:10AB900013F4004F20D1D0F80039B1F808C0C978BB
:10ABA000CCF30A0C890443EA0C0341EA82511943AD
:10ABB00041F4004141F08051C0F800190CE0D0F898
:10ABC000002B0B89C978C3F30A031A43044B43EAE9
:10ABD00081411143C0F8001B10BC002070470000E9
:10ABE00000800010D0F800196FF30A01C0F80019B6
:10ABF000D0F8041841F48071C0F8041800207047A0
:10AC00000FB410B50446089801281AD0E06840F047
:10AC10004000E060204600F033F80C9951B3A16B7E
:10AC200021F48031A1630699012907D1A16841F07F
:10AC30000601A160A16841F02001A16010BC5DF88F
:10AC400014FBA06B20F48030A063E06820F040008B
:10AC500020F48400E060E06820F44010E0600F9889
:10AC6000012803D1E06840F48010E060204600F045
:10AC700007F8D8E7A16B41F48031A163D3E7000066
:10AC800000210D4A491C914201D9032070470369F4
:10AC900013F0004FF6D00021036943F00103036174
:10ACA000491C914201D903207047036913F0010F39
:10ACB000F6D1002070470000400D030010B491F859
:10ACC00001C00A78012300EB4212BCF1010F2FD022
:10ACD000D2F800CB1CF0004F0BD0D2F800CB4CF0D8
:10ACE000006CC2F800CBD2F800CB4CF0804CC2F81C
:10ACF00000CBD0F83CC80C7804F00F0403FA04F43D
:10AD00002CEA044CC0F83CC8D0F81CC8097801F003
:10AD10000F0103FA01F12CEA0141C0F81C18D2F826
:10AD2000000B1B490840C2F8000B10BC0020704704
:10AD3000D2F800C91CF0004F0BD0D2F800C94CF07B
:10AD4000006CC2F800C9D2F800C94CF0804CC2F8BF
:10AD500000C9D0F83CC80C7804F00F0403FA04F4DE
:10AD6000A4B22CEA040CC0F83CC8D0F81CC809787E
:10AD700001F00F0103FA01F189B22CEA0101C0F8D8
:10AD80001C18D2F8000903490840C2F80009CCE7B2
:10AD90000078F3EF007833ECD0F8001E21F00301C7
:10ADA000C0F8001ED0F8041821F00201C0F8041801
:10ADB00000207047D0F8001E21F00301C0F8001EEB
:10ADC000D0F8041841F00201C0F8041800207047C0
:10ADD0000FB4F0B5044600250020002604EB8001E6
:10ADE000C1F80461401C0F28F8D3109800283AD00D
:10ADF000A06B20F40011A163A06B40F40021A163BB
:10AE0000C4F8006ED4F80018C4F800180B98012894
:10AE10003CD00321204600F07AFB1021204600F0B0
:10AE2000E7FA00B10125204600F0D0FA00B1012573
:10AE3000C4F81068C4F81468C4F81C6800200699A7
:10AE40004FF000624FF090434FF67F3C002936D917
:10AE500004EB4011D1F8007917F0004F25D008B36A
:10AE6000C1F8003923E0D4F8040840F00201C4F826
:10AE70000418A06B40F40011A163A06B20F4002122
:10AE8000A163A06B20F48021A163B9E7089820B1E9
:10AE90000121204600F03BFBBFE70021204600F0E7
:10AEA00036FBBAE7C4F8002901E0C1F80069C1F82F
:10AEB0001069C1F808C9401C06998142C8D8002011
:10AEC0000699002917D904EB4011D1F8007B17F03F
:10AED000004F06D010B1C1F8003B04E0C4F8002BCD
:10AEE00001E0C1F8006BC1F8106BC1F808CB401C41
:10AEF00006998142E7D8D4F8100820F48071C4F88C
:10AF00001018A6616FF080406061099818B9A069B7
:10AF100040F01000A061A0690A490843A0610C98A4
:10AF200018B1A06940F00800A0611098012805D16F
:10AF3000A06940F0040040F08040A0612846F0BCC9
:10AF40005DF814FB00383C80816821F001018160CC
:10AF50000020704730B491F800C04C780B78012C79
:10AF600000EB431322D0D3F8100B6FF31200C3F899
:10AF7000100BD3F8100B6FF3DC40C3F8100B4869CB
:10AF800008B188684861D3F8100B40F40020C3F87A
:10AF9000100BD3F8100BD1F808C0CCF3120C40EA18
:10AFA0000C00C3F8100B012A5CD05FE04C69B4B30D
:10AFB000D3F810496FF31204C3F81049D3F81049BD
:10AFC0006FF3DC44C3F810494D698C68A54200D981
:10AFD0004C61D3F8104944F40024C3F81049D3F865
:10AFE00010494D69C5F312052C43C3F81049012AD5
:10AFF00029D000EB4C12D2F8003943F00443C2F8D8
:10B0000000394A696AB3D0F834280978012301F07D
:10B010000F0103FA01F11143C0F834182CE0FFE7E7
:10B02000D3F810496FF3DC44C3F81049D3F8104942
:10B0300044F40024C3F81049D3F810496FF3120404
:10B04000C3F81049D3E7096919B100EB4C12C2F8F3
:10B05000141900EB4C10D0F8001941F00441C0F86D
:10B06000001909E0C86808B1C3F8140BD3F8000B45
:10B0700040F00440C3F8000B30BC002070470000D3
:10B08000036CDFF858C0634506D9D0F8003B13F0D5
:10B09000004F01D0002070470023C0F8103BD0F8CB
:10B0A000103B43F40023C0F8103BD0F8103B43F0B2
:10B0B0001803C0F8103BD0F8103B43F0C043C0F871
:10B0C000103B012907D1C0F8142BD0F8001B41F028
:10B0D0008021C0F8001B0020704700000A30544F48
:10B0E0004A780B78012A00EB43100BD0D0F8002BE4
:10B0F00022F40012C0F8002BC978032914D00229C9
:10B1000012D017E0D0F8002922F40012C0F800296C
:10B11000C978032901D002290CD1D0F8001941F0D7
:10B120008051C0F8001905E0D0F8001B41F08051B3
:10B13000C0F8001B002070470A784B780978012B73
:10B1400000EB411005D0D0F8001B11F0004F13D0D8
:10B1500019E0D0F8001911F0004F06D12AB1D0F84B
:10B16000001921F08041C0F80019D0F8001941F40D
:10B170000011C0F800190CE02AB1D0F8001B21F032
:10B180008041C0F8001BD0F8001B41F40011C0F84A
:10B19000001B0020704778B591F800C04D780B78FF
:10B1A0006FF0604400EB4313012D2DD0D3F810CB8A
:10B1B0006FF3120CC3F810CBD3F810CB6FF3DC4C49
:10B1C000C3F810CBD1F814C0BCF1000F7DD08D684E
:10B1D000AC44ACF1010CBCFBF5FC1FFA8CFCD3F8C1
:10B1E000105B04EACC442C43C3F8104BD3F8104B4B
:10B1F0008D6805FB0CFCCCF3120C44EA0C0CC3F874
:10B2000010CB012A7DD0BDE04D6925B3D3F810598C
:10B210006FF31205C3F81059D3F810596FF3DC45DA
:10B22000C3F810594E698D682E44761EB6FBF5F5AD
:10B2300004EAC544D3F810592C43C3F81049D3F895
:10B2400010494D69C5F312052C43C3F81049CC7859
:10B25000012C13D01EE0D3F810496FF3DC44C3F87F
:10B260001049D3F8104944F40024C3F81049D3F826
:10B2700010496FF31204C3F810490BE0D3F81049DA
:10B2800024F0C044C3F81049D3F8104944F00054E6
:10B29000C3F81049012A1DD000EB4C13D3F800C9A4
:10B2A0004CF0044CC3F800C991F803C0BCF1010F85
:10B2B0003AD04A69002A79D0D0F834280978012395
:10B2C00001F00F0103FA01F100E047E01143C0F87B
:10B2D00034186BE00A691AB100EB4C13C3F8142957
:10B2E000C97801290CD1D0F8081811F4807F12D048
:10B2F00000EB4C11D1F8002942F08052C1F800292E
:10B3000000E03BE000EB4C10D0F8001941F00441A4
:10B31000C0F800194AE000EB4C11D1F8002942F0C6
:10B320000052C1F80029EBE7D0F808C81CF4807F70
:10B330000DD0D3F800C94CF0805CC3F800C900926E
:10B340008A8A93B20A78C96800F062F92EE0D3F8CD
:10B3500000C94CF0005CC3F800C9F0E7D3F810CB8B
:10B360008C68C4F312044CEA040CC3F810CBD3F875
:10B3700010CB4CF4002CC3F810CB42E7CA680AB1DA
:10B38000C3F8142BC97801290AD1D0F8080810F4A1
:10B39000807F0DD0D3F8000B40F08050C3F8000B35
:10B3A000D3F8000B40F00440C3F8000B002078BD38
:10B3B000D3F8000B40F00050C3F8000BF0E78168B1
:10B3C00041F001018160002070470000002110223F
:10B3D0000261064A491C914201D903207047036962
:10B3E00013F0100FF6D1002070470000400D03004D
:10B3F0000022202343EA811101610649521C8A423E
:10B4000001D903207047036913F0200FF6D1002003
:10B4100070470000400D0300D0F8080800F0060057
:10B42000002805D0022805D0062803D00F20704739
:10B430000020704702207047406900F0010070470B
:10B44000D0F81818D0F81C08084080B27047D0F81F
:10B450001818D0F81C080840000C7047D0F81028C5
:10B46000D0F8343801F00F0C23FA0CF303F0010389
:10B4700042EAC31200EB4110D0F8080910407047AF
:10B4800000EB4111D1F8081BD0F8140808407047B0
:10B49000416980690840704703460846D11C8A0804
:10B4A0000021002A09D903F58053D3F800C0C0F861
:10B4B00000C0001D491C9142F7D3704710B5C26807
:10B4C00022F0C042C260012902D031B1012010BD7A
:10B4D000C16841F00051C16003E0C16841F08041A2
:10B4E000C1603220F7F70CFC002010BDD0F8002816
:10B4F00022F4FE62C0F80028D0F800284FF4FE6362
:10B5000003EA01111143C0F8001800207047D0F879
:10B5100000281143C0F8001800207047022A0FD0FD
:10B52000002A54D00921C26822F47052C260C26855
:10B530004FF4705303EA81211143C160002070472A
:10B54000244A254B0A449A4201D20F21EBE7234AB1
:10B55000234B0A449A4201D20E21E4E7A1F574027A
:10B56000204BA2F510529A4201D20D21DBE7A1F146
:10B5700083721D4BA2F5E7429A4201D20C21D2E719
:10B580001A4A1B4B0A449A4201D20B21CBE7194AB3
:10B59000194B0A449A4201D20A21C4E7174A184BB0
:10B5A0000A449A4201D20921BDE7A1F1B772154BB5
:10B5B000A2F558529A4201D20821B4E7124A114426
:10B5C000124A914201D20721ADE70621ABE70921DA
:10B5D000A9E70000405327FF00350C00401E1BFF69
:10B5E00040420F00804F120020D6130060B6E5FEE7
:10B5F00060E3160000D3CEFE40771B00C05BB3FEB5
:10B60000C091210020753800E05459FEE09C4100B3
:10B61000DDF800C0BCF1000F10D1DB1C4FEA930C29
:10B620000023BCF1000F09D900EB023000F5805077
:10B630000A680260091D5B1C6345F9D3002070474E
:10B64000FEE700000FB4084B10B504A902AA039846
:10B6500001F0D4FA044602A9002001F052FE20466F
:10B6600010BC5DF814FB000003D3000837B5144686
:10B670000846064B6A46214601F0C0FA0446694670
:10B68000002001F03EFE20463EBD000003D300082E
:10B6900003B401984100009850EAC12018BF04206B
:10B6A0004A0D18BF40F0010040F2FF72B2EB515F4B
:10B6B00008BF40F00200012808BF052002B0704713
:10B6C0004100080218BF04200A0E18BF40F0010014
:10B6D0004FF07F4232EA010108BF40F0020001282A
:10B6E00008BF05207047000010B54FF00E402DED4B
:10B6F000028BB0EE408A18EE104A00EB4400B0F125
:10B70000506F4AD84FF0FC40B0EB440F22D2B0EE5D
:10B71000C80AF7EE000A30EEC00AF6EE000A60EE44
:10B72000208A18EE900A07F0FAFD01EE100A14F0D4
:10B73000004F1DBFDFED2D0A9FED2D0AB1EE411A1E
:10B74000DFED2C0A08BF9FED2C0AF8EE001A21EE5F
:10B75000218A05E0DFED290A68EE088AB0EE600A6A
:10B760009FED271ADFED271A30EE080A48EE811AFE
:10B770009FED251A08EEA11ADFED241A48EE811A72
:10B780009FED231A08EEA11A68EE281ABDEC028B71
:10B7900001EE810A30EE200A10BD4FF0E440B0EB1C
:10B7A000440F0CD918EE100AFFF78AFF042808BFCF
:10B7B00001F044F9B0EE480ABDEC028B10BD4FF029
:10B7C0007F40B0EB440F07D2B0EE480ABDEC028BCD
:10B7D000BDE8104001F024B9012001F047F9BDECAB
:10B7E000028BBDE8104001F021B900000000C9BF84
:10B7F00022AAFDB90000C93F22AAFD3900000000BD
:10B8000024FE1C3DC78AD83C1E67383D1B93993DDA
:10B81000AFAA2A3E70B54FF068422DED048BF0EED2
:10B82000408A18EE900AB0EE608A18EE101A02EB09
:10B830004003B3F1654F3CBF02EB4102B2F1654FEB
:10B840007DD200BFC0F3C753C1F3C7529A1A1B2A57
:10B8500009DD10F0004F14BF9FED830A9FED830AAE
:10B86000BDEC048B70BD12F11A0F36DA11F0004FE7
:10B8700009D010F0004F0CBF9FED7D0A9FED7D0AAF
:10B88000BDEC048B70BD88EE889A19EE100AFFF7A4
:10B8900017FF042808BF01F0D1F818EE900AFFF74F
:10B8A0000FFF054618EE100AFFF70AFF044619EECF
:10B8B000100AFFF705FF042D18BF052D08D1042C31
:10B8C00018BF052C04D1002804BF022001F0CEF8D7
:10B8D000B0EE490ABDEC048B70BD4200B2EB410FE3
:10B8E0003AD910F0004F19BFDFED630A9FED630AEC
:10B8F000DFED630A9FED630AB0EE481A0A46B1EE27
:10B90000688A80F00041F0EE418A10460A1A52001F
:10B91000B2F1807F34D2484010F0004FDFED5A1A68
:10B920009FED5A2A1DBFBEEE001A70EEE10A30EEFE
:10B93000420AB6EE001A08BF70EEA10A00E040E02D
:10B9400008BF30EE020AB0EE682A01EE482A08EE7F
:10B95000818AC2EE081A15E011F0004F04BF9FED76
:10B960004C0AF0EE400AD1D010F0004F19BFDFEDC5
:10B97000490A9FED490ADFED490A9FED490AC5E7EB
:10B98000C8EE881A21EEA11A9FED462ADFED462A5D
:10B9900041EE022A9FED452A01EE222ADFED442ADC
:10B9A00041EE022A9FED432ABDEC048B01EE222AD0
:10B9B00021EE811A01EE020A30EE210A30EE200A51
:10B9C00070BD4FF07F42B2EB400F28BFB2EB410F8A
:10B9D00009D2F0EE480AB0EE680ABDEC048BBDE86F
:10B9E000704001F020B840EA01035B0008BF41F05D
:10B9F000FF410BD0B2EB400F08BFB2EB410F08D1B3
:10BA000020F0804008EE900A21F0804108EE101AE4
:10BA100018E7B2EB400F12BF5FEA410340F0FF406E
:10BA200001F000413FF40EAFB2EB410F12BF5FEAED
:10BA3000400200F0004041F0FF413FF403AF4A00F4
:10BA400092EA40033FF5FEAE002AACBF9FED1A0A12
:10BA50009FED1A0A68EE808A28EE008A18EE900A96
:10BA600018EE101AEEE60000DB0FC9BFDB0FC93F6E
:10BA7000DB0F4940DB0F49C00000C9BF22AAFDB956
:10BA80000000C93F22AAFD390060ED3EC30ACE374F
:10BA900000000000000049C022AA7DBA0000494011
:10BAA00022AA7D3A2DAD65BD8FB8D53D0FB511BE2B
:10BAB00061C84C3EA8AAAABE0000804F0000802F9B
:10BAC0002DED020B019820F0004001909DED000B40
:10BAD00002B07047000000002DE9F0412DED020B8F
:10BAE0009FED3D0B2DED028B9FED3D8BDDE902546B
:10BAF000C4F30A50A0F2FF36142E37DA002E18DAFB
:10BB000053EC102B9DED020B51EC100BF4F7CEFC17
:10BB100053EC182BF4F7C6FE57D2002CA4BF002418
:10BB2000254652DA24F00040284318BF2E4C4CD052
:10BB30001AE02E4820FA06F704EA070028431FD02F
:10BB400053EC102B9DED020B51EC100BF4F7AEFCF7
:10BB500053EC182BF4F7A6FE37D2002C03DA4FF47F
:10BB60008010F0400444BC4300252EE0332E07DC57
:10BB7000A6F114004FF0FF3121FA00F73D4206D143
:10BB80009DED020BBDEC028B02B0BDE8F08153ECE1
:10BB9000102B9DED020B51EC100BF4F72BFD53EC29
:10BBA000182BF4F77FFE10D2002C0DDA142E08BFEC
:10BBB000641C09D0C6F13400012101FA00F02844C8
:10BBC000A84238BF641C0546BD43CDE902549DED33
:10BBD000020BD7E7000000009C7500883CE4377E2C
:10BBE00000000000000000000000F0BFFFFF0F0099
:10BBF0002DE9F04D2DED040B2DED0E8B96B0DDE90A
:10BC00002550279CDDF890A025F0004624F0004840
:10BC1000BAF1000F14BF0121002101EB4502FC49DC
:10BC200053184A1093422AD3002814BF012300233B
:10BC300003EB44030B44F7498B4220D358EA00013D
:10BC40009FEDF59B76D0DFF8D8B35D4503D1BAF10F
:10BC5000000F05D188E0BAF1000F08BF002100D025
:10BC6000012101EB450111F5001F08D8002814BF80
:10BC70000121002101EB440111F5001F0BD99DEDBD
:10BC8000261B9DED240B16B0BDEC0E8B04B0BDE859
:10BC9000F04D00F089BE0027002DBCBFE14988456A
:10BCA00021DAE1498845A8BF02271CDAC3451ADC1E
:10BCB000DE4901EB2851142908DDC1F1340220FAD4
:10BCC00002F101FA02F282420DD108E058B9C1F145
:10BCD000140228FA02F101FA02F2424503D101F0FE
:10BCE0000101C1F1020756EA0A0124D1002C22DA2F
:10BCF000002D18BF022F01D0012F0AD0022000F022
:10BD0000B5FE16B0BDEC0E8B04B0BDE8F04D00F0F2
:10BD100033BE022000F0AAFE00F02EFE51EC100B04
:10BD200081F0004141EC100B16B0BDEC0E8B04B05D
:10BD3000BDE8F08D18E09FEDBEAB9FEDBF8B0028F6
:10BD400071D1B848804522D105F1804010F58010AE
:10BD500008BFBAF1000F07D0B3450ADC002CA8BF1A
:10BD60009DED260BE0DA0DE0B0EE490AF0EE690A2F
:10BD7000DAE7002C06DA9DED260B51EC100B81F072
:10BD800000416FE0AE48784490ED000BCCE7D84519
:10BD90004DD1002C48DA2EB186423AD1BAF1000FCB
:10BDA00042D126E0BAF1000F13D0022000F05EFE6F
:10BDB00000F016FE8DED020B9DED240B8DED000BBA
:10BDC00010EE900A039961F31E0003909DED020BA3
:10BDD000AAE78DED02AB9DED240B1AEE901A10EE42
:10BDE000900A8DED000B61F31E0003909DED020B98
:10BDF0009AE78DED028B9DED240B18EE901A10EE54
:10BE0000900A8DED000B61F31E0003909DED020B77
:10BE10008AE709DA9DED240B51EC190B53EC102B3A
:10BE2000F4F75DFC1EE020E09DED240B7CE78642EC
:10BE30001BDAB4F1804F0DD0A4F10050B0F1FF50E7
:10BE400013D1002D11DB9DED240B51EC100B07F0ED
:10BE50002FFA07E09DED240B53EC102B51EC100B47
:10BE600000F0C2BC41EC100B5EE79DED240B51ECE1
:10BE7000100B02F0D1FFBAF1000FCDE90E0142D153
:10BE80009FED710B46B3A6F1E040B0F17F600CD09E
:10BE90005E4538D1002D00DAA7B3022F0CBF012078
:10BEA0004FF0FF30F4F78AFCDCE7002D01DD002CB9
:10BEB0000DDA002D01DD002C1FDB002D16DA002C21
:10BEC00014DB012F08BF9FED620B3FF42DAFB0EEE6
:10BED0004A0AF0EE6A0A27E7022F18BF002D0CD09D
:10BEE000012F0AD1002DFFF61FAF06E0002DB8BFCD
:10BEF000002C08DA012F3FF417AFB0EE480AF0EE3D
:10BF0000680A11E71BE0012000EBE57050EA070129
:10BF100015D0791EB0EE498AF0EE698A084308BF51
:10BF20009FED4D8B4E480025804570DD4D494E48B4
:10BF3000884514DDB0420DDB002C19DB2FE0012019
:10BF400000F094FD16B0BDEC0E8B04B0BDE8F04DD2
:10BF500000F036BDB34502DC002C09DC1FE0864250
:10BF600002DA002C1BDA03E05E452BDD002C16DD27
:10BF7000022000F07BFD00F033FD8DED020B53EC51
:10BF80001A2B51EC180BF4F738FBCDE9000103999B
:10BF9000019861F31E0003909DED020BC4E60220A0
:10BFA00000F064FD00F02CFD10EE901A18EE900ADF
:10BFB0008DED020B8DED008B61F31E0003909DED66
:10BFC000020BB1E69DED0E0B53EC192B51EC100B4F
:10BFD000F4F70DFB9FED260BCDE9080153EC102B78
:10BFE0009DED080B51EC100BF4F707FB9FED221BA6
:10BFF00053EC112BF4F7FEFA9DED081B53EC112BBB
:10C00000F4F7FBFA9FED1E1B53EC112B3CE08CE088
:10C01000FFFF1F00FFFF0F00000000000000F03FC7
:10C020000000F03F0000F07F0000404301FCFFFFF4
:10C03000000000000000F07F000000000000000091
:10C04000BE9F000000000000000000000000008013
:10C05000000000000000F0FF000000000000F0BF42
:10C060000000E0410000F043FFFFEF3F0000000050
:10C07000000000000000D03F555555555555D53F9F
:10C08000000000000000E03FF4F7B4FA9DED080B5B
:10C0900041EC1A0B53EC102B51EC100BF4F7ADFAEA
:10C0A00053EC1A2BF4F7A9FA41EC1A0B9FEDFE0B97
:10C0B00053EC102B9DED080B51EC100BF4F79DFA8F
:10C0C00041EC1B0B9FEDFA0B51EC1A0B53EC102BB0
:10C0D000F4F793FA41EC1A0B9FEDF70B53EC102B8E
:10C0E0009DED080B51EC100BF4F787FA53EC1A2B6B
:10C0F000F4F77DFA41EC1A0B51EC1B0B53EC1A2BA5
:10C10000F4F7D4F90690CDE906519DED060B53ECFA
:10C110001B2B51EC100BF4F76AFA53EC1A2BF4F7C3
:10C1200069FA41EC100B00F0A1B90020B6F5801FB0
:10C130000EDA9FEDE30B53EC102B9DED0E0B51EC43
:10C14000100BF4F75AFACDE90E016FF034000E46E9
:10C1500000EB2650A0F2FF37C6F31300DA4940F097
:10C160007F6646F040568842D8BF002408DDD74994
:10C170008142C8BF012403DC0024A6F580167F1C81
:10C18000D348784400EBC4000F9690ED00CB9DEDB2
:10C190000E0B53EC1C2B51EC100BF4F728FA9DED11
:10C1A0000E0B41EC1B0B53EC1C2B51EC100BF4F75A
:10C1B0007DF941EC100B51EC190B53EC102BF4F7FB
:10C1C0008EFA41EC1D0B51EC1B0B53EC1D2BF4F7BD
:10C1D00014FA41EC1A0BBF488DED10AB7844109562
:10C1E00090ED000B4FF0005040EA660000EB8440F9
:10C1F0008DED080B00F5002009909DED080B53EC28
:10C200001C2B51EC100BF4F7F2F99DED0E1B53ECC7
:10C21000112BF4F7EFF941EC100B53EC102B9DEDC3
:10C22000100B51EC100BF4F7E8F99DED080B41EC05
:10C230001C0B53EC102B9DED100B51EC100BF4F775
:10C24000DCF953EC1B2BF4F7D5F953EC1C2BF4F76A
:10C25000CEF953EC1D2BF4F7D0F941EC1C0B53EC49
:10C260001A2B51EC1A0BF4F7C8F941EC1B0B9A4846
:10C270000621B0EE4B0AF0EE6B0A784400F0FDFAAE
:10C28000B0EE401AF0EE601AB0EE41DAF0EE61DA8C
:10C2900053EC1B2B51EC1B0BF4F7AFF953EC1D2B9C
:10C2A000F4F7ABF99DED100B41EC1B0B53EC1A2B83
:10C2B00051EC100BF4F7FAF853EC1C2BF4F79DF942
:10C2C00053EC1B2BF4F7F2F89DED100B41EC1B0B1C
:10C2D00053EC102B51EC100BF4F78FF941EC1D0BC4
:10C2E0009FED7FEB53EC1E2BF4F7E0F853EC1B2B88
:10C2F000F4F7DCF80890CDE908519DED080B53ECFC
:10C300001E2B51EC100BF4F772F953EC1D2BF4F7C4
:10C310006EF953EC1B2BF4F76DF99DED080B41EC16
:10C320001D0B53EC102B9DED100B51EC100BF4F783
:10C3300064F941EC1B0B53EC1A2B51EC1D0BF4F779
:10C340005CF99DED080B41EC1A0B53EC102B51ECF2
:10C350001C0BF4F752F953EC1A2BF4F7A7F841EC45
:10C360001A0B51EC1B0B53EC1A2BF4F79FF80C90A3
:10C37000CDE90C519DED0C0B53EC1B2B51EC100B2C
:10C38000F4F735F953EC1A2BF4F734F941EC1B0BA5
:10C390009FED550B53EC102B9DED0C0B51EC100B3E
:10C3A000F4F72BF941EC1A0B9FED510B51EC1B0BE1
:10C3B00053EC102BF4F721F941EC1B0B9FED4E0BC6
:10C3C00053EC102B9DED0C0B51EC100BF4F715F901
:10C3D00053EC1B2BF4F76AF841EC100B48487844F7
:10C3E00000EBC40090ED001B51EC100B53EC112B33
:10C3F000F4F75CF841EC1B0B3846F4F7DFF9CDE9B4
:10C40000080153EC1B2B51EC1A0BF4F74FF841ECDD
:10C41000100B3C48784400EBC40090ED00CB51EC8D
:10C42000100B53EC1C2BF4F741F89DED081B53EC5B
:10C43000112BF4F73BF80690CDE906519DED080B62
:10C4400053EC102B9DED060B51EC100BF4F7CFF8CD
:10C4500053EC1C2BF4F7CBF853EC1A2BF4F7C7F87A
:10C4600053EC1B2BF4F7C6F841EC100B9DED261B8B
:10C4700053EC102B8DED001B00959DED260B51EC20
:10C48000100BF4F7BAF89DED000B41EC1A0B53ECCE
:10C49000102B9DED260B51EC100BF4F7A8F89DED39
:10C4A000061B53EC112B2FE0000000604715F73FEF
:10C4B000FE822B654715F73F44DF5DF80BAE543E17
:10C4C00000000000000040438E9803007AB60B0085
:10C4D0003A9B0000689B0000729A00000000000078
:10C4E0000000000000000840000000E009C7EE3F27
:10C4F000FD033ADC09C7EE3FF5015B14E02F3EBEB9
:10C50000FE980000B8980000F4F777F853EC1A2B67
:10C51000F3F7CCFF9DED060B41EC1A0B53EC102BFF
:10C520009DED000B51EC100BF4F767F8CDE90C0111
:10C530009DED0C0B51EC1A0B53EC102BF3F7B6FFDF
:10C54000CDE902010C46AA498C422FDB611A08434F
:10C5500018D19DED0C0B53EC102B9DED020B51EC03
:10C56000100BF4F744F841EC1B0B9FEDA30B51ECBF
:10C570001A0B53EC102BF3F799FF53EC1B2BF4F72A
:10C5800091F92DD2022000F071FA00F029FA10EE94
:10C59000901A18EE900A8DED020B8DED008B61F371
:10C5A0001E0003909DED020BFFF7BEBB944A24F0E2
:10C5B0000041914214D39349214408437FF4EFACE6
:10C5C0009DED0C0B53EC102B9DED020B51EC100B61
:10C5D000F4F70DF853EC1A2BF4F764F97FF6DFAC9F
:10C5E00024F000408849894A002601EB205182420C
:10C5F0002BDA481C4FF4801121FA00F02044844AC1
:10C60000C0F30A517A44A1F2FF3192ED000B814A46
:10C610008DED080BCA4020EA0202C0F3130040F47B
:10C620008010C1F1140120FA01F60992002CB8BF64
:10C6300076429DED080B53EC102B9DED0C0B51EC4D
:10C64000100BF3F7D4FFCDE90C019DED0C0B51EC71
:10C650001A0B53EC102BF3F729FF9FED6F0B08908B
:10C66000CDE9085153EC102B9DED080B51EC100B4C
:10C67000F3F7C3FF41EC1B0B9FED690B53EC102B41
:10C680009DED080B51EC100BF3F7B7FF9DED0C0B74
:10C6900041EC1C0B53EC102B9DED080B51EC100BD7
:10C6A000F3F7A5FF53EC1A2BF3F7A4FF9FED5E1BE6
:10C6B00053EC112BF3F7A1FF53EC1C2BF3F7F6FE11
:10C6C00041EC1A0B51EC1B0B53EC1A2BF3F7EEFE5B
:10C6D000CDE902019DED020B53EC1B2B51EC100B2D
:10C6E000F3F785FF53EC1A2BF3F784FF9DED020B54
:10C6F00041EC1A0B53EC102B51EC100BF3F77DFFB0
:10C70000CDE908014A489DED080B0521784400F069
:10C71000B4F89DED081B51EC100B53EC112BF3F703
:10C720006CFF9DED021B53EC112BF3F763FFCDE97A
:10C7300006019DED020B53EC1A2B51EC100BF3F795
:10C740005CFF53EC1A2BF3F7B1FE9FED3B0B41EC72
:10C750001A0B53EC102B9DED060B51EC100BF3F75D
:10C7600046FF9DED060B41EC1B0B53EC102B9DED92
:10C77000020B51EC100BF3F740FF53EC1B2BF3F7BC
:10C78000AEFF53EC1A2BF3F732FF9DED021B53EC77
:10C79000112BF3F72CFF53EC192BF3F72BFFCDE9FB
:10C7A000020101EB065001150029C8BF039015DCFA
:10C7B0009DED020B324651EC100BF4F782F9FEF7B7
:10C7C00067FF042808BF00F01BF932469DED020BFD
:10C7D00051EC100BF4F775F9CDE902019DED020B58
:10C7E00051EC180B53EC102BF3F707FFFFF73ABB94
:10C7F0000000904000000000FE822B654715973C2A
:10C8000000CC904000346F3F01FCFFFF0000E03F90
:10C8100040970000FFFF0F0000000000432EE63F9E
:10C82000396CA80C615C20BEEF39FAFE422EE63F5F
:10C830001096000000000000000000000000004012
:10C8400010B52DED028BB1EEC08A18EE100A20F063
:10C850000040C0F1FF40C00F0AD010EE100A20F0D7
:10C860000040C0F1FF40C00F04BF012000F0FEF8FF
:10C87000B0EE480ABDEC028B10BD70B504462DED3C
:10C88000028B4D1E00EBC500B0EE408AF0EE608AD0
:10C8900090ED000B35F0060017D053EC182B51EC3F
:10C8A000100BF3F7AAFE41EC100B6D1E04EBC50054
:10C8B00090ED001B51EC100B53EC112BF3F7F6FD30
:10C8C00041EC100B35F00600E7D1022D36D0042DD7
:10C8D0001CD0062D1CBFBDEC028B70BD53EC182B79
:10C8E00051EC100BF3F789FE94ED0A1B53EC112B5E
:10C8F000F3F7DCFD53EC182BF3F77FFE94ED081BE8
:10C9000053EC112BF3F7D2FD41EC100B53EC182B29
:10C9100051EC100BF3F771FE94ED061B53EC112B49
:10C92000F3F7C4FD53EC182BF3F767FE94ED040BFB
:10C9300053EC102BF3F7BAFD41EC100B53EC182B12
:10C9400051EC100BF3F759FE94ED021B53EC112B35
:10C95000F3F7ACFD53EC182BF3F74FFE94ED001BEF
:10C9600053EC112BF3F7A2FDBDEC028B41EC100B45
:10C9700070BD0000000000009FED070B10B553ECE8
:10C98000102B9FED070B51EC100BF3F7A8FE41ECB9
:10C99000100B10BD000000000000000000000000AF
:10C9A000000000000000F03F10B553EC112B51ECDB
:10C9B000100BF3F77BFD41EC100B10BD00000000E5
:10C9C0009FED050B10B553EC102B51EC100BF3F74A
:10C9D00086FE41EC100B10BD0000000000000000BE
:10C9E0009FED050B10B553EC102B51EC100BF3F72A
:10C9F00004FE41EC100B10BD0000000000000070B0
:10CA00009FED050B10B553EC102B51EC100BF3F709
:10CA1000F4FD41EC100B10BD000000000000001000
:10CA200030EE000A704730EE200A7047DFED020A50
:10CA300080EEA00A70470000000000009FED020A8F
:10CA400020EE000A704700000000001002E008C855
:10CA5000121F08C1002AFAD170477047002001E078
:10CA600001C1121F002AFBD1704700000149086074
:10CA700070470000C80900202DE9FF5F82B0002147
:10CA8000DDE90430020DDDF840B0034318D044F670
:10CA90001050A2F2FF3242431514119801281FD002
:10CAA000A5EB0B00401C5FEA000A4FF000064E4F5A
:10CAB000DFF83891B046504615D5CAF1000413E0AE
:10CAC000119801244AA3012801D16FEA0B010298B1
:10CAD000119AC0E90031C0E9024206B0BDE8F09FFA
:10CAE000CBF10000DFE704460021404A491842EB41
:10CAF0000450CDE9001012E0E00707D032463B4673
:10CB000040464946F3F779FD8046894632463B4622
:10CB100010461946F3F771FD06460F466410002CC7
:10CB2000EAD1DDE90401DDE90023BAF1000F06DAFC
:10CB3000F3F763FD42464B46F3F75FFD05E0F3F77D
:10CB4000CEFD42464B46F3F7CAFD04460E46002290
:10CB5000284BF3F7A7FE03D84FF0FF30014607E05C
:10CB60000022254B20463146F3F7A0FCF3F7C0FF27
:10CB7000102409E0002C0ADB0A220023F3F7F8FB5B
:10CB8000039B30321A55641E50EA0102F2D1641C34
:10CB9000039AC4F111031444119A012A03D001220B
:10CBA00008430DD10AE0084304D000204FF0110BD8
:10CBB000119072E7A3EB0B056D1E0DE05B4504DDE4
:10CBC0004FF0000205F1010504E003DA4FF0000226
:10CBD000A5F10105002AECD002981199C0E90231B3
:10CBE000C0E9004579E70000000014400000F03F74
:10CBF000300000000000F0430000E03F2DE9FF4F4F
:10CC000095B09A46884606460025EEE1252877D15C
:10CC100000242746F94A0121039400E0044316F852
:10CC2000013F203B01FA03F01042F7D130782A2867
:10CC300011D06FF02F033078A0F13002092A16D8F6
:10CC4000039A44F0020402EB820203EB4202104416
:10CC5000761C0390EFE758F8042B0392002A03DABE
:10CC6000504244F40054039044F00204761C30789F
:10CC70002E2816D116F8010F44F004042A280DD0EE
:10CC80006FF02F023078A0F13003092B09D807EBA1
:10CC9000870302EB4303C718761CF3E758F8047BBD
:10CCA000761C30786C280FD006DC4C2817D068280A
:10CCB0000DD06A2814D104E0742810D07A280FD13E
:10CCC0000DE044F400140AE044F4801401E044F45C
:10CCD00040147278824202D104F58014761C761CCE
:10CCE000307866280BD013DC582877D009DC002870
:10CCF00075D04528F6D04628F4D047281AD193E1BC
:10CD000018E0632835D0642879D0652812D18BE1EA
:10CD1000702873D008DC6728F1D069286FD06E289E
:10CD20000DD06F2806D1ACE073282CD0752874D0B4
:10CD3000782853D05246179990476D1C54E1C4F39C
:10CD40000250022809D003280DD0D8F8001004287A
:10CD50000DD00D6008F1040846E1D8F80010EA177C
:10CD6000C1E90052F6E7D8F800100D80F2E70D7027
:10CD7000F0E718F8041B8DF8001000208DF8010072
:10CD8000EB46012003E058F804BB4FF0FF30610789
:10CD90004FF0000102D40DE009F101018946B942CA
:10CDA0000FDA8145F8DB1BF809100029F4D108E0FF
:10CDB00009F1010189468142FADB1BF809100029BB
:10CDC000F6D103985346A0EB090721463846179A37
:10CDD00000F080FA284400EB090507E044E008E190
:10CDE0000DE01BF8010B524617999047B9F1010964
:10CDF000F7D2534621463846179AF2E039E00A2125
:10CE0000C4F302524FF0000B0091022A06D058F8EA
:10CE1000040BC117032A09D00AE023E008F1070038
:10CE200020F00702F2E80201904605E000B2C117C7
:10CE3000042A01D140B2C117002906DA0A460021AE
:10CE4000404261EB02012D2202E0220504D52B2293
:10CE50008DF80420012203E0E20701D02022F7E749
:10CE6000914657E00A2100E010214FF0000B00919D
:10CE70000BE010214FF0000B44F004040827009150
:10CE800003E008204FF0000B0090C4F30252022A86
:10CE900005D058F8040B0021032A08D008E008F157
:10CEA000070020F00702F2E80201904603E080B29A
:10CEB000042A00D1C0B24FF0000922072AD53278E7
:10CEC000702A07D0DDF800C08CF0100C5CEA0B0C67
:10CED00005D00EE040228DF80420012208E050EA3F
:10CEE000010306D030238DF804308DF8052002228E
:10CEF0009146009B83F0080353EA0B030AD150EAE2
:10CF0000010201D1620705D530228DF804204FF0CF
:10CF100001097F1E3278582A04D039A20C920CAA3B
:10CF200002920BE03BA2F9E75B46009AF3F720FA86
:10CF30000C9B9B5C029A521E0292137050EA0102F3
:10CF4000F2D1029804A9081A00F1200B600702D55B
:10CF500024F4803400E001275F4502DDA7EB0B00DD
:10CF600000E0002000EB0B01009003984944401AB8
:10CF70000390E00306D453462146179A039800F025
:10CF8000A9F90544002706E001A85246C05D17999B
:10CF900090476D1C7F1C4F45F6DBE0030CD55346D4
:10CFA0002146179A039800F095F9054404E03020D3
:10CFB0005246179990476D1C0099481E0090002911
:10CFC000F5DC08E00298029952460078491C02916B
:10CFD000179990476D1CBBF10001ABF1010BF1DC1F
:10CFE0005BE100F065F90544761C307800287FF499
:10CFF0000DAE19B02846BDE8F08F000009280100E9
:10D0000030313233343536373839616263646566BE
:10D010000000000030313233343536373839414280
:10D020004344454600000000600700D4062708F18D
:10D03000070020F00700F0E80223804603F0004CD0
:10D040005FEA0C0001D097A009E0200501D596A069
:10D0500005E0E00701D095A001E0AFF24C0013908D
:10D06000307823F0004365280CD006DC452809D031
:10D0700046281DD047287FD13BE0662818D0672876
:10D080007AD136E00021112F01DB112000E0781C5D
:10D09000CDE9000104A90CA8FFF7EEFCDDE90D01C4
:10D0A0000C9A4FF0000B07F10109109200914EE02D
:10D0B0004FF000400097CDE9011004A90CA8FFF73C
:10D0C000DBFCDDE90D020C9B0F994FF0000B914644
:10D0D0001093009211B9791C00EB0109B7EB09001C
:10D0E00003D4C0F1FF3B07F10109A9EB0700019050
:10D0F00042E0012F00DA01270021112F01DD11206C
:10D1000000E03846CDE9000104A90CA8FFF7B4FC03
:10D11000DDE90D010C9A00914FF0000BB946109219
:10D1200021070FD4009A4A4503DA914601E0A9F19C
:10D130000109B9F1010F05DD109AA9F10101515C56
:10D140003029F4D0B84202DA10F1040F03DA0121D9
:10D15000CDE9011010E0002803DC8344A9EB0001B5
:10D1600002E0411C494500DD8946A0EB0B00401C54
:10D1700001904FF000400290200705D401984845E7
:10D1800002DB4FF0FF30019000208DF84B00029839
:10D190000DF14B07B0F1004F25D002200C902B2051
:10D1A0000D90029800280CDA404202902D200D903C
:10D1B00007E00A210298F3F7A9FB3031029007F843
:10D1C000011D0C99481E0C900029F2DC02980028E1
:10D1D000EFD1791E0D980870307800F0200040F0F3
:10D1E000450007F8020D11A8C01BC01D029013983E
:10D1F000007800B1012000EB0901019801EBE0711A
:10D20000029801440398401A401E0390E00306D49C
:10D2100053462146179A039800F05CF8054413988A
:10D22000007818B15246179990476D1CE00323D53A
:10D2300053462146179A039800F04CF805441BE02A
:10D24000BBF1000F07DB0098584504DD10981799D3
:10D2500010F80B0001E017993020524690470198D2
:10D260000BF1010B401E05F10105019004D12E20A8
:10D270005246179990476D1CB9F10001A9F10109B7
:10D28000DEDC05E017F8010B5246179990476D1C3C
:10D290000299481E02900029F4DC53462146179A51
:10D2A00003989EE62D0000002B00000020000000E7
:10D2B0002DE9F041044600251E461746880404D493
:10D2C00005E039462020B0476D1C641EF9D528467C
:10D2D000BDE8F0812DE9F041044600251E46904648
:10D2E000C80301D5302700E02027880404D505E0D5
:10D2F00041463846B0476D1C641EF9D52846BDE846
:10D30000F0810A68531C0B601070704710B50C4C0C
:10D31000010E2170C0F3074212FB01F26280C0F3DC
:10D32000072313FB01F3A380C0B210FB01F0E080E0
:10D3300004490C686063086883630868C26310BDB1
:10D34000A400002080130020D0ED000AF4EEC00AF3
:10D35000F1EE10FA02DD80ED000A7047B1EE400AEE
:10D36000F4EEC00AF1EE10FAF7D280ED000A704731
:10D3700070B52DED028B8AB005460C4616460DB1F0
:10D3800004B11EB90AB0BDEC028B70BD94ED000A69
:10D39000B5EEC00AF1EE10FA0DD194ED010AB5EE2A
:10D3A000C00AF1EE10FA06D194ED020AB5EEC00AF9
:10D3B000F1EE10FA7DD09FED600AB0EE408A0020B9
:10D3C0000790089009900490059006905B4A07CA60
:10D3D00001AB07C395ED010AD5ED030A20EE200A43
:10D3E000D5ED000A95ED021A00EEC10AF0EE000A32
:10D3F00020EE200A8DED070A95ED000AD5ED010A11
:10D4000020EE200AD5ED020A95ED031A00EE810AFE
:10D41000F0EE000A20EE200A8DED080A95ED000AD4
:10D4200020EE000AD5ED030A95ED031A00EE810AFD
:10D43000F7EE000AB0EE001A51EE000ACDED090A2F
:10D4400001AB22463146284600F07AF8D4ED000AB6
:10D4500060EEA00A94ED011AD4ED011A41EE210A02
:10D4600094ED021AD4ED021A41EE210AB0EE600AE0
:10D47000F3F758FDB0EE408A94ED000A20EE080A5A
:10D4800084ED000A94ED010A20EE080A84ED010AF9
:10D4900094ED020A20EE080A84ED020A94ED010AD6
:10D4A000DDED090A20EE200AD4ED020A9DED081AEE
:10D4B00000E03EE000EEC10A8DED040A94ED020AA0
:10D4C000DDED070A20EE200AD4ED000A9DED091AD1
:10D4D00000EEC10A8DED050A94ED000ADDED080AA3
:10D4E00020EE200AD4ED010A9DED071A00EEC10AD4
:10D4F0008DED060A96ED000ADDED010A9DED041A98
:10D5000000EE810A86ED000A96ED010ADDED020AC1
:10D510009DED051A00EE810A86ED010A96ED020ADC
:10D52000DDED030A9DED061A00EE810A86ED020A82
:10D5300000BF00BF26E7000000000000AC54010857
:10D540002DE9F0412DED048B07460D4614461E468D
:10D550009FED580AB0EE409A9FED560AB0EE408A11
:10D560009FED540AF0EE408AD4ED000A60EEA00A66
:10D5700094ED011AD4ED011A41EE210A94ED021A3C
:10D58000D4ED021A41EE210AB0EE600AF3F7CAFCAC
:10D59000F7EE000A80EE801AB0EE419AD5ED000A4F
:10D5A000B0EE600AF3F750FBF0EE409AD5ED010AB9
:10D5B000B0EE600AF3F748FB79EE809AD5ED020AE7
:10D5C000B0EE600AF3F740FB39EE800AF0EE408AD5
:10D5D0003948D0ED000A79EE600AB0EE600AF3F740
:10D5E00033FBB0EE408A9FED350AB4EEC08AF1EE0F
:10D5F00010FA06DC9FED320AF4EEC08AF1EE10FA62
:10D6000053DD9FED2C2AB0EE420A9FED2A2AF0EE60
:10D61000421AB7EE002AF0EE420A9FED262AB0EE3B
:10D62000421AB5EEC08AF1EE10FA05DD9FED232A0D
:10D63000C2EE082AB0EE620A9FED222AB4EEC20AB8
:10D64000F1EE10FA03D29FED1B2AB0EE420AF5EE7E
:10D65000C08AF1EE10FA05DD9FED192AC2EE282AE4
:10D66000F0EE621AB7EE002AB4EEC20AF1EE10FA3A
:10D6700003D220EE802AF0EE420AB7EE002AF4EE42
:10D68000C21AF1EE10FA03D220EEA12AF0EE420AFD
:10D690009FED0D2A20EE822AB0EE421A86ED001A86
:10D6A00086ED011A86ED021A00BFBDEC048BBDE8C1
:10D6B000F081000000000000BC090020CDCCCC3D72
:10D6C0008FC2F53D9A99993ECDCC4C3E10B52DEDCB
:10D6D000048B86B00446B0EE408AF0EE608AB0EE6D
:10D6E000419A0020039004900590009001900290D0
:10D6F000B0EE000AC8EE000AF0EE609AB0EE690AD9
:10D70000F3F7A0FA8DED030AB0EE000AC8EE800A26
:10D71000F0EE609AB0EE690AF3F794FA8DED040A20
:10D72000B0EE000AC9EE000AF0EE609AB0EE690AA7
:10D73000F3F788FA8DED050AB0EE000AC8EE000A8C
:10D74000F0EE609AB0EE690AF3F7F6FB8DED000A91
:10D75000B0EE000AC8EE800AF0EE609AB0EE690AF8
:10D76000F3F7EAFB8DED010AB0EE000AC9EE000AFC
:10D77000F0EE609AB0EE690AF3F7DEFB8DED020A77
:10D780009DED050ADDED040A20EE200ADDED030A19
:10D7900020EE200ADDED020A9DED011A60EE810AFD
:10D7A0009DED001A00EE810A84ED000A9DED020A4B
:10D7B000DDED040A20EE200ADDED030A20EE200A4A
:10D7C000DDED050A9DED011A60EE810A9DED001A5E
:10D7D00000EEC10A84ED010A9DED050ADDED010AA6
:10D7E00020EE200ADDED030A20EE200ADDED020A1C
:10D7F0009DED041A60EE810A9DED001A00EE810A8B
:10D8000084ED020A9DED050ADDED040A20EE200AF2
:10D81000DDED000A20EE200ADDED020A9DED011A81
:10D8200060EE810A9DED031A00EEC10A84ED030A41
:10D8300006B0BDEC048B10BDF8B5002000900024AC
:10D84000F3F722FC8020F3F797FD5520F3F794FDC2
:10D850005520F3F791FD0090F3F70EFC9620F3F7B7
:10D8600074FCF3F711FC8020F3F786FD5520F3F7E5
:10D8700083FD5520F3F780FD0090F3F7FDFB962024
:10D88000F3F763FCF3F700FCB6217E20F3F79CFD71
:10D89000F3F7F2FB5020F3F756FCF3F7F5FB80208B
:10D8A000F3F76AFD5520F3F767FD5520F3F764FDA4
:10D8B0000090F3F7E1FB9620F3F747FCF3F7E4FB66
:10D8C0008020F3F759FD5520F3F756FD5520F3F767
:10D8D00053FD0090F3F7D0FB9620F3F736FC9DF84C
:10D8E00000001E2801D0FF20F8BD194FF3F7CCFB34
:10D8F00004EB4405EE19785D7178F3F765FDF3F7F5
:10D90000BBFB9620F3F721FCF3F7BEFB785D40F0FC
:10D910008000F3F731FD5520F3F72EFD5520F3F786
:10D920002BFD0090F3F7A8FB9620F3F70EFC707820
:10D930009DF80010884204D004EB440038448078FD
:10D94000F8BD641CE4B2062CD0D30020F8BD000062
:10D9500004090020F0B587B00020029003900190E8
:10D960000024F3F791FB8020F3F706FD5520F3F731
:10D9700003FD5520F3F700FD0190F3F77DFB9620A2
:10D98000F3F7E3FBF3F780FB8020F3F7F5FC55207A
:10D99000F3F7F2FC5520F3F7EFFC0190F3F76CFB83
:10D9A0009620F3F7D2FBF3F76FFBB6217E20F3F757
:10D9B0000BFDF3F761FB5020F3F7C5FBF3F764FBB6
:10D9C0008020F3F7D9FC5520F3F7D6FC5520F3F768
:10D9D000D3FC0190F3F750FB9620F3F7B6FBF3F777
:10D9E00053FB8020F3F7C8FC5520F3F7C5FC552006
:10D9F000F3F7C2FC0190F3F73FFB9620F3F7A5FB8A
:10DA00009DF804001E2802D0FF2007B0F0BD7C4F17
:10DA1000F3F73AFB04EB4405EE19785D7178F3F700
:10DA2000D3FCF3F729FB9620F3F78FFBF3F72CFBDE
:10DA3000785D40F08000F3F79FFC5520F3F79CFCE5
:10DA40005520F3F799FC0190F3F716FB9620F3F7B6
:10DA50007CFB70789DF80410884204D004EB4400ED
:10DA600038448078D1E75020F3F76DFB641CE4B2B2
:10DA7000042CCDD30024F3F707FB201D00EB400559
:10DA8000EE19785D7178F3F79FFCF3F7F5FA9620BD
:10DA9000F3F75BFBF3F7F8FA785D40F08000F3F7FB
:10DAA0006BFC5520F3F768FC5520F3F765FC0190FB
:10DAB000F3F7E2FA9620F3F748FB70789DF804102C
:10DAC000884205D0241D04EB4400384480789CE74C
:10DAD0005020F3F738FBF3F7D7FA9220F3F74CFC1A
:10DAE000062202A91220F3F729FCF3F7C5FA9DF8E4
:10DAF000090004AA01029DF80800014304EB440058
:10DB000022F810109DF80B109DF80A3002EB40002F
:10DB100043EA012141809DF80D109DF80C2042EA56
:10DB200001218180641CE4B2022CA4D3F3F7ACFA87
:10DB300000216D20F3F748FCF3F79EFA9620F3F7E7
:10DB400004FBF3F7A1FAED20F3F716FC5520F3F7E9
:10DB500013FC5520F3F710FC0190F3F78DFA962093
:10DB6000F3F7F3FA9DF8040008B104204DE7F3F74A
:10DB70008BFAB6217E20F3F727FCF3F77DFA5020CD
:10DB8000F3F7E1FABDF91000BDF91610411A40F2A1
:10DB9000555081420EDBBDF91210BDF91820891ACB
:10DBA000814207DBBDF91400BDF91A10401AB0F527
:10DBB0002A7F01DA802028E7F3F766FA8020F3F75E
:10DBC000DBFB5520F3F7D8FB5520F3F7D5FB01908D
:10DBD000F3F752FA9620F3F7B8FAF3F755FA8020E4
:10DBE000F3F7CAFB5520F3F7C7FB5520F3F7C4FB47
:10DBF0000190F3F741FA9620F3F7A7FA002004E723
:10DC000085540108F8B5002400200090F3F74EFA7F
:10DC100069460020F3F7A4FBF3F740FA9620F3F7E8
:10DC200094FAF3F743FA69460020F3F799FBF3F708
:10DC300035FA9620F3F789FAF3F738FAB62114206B
:10DC4000F3F7C2FBF3F72AFA5020F3F77CFAF3F765
:10DC50002DFA69460020F3F783FBF3F71FFA9620AD
:10DC6000F3F773FAF3F722FA69460020F3F778FB2B
:10DC7000F3F714FA9620F3F768FA9DF800000F28DE
:10DC800001D0FF20F8BD154FF3F710FA04EB44055F
:10DC9000EE19785D7178F3F797FBF3F7FFF99620AB
:10DCA000F3F753FAF3F702FA785D6946F3F758FB96
:10DCB000F3F7F4F99620F3F748FA70789DF800101E
:10DCC000884204D004EB440038448078F8BD641CDA
:10DCD000E4B2062CD8D30020F8BD000016090020BD
:10DCE00038B5002000900024F3F7E0F969460020E1
:10DCF000F3F736FBF3F7D2F99620F3F726FAF3F7AA
:10DD0000D5F969460020F3F72BFBF3F7C7F9962006
:10DD1000F3F71BFAF3F7CAF9B6211420F3F754FB13
:10DD2000F3F7BCF95020F3F70EFAF3F7BFF96946A1
:10DD30000020F3F715FBF3F7B1F99620F3F705FA96
:10DD4000F3F7B4F969460020F3F70AFBF3F7A6F9F5
:10DD50009620F3F7FAF9F3F7A9F901213C20F3F73C
:10DD600033FBF3F79BF95020F3F7EDF9F3F79EF946
:10DD700069463C20F3F7F4FAF3F790F99620F3F7AD
:10DD8000E4F9641CE4B29DF80000800701D40A2C79
:10DD9000ECD30A2C05D09DF80000400703D54020A5
:10DDA00038BD402038BD002038BD024690680029AB
:10DDB00001D010B991607047104610B10268002A76
:10DDC000FAD105F0CBBA000070B505460E461446F0
:10DDD000002C0ED0206B10B10649496888473046A8
:10DDE00000F0DEF8206321462846BDE87040FFF7CA
:10DDF000DCBF70BDF008002010B500F05FF800280F
:10DE000001D00521C16010BD10B500F057F8002801
:10DE100001D00621C16010BD70B5054600F04EF876
:10DE200004462CB10420E060284600F0B9F82061D7
:10DE3000204670BD70B504460F4E19E02568A089D4
:10DE4000800503D4A06808B1FFF7F4FFA08980051E
:10DE500003D4206908B171688847A089400503D4BC
:10DE6000206B08B1716888477168204688472C4646
:10DE7000002CE3D170BD0000F0080020806801E0B4
:10DE8000491E0068002801D00029F9DC704781682C
:10DE9000002001E0401C09680029FBD1704770B5E3
:10DEA0000D46846800E024682CB12946206B00F000
:10DEB00050F80028F7D1204670BD000010B5064983
:10DEC00038200968884704461CB138212046F2F7FB
:10DED0009FFA204610BD0000F008002000221146E5
:10DEE000AFF300802DE9F04104460D469046FFF760
:10DEF000E5FF0646134F0020B860C6B1204605F086
:10DF00003DF90146304602F01DFD04468CB1B8F1E2
:10DF1000000F13D0204605F031F90446207868B18F
:10DF20003046FFF787FFBC600020BDE8F08100208D
:10DF3000FBE73046FFF77EFF0020F6E705B12C60D7
:10DF40003046F2E7F008002000230122194603F0D2
:10DF500011BA70B504460D46002C01D02DB10AE06F
:10DF60000DB1012070BD002070BD012070BD207872
:10DF700098B1641C6D1C2078F2F72BFA06462878BD
:10DF8000F2F727FA8642F2D02078F2F722FA044616
:10DF90002878F2F71EFA201A70BD002070BD00002C
:10DFA00070B506463046F2F754FA451C074B284632
:10DFB0001B689847044634B12A4631462046F2F79A
:10DFC0000EFA204670BD002070BD0000F008002051
:10DFD00000B58BB0012109910020079008910190B4
:10DFE0000290039004900690059001A90C48F3F765
:10DFF00003FF0B48F4F71DFC02210948F3F768FE04
:10E000000E200A90069001A90648F3F7F5FE054890
:10E01000F4F70FFC02210348F3F75AFE0BB000BDE2
:10E02000741000209C10002010B5044694F82100C4
:10E03000002807D0012804D10E4890ED020A84ED93
:10E04000EE0A10BDE06ADFED0C0A90ED3A0A04F525
:10E05000FC70B1EE400AF9F793F8D4ED860A94ED1E
:10E06000EB0A04F51070F9F78BF894ED980A84ED3B
:10E07000EE0A10BDB45700200000000070B5044641
:10E080002DED028BD4F89400414D808A800503D594
:10E090006869C043401C686194F82000022813D0CE
:10E0A000DFED3C0A9FED3C0AC0B1012842D00328B5
:10E0B00007D19FED3A0A84EDEC0A84EDED0A84ED78
:10E0C000EE0ABDEC028B70BD2046FFF7ADFFBDEC44
:10E0D000028B2046BDE8704000F046B9304A00216E
:10E0E0003048F9F7FDF8204600F03EF9E06A90ED7F
:10E0F0003A0AB1EE400A85ED070AF2F7FFF8B0EEF2
:10E10000408A95ED070AF2F7BDF8D4EDEC0A94EDDC
:10E11000ED1A60EE801A41EE081AC4EDEC1A21EEF9
:10E12000000A00EEC80A84EDED0AB0EE000A84EDA4
:10E13000EE0AC6E71A4A00210C321A48F9F7D0F85D
:10E14000204600F011F9E06A90ED3A0AB1EE400A7B
:10E1500085ED080AF2F7D2F8B0EE408A95ED080A8C
:10E16000F2F790F8D4EDEC0A94EDED1A60EE801A17
:10E1700041EE081AC4EDEC1A21EE000A00EEC80ABE
:10E1800084EDED0AB8EE000A84EDEE0A99E700008E
:10E19000D0010020000048420000C84200000000FA
:10E1A000684F0108083F002070B5D0F89410012591
:10E1B0000323897A0024404A022904D0032907D086
:10E1C00001290AD018E080F8203082F8DC4013E002
:10E1D00080F8205082F8DC500EE082F8DC500221FA
:10E1E00080F82010D0F894100E7DF60602D4C97A7B
:10E1F000012901D180F82040D2F88C12CE7C012E6A
:10E2000004D0D0F89460F67A012E01D182F8DC3087
:10E21000D0F89460F67A032E06D182F8DC50C97CDF
:10E22000012901D182F8DC30244DA97801290AD1D5
:10E23000C16A91ED3A0AB5EEC00AF1EE10FA02D0C9
:10E24000AC7080F82030D2F88C02B0F90410B1F52F
:10E25000257F1AD1B0F90610194A914215D1B0F9AB
:10E260000010914211D1B0F9020090420DD1164830
:10E2700014490160BFF34F8F026802F4E0620A4361
:10E280000260BFF34F8F00BFFDE71048808A400552
:10E2900010D5F4F771FFE968401AB0F5FA7F09D993
:10E2A000F4F76AFFE8602878401CC0B228700228A2
:10E2B00000D32C7070BD000000400020D001002071
:10E2C0006CFDFFFF0400FA050CED00E0084B002098
:10E2D000214800F0F1FA214E214C1F4D4FF6FF77F7
:10E2E000C5F8CC63C5F8D043D5F89400808A4106C0
:10E2F00003D51C48C5F8CC030CE0010604D5194829
:10E30000801CC5F8CC0305E0800503D51548001D29
:10E31000C5F8CC032088642200EBC00101EB00109B
:10E3200007EA8001D5F8CC030088504300B2F3F728
:10E33000CDF8094800F062FA0748FFF735FF0648B4
:10E34000FFF79CFE044800F06DFB034800F0FCF969
:10E35000052005F0BFFDC3E7183B00204B4F002010
:10E36000564F0020D40100202DE9F04104462DED48
:10E37000068B94F8210000280ED0012808D1DF4830
:10E3800090ED000A84EDEC0A90ED010A84EDED0AAF
:10E39000BDEC068BBDE8F08104F0FAFE90ED000ABA
:10E3A00084EDE50A04F0F4FE90ED000AB1EE400AB7
:10E3B00084EDE60A04F0ECFE90ED010A84EDE70A34
:10E3C00004F0E6FE90ED010AB1EE400A84EDE80AA1
:10E3D000002CDDD0D4F89450B5F9020000F10A0108
:10E3E000152900D20020B5F9006006F10A011529AF
:10E3F00000D2002600EE100AB8EEC00ADFEDC00A17
:10E4000020EE200A10EE100AF2F721FABD4F97ED28
:10E41000F61B53EC112BF2F749F8F2F75BFA08EE12
:10E42000100A00EE106AB8EEC00ADFEDB70A20EE5F
:10E43000200A10EE100AF2F70AFA97EDF81B53ECD7
:10E44000112BF2F733F8F2F745FA08EE900AAF48CD
:10E45000AF4E007DC0067DD4A88AC1079FEDADAB4D
:10E460009FEDAE9B35D096ED0C0B53EC192B51EC78
:10E47000100BF2F717FA06D8B0EE490AF0EE690A67
:10E4800086ED0C0B16E0B0EE490AF0EE690A53EC8B
:10E49000102B96ED0C0B51EC100BF2F7EBF909D2A7
:10E4A00096ED0C0B53EC1A2B51EC100BF1F7FEFF11
:10E4B000C6E90C01D4F89403F2F7C9F996ED0C1BE8
:10E4C00053EC112BF2F799F8F2F704FA08EE100A60
:10E4D00036E0800734D596ED0E0B53EC192B51EC3A
:10E4E000100BF2F7DFF906D8B0EE490AF0EE690A30
:10E4F00086ED0E0B16E0B0EE490AF0EE690A53EC19
:10E50000102B96ED0E0B51EC100BF2F7B3F909D26C
:10E5100096ED0E0B53EC1A2B51EC100BF1F7C6FFD6
:10E52000C6E90E01D4F89803F2F791F996ED0E1BA7
:10E5300053EC112BF2F761F8F2F7CCF908EE100A60
:10E54000D4F89400808A41072FD553EC192B96ED0F
:10E55000100B00E058E051EC100BF2F7A3F902D8D1
:10E5600086ED109B12E096ED100B53EC192B51EC3D
:10E57000100BF2F77FF909D296ED100B53EC1A2B22
:10E5800051EC100BF1F792FFC6E91001D4F89C038F
:10E59000F2F75DF996ED101B53EC112BF2F72DF805
:10E5A000F2F798F908EE900A2EE000072CD596EDC8
:10E5B000120B53EC192B51EC100BF2F773F902D834
:10E5C00086ED129B12E096ED120B53EC192B51ECD9
:10E5D000100BF2F74FF909D296ED120B53EC1A2BF0
:10E5E00051EC100BF1F762FFC6E91201D4F8A00359
:10E5F000F2F72DF996ED121B53EC112BF1F7FDFFFD
:10E60000F2F768F908EE900AD4F89400858AE806D3
:10E610003BD5E8079FED439B0CD0D4F89403F2F769
:10E6200016F953EC192BF1F7E8FFF2F753F908EE5E
:10E63000100A0DE0A8070BD5D4F89803F2F707F9F4
:10E6400053EC192BF1F7D9FFF2F744F908EE100A51
:10E6500068070CD5D4F89C03F2F7F9F853EC192BA2
:10E66000F1F7CBFFF2F736F908EE900A0DE0280734
:10E670000BD5D4F8A003F2F7EAF853EC192BF1F715
:10E68000BCFFF2F727F908EE900AB0EE480A2046E0
:10E6900000F0CEFBB0EE680A04F1100000F0C8FBF9
:10E6A00018EE100A21499FED220B9FED231A884294
:10E6B0000ADA18EE100A2149884205D286ED0C0BC1
:10E6C00086ED0E0B84ED011A18EE900A1C49884263
:10E6D0000ADA18EE900A1B49884205D286ED100B23
:10E6E00086ED120B84ED051A94ED010A84EDEC0A17
:10E6F00094ED050A84EDED0A4AE60000B4570020C7
:10E700006F12833B183B0020A69BC4BB084B002024
:10E71000D00100207B14AE47E17A743F0000000076
:10E720000000F03F333333333333E33F0BD7233D24
:10E730009A9999999999C93F000000000BD723BD78
:10E7400090C2753D90C275BD70B5044694F8200026
:10E7500003283ED0002504EB8500D0ED0D0A05EB23
:10E76000850004EB800090ED130A05EBC50004EB77
:10E77000C00006469830F8F703FD04EB051096ED4F
:10E780002E0A00F5DC7000F053FB6D1CEDB2042D79
:10E79000E1D394ED7B0ABDEEC00A10EE100A94EDB1
:10E7A000770A03B2BDEEC00A10EE100A94ED730AA8
:10E7B00002B2BDEEC00A10EE100A94ED6F0ABDE879
:10E7C0007040BDEEC00A01B210EE100A00B2F2F7BE
:10E7D00011BE9FED090A84ED2E0A84ED400A84EDF6
:10E7E000520A84ED640A84ED6F0A84ED730A84EDA5
:10E7F000770A84ED7B0ACCE70000000010B50446E0
:10E80000002C4FD00020DFED280A00EB800104EB44
:10E8100081014A6CB2F9022000EE102AB8EEC00A5B
:10E8200020EE200A81ED130A401CC0B20428ECD36C
:10E8300094ED180AD4ED130AD4ED1D1A30EE601AC7
:10E8400031EE212A94ED221A72EE412AB5EE002A09
:10E8500062EE822AC4EDE92A71EE812A72EEE02A84
:10E8600072EEC02A22EE822A84EDEA2A30EE800A75
:10E87000DFED0E0A30EE210A30EE010A80EE201A9A
:10E8800084EDEB1A606A9FED0A1A90ED000AE06AC7
:10E89000D0ED3A0A30EE600ADFED060A01F04AFCDC
:10E8A00084EDEF0A10BD000072DCD9390E04CDBF33
:10E8B000DB0F4940DB0F49C070B504462DED048BDA
:10E8C00000F0A4FD2034606700F0B4FDE06000F0CB
:10E8D00079FC606000F058FDA060002000F0EAFCC8
:10E8E0006062012000F0E6FCA063022000F0E2FC80
:10E8F000E064032000F0DEFC20660320207000208E
:10E900006070203C9FED3E8ADFED3E8A3E4AF0EE8D
:10E91000480AB0EE680A1646002104F19800F8F79C
:10E92000DFFCF0EE480AB0EE680A3246002104F13E
:10E93000E000F8F7D5FCF0EE480AB0EE680A32467F
:10E94000002104F59470F8F7CBFCF0EE480AB0EE25
:10E95000680A3246002104F5B870F8F7C1FC0025BA
:10E960009FED2A9A05EBC50004EBC0009830F0EE4D
:10E97000480AB0EE680A32460021F8F7B1FC04EB11
:10E98000051000F5DC702249B0EE490A00F077FA74
:10E990006D1CEDB2042DE5D31B4ADFED1E0A9FED81
:10E9A0001E0A0C32002104F5FC70F8F799FC164A97
:10E9B000DFED1A0AB0EE080A1832002104F51070D3
:10E9C000F8F78EFC9FED160A114A0021F0EE400A7E
:10E9D000121D04F55370F8F783FC0D49B0EE490A97
:10E9E0000839204600F04BFAB0EE490ABDEC048B22
:10E9F00004F11000BDE870400549091F00F03FBA5E
:10EA00000000FA4400007A46485300206F12033B8E
:10EA1000584F0108333323410000A441CDCC4C3E74
:10EA20000000C84270B504462D482E4D808A00056E
:10EA300026D5F4F7A1FBA969401AB0F5FA7F1FD9D2
:10EA4000F4F79AFBA861032084F820000120A87045
:10EA50002548DFED260A90ED400A30EE200A80EDD1
:10EA6000400A10EE101A224A914205DDDFED210A1C
:10EA700030EE600A80ED400A687858B30020687074
:10EA800069781D4841B39621016094EDEC0AD4EDFC
:10EA9000ED0ADFED1A1AB1EE401A31EE602A94ED5C
:10EAA000EE1A01EE212A84ED0D2A30EE602A01EEE5
:10EAB000212A84ED0E2A30EE202A01EE212A84ED4F
:10EAC0000F2A30EEC00A01EE210A84ED100A002060
:10EAD000E87070BD0120D2E740F6A7210160D4E7BD
:10EAE000084B0020D001002000400020DB0F4940EF
:10EAF000DB0F4940DB0FC940BC0200200E04CDBE35
:10EB00002DE9F04106460F4600240C4DC4EBC4002D
:10EB100005EBC0013069F1F7A3FC28B1641CE4B235
:10EB2000142CF3D3BDE8F081C4EBC40005EBC000A6
:10EB3000416B3846BDE8F0410847000074040020EE
:10EB40002DE9F041064665A13046FFF7A8F90069B6
:10EB50006449F1F785FC644D18B360A13046FFF7B6
:10EB60009EF960490069491FF1F77AFC68B35BA11F
:10EB70003046FFF794F95B490069C91DF1F770FC55
:10EB800000284ED055A13046FFF789F90069574952
:10EB9000F1F766FC002873D055A004F09BFFBDE898
:10EBA000F081002485F821404CA13046FFF777F929
:10EBB000056955A0294604F08DFF54488464C46457
:10EBC0000465284600F0E6F9E9E7012085F8210010
:10EBD00042A13046FFF763F907694BA0394604F0BC
:10EBE00079FF4BA13046FFF75AF980464046FFF7C0
:10EBF0004EF906460024454D48350CE02146404676
:10EC0000FFF73CF990ED060B51EC100BF1F762FEAB
:10EC100045F82400641CB442F0DB384600F0BAF931
:10EC2000BDE72EA13046FFF73AF9056936A029461F
:10EC300004F050FF38A13046FFF731F934A1FFF757
:10EC40002EF9064600213046FFF718F9354C90EDB5
:10EC5000060B84ED380B01213046FFF70FF990EDDC
:10EC6000060B84ED3A0B02213046FFF707F990EDD1
:10EC7000060B84ED3C0B284600F08CF98FE7FFE78C
:10EC800016A13046FFF70BF904691FA0214604F0D6
:10EC900021FF25A13046FFF702F91DA1FFF7FFF87C
:10ECA000064600213046FFF7E9F890ED060B85EDAA
:10ECB000F60B01213046FFF7E1F890ED060B85EDEC
:10ECC000F80B02213046FFF7D9F890ED060B85EDE1
:10ECD000FA0B204600F05EF961E700006D6F646595
:10ECE0000000000059040020183B0020D408002038
:10ECF0006374725F6D6F646520666F726D617420FE
:10ED00006572726F7200000025730A006C57002054
:10ED100064617465000000006461745F76697375F6
:10ED2000616C0000004400206461745F6E6163697F
:10ED3000676174696F6E000010B5A4220249034830
:10ED4000FAF704F910BD00001053002000000E086F
:10ED5000064807490068B0FBF1F206490A704FF413
:10ED60007A72B0FBF2F04860704700009800002013
:10ED700040420F009C00002070B500214FF0E025BC
:10ED80006C690A4A12785043AB69AA699A42FCD06E
:10ED900003D2A3EB0203194403E0A4EB02063344BD
:10EDA000194413468142F0D370BD00009C0000203E
:10EDB0002DE9F0410446002C09D022683AB1A3683D
:10EDC00058186168814204DBD018BDE8F08100204A
:10EDD000FBE701F027FE07460C4E384631688847AE
:10EDE000054665B1D4E900122846F1F7F8FA7168D2
:10EDF0002068884767602560A0682844E5E7716857
:10EE000020688847002060602060DEE7F00800206E
:10EE100000F0C0B801F0FCB982B0CDE9000121F0EA
:10EE2000004001909DED000B02B051EC100B7047BB
:10EE300010B510EE103A03608168C26800EE101A37
:10EE400000EE902A446830EE201A00EE101AC0EE50
:10EE5000010A00EE104A20EE801A00EE101A00EEB1
:10EE6000902A70EE201A00EE102AC0EE210A00EE61
:10EE7000103A00EE801A11EE101A416010BD10EE2B
:10EE8000102AC260096881600021016041607047FA
:10EE900010B5384C2068B0F1113F63D004F1A400E4
:10EEA0009FED350A80ED0E0AF2EE040AC0ED0F0A5E
:10EEB0009FED320A80ED100AC0ED110A80ED120AB2
:10EEC000B9EE081A80ED131AB2EE001A80ED141A8A
:10EED00080ED150AB7EE081A80ED161ADFED281A34
:10EEE000C0ED1A1A9FED271A80ED1B1A80ED1C0A3F
:10EEF0009FED252A80ED172AB1EE002A80ED182A11
:10EF0000DFED222AC0ED192AF3EE042AC0ED1D2AF6
:10EF100080ED1E1A80ED1F2AC0ED201A80ED211A07
:10EF2000C0ED220A80ED230A80ED240A80ED250A37
:10EF3000B7EE000A80ED260A80ED270A80ED280A48
:10EF40002079FF2815D10B49A422A4310948F1F7F3
:10EF500046FA00202071BDE81040A42205490C4863
:10EF6000F9F7F4BF0349A42201F1A400F1F737FA3D
:10EF7000E6E710BD6C52002000401C460000000077
:10EF800000E0AB450AD7233C00004842CDCC4C3EC4
:10EF900000000E0810B5002821D0114B0022001FE0
:10EFA000196803E0814203D80A4649680029F9D16B
:10EFB00052B11368841A9C4204D10068184410604E
:10EFC000104602E0506000E0186039B102680B1A88
:10EFD000934203D10B681A4402604968416010BD36
:10EFE000C0090020652822D007DC072831D2DFE8DD
:10EFF00000F0300C0F1215181B006638052828D2B7
:10F00000DFE800F0181B1E21240040F201107047B9
:10F010004FF48170704740F2031070474FF48270D4
:10F02000704740F2051070474FF48370704740F20C
:10F03000651070474FF4B370704740F26710704727
:10F040004FF4B470704740F2691070474FF4B570D8
:10F0500070470020704740F20222A0F20221904245
:10F0600035D019DC40F20112A0F20111904224D0F7
:10F0700008DC012819D0022819D0032819D0052846
:10F0800037D118E001291AD003291AD004291AD03F
:10F09000B1F5807F2DD118E009292AD2DFE801F0EF
:10F0A00029191B1D1F21232527000B207047012034
:10F0B0007047202070470B207047042070470420C1
:10F0C000704702207047012070471B2070471020B6
:10F0D00070471020704701207047012070470120C1
:10F0E00070470720704706207047012070470620B0
:10F0F000704700207047000040F20222A0F2022177
:10F1000090423CD019DC40F20112A0F20111904271
:10F1100026D008DC012819D0022819D0032819D0DC
:10F12000052847D119E001291DD003291ED0042943
:10F130001FD0B1F5807F3DD11EE009293AD2DFE82A
:10F1400001F0392124272A2D303336001A48704720
:10F150001A48704718480B30704717482B307047D3
:10F160001648C01D704715480B3070471348401DA6
:10F1700070471248401C70470F48363070470E48A1
:10F18000513070470C48613070470C48801C704704
:10F190000A48C01C70470948001D704707481F30C7
:10F1A000704706481330704704480F3070470348D3
:10F1B0001930704700207047FD4E0020C803002022
:10F1C0000020704700487047E44B00202DE9F041D3
:10F1D00004460D4616461F4614B10DB106B10FB9CF
:10F1E000BDE8F081D4ED010A94ED031A60EE810AC6
:10F1F00094ED001AD4ED021A41EE610AB8EE001A3D
:10F2000060EE810AB0EE600AF1F718FD86ED000AA3
:10F2100094ED001A21EE011AD4ED011A94ED012AA1
:10F2200001EE821AF7EE001AB0EE002A52EE011A31
:10F23000F0EE610A94ED001AD4ED031A21EE211AC2
:10F24000D4ED011A94ED022A01EE821AF0EE001AB2
:10F2500021EE211AB0EE410AF1F7F2FC85ED000A29
:10F2600094ED001A21EE011AD4ED031A94ED032A4D
:10F2700001EE821AF7EE001AB0EE002A52EE011AE1
:10F28000F0EE610A94ED001AD4ED011A21EE211A74
:10F29000D4ED021A94ED032A01EE821AF0EE001A60
:10F2A00021EE211AB0EE410AF1F7CAFC87ED000AFF
:10F2B00000BF95E700F00300024900EB800001EB7E
:10F2C00040007047503F00202DE9F047FEF79CFDBD
:10F2D000814625A0FEF7A0FD024627A14846FEF77D
:10F2E00073FDFEF791FD8046FEF786FD0746234835
:10F2F0001421816000250020204E2C3607E0C0EB51
:10F30000C00206EBC202526B02B16D1C401C884267
:10F31000F5DB00240BE0C4EBC40006EBC000FEF7F5
:10F320007BFD024613A13846FEF74EFD641CAC423D
:10F33000F1DB3A460EA14046FEF746FD424610A1DB
:10F340004846FEF741FD4846FEF7FEFD04462146CD
:10F350000CA004F0BFFB4846FEF76CFD2046FFF70B
:10F3600019FEBDE8F08700006765745F636D645F38
:10F370006E616D6500000000636D6400480400204C
:10F380006461740025730A0000487047B04B002088
:10F390002DE9FF41DFF84080D8F84000F1F757FA37
:10F3A00004460D46D8F83C00F1F751FA06460F46E0
:10F3B000D8F83800F1F74BFA41EC100B08F10501D1
:10F3C00053EC102B05A0CDE90067CDE9024504F010
:10F3D00081FB04B0BDE8F0816C5200200D0A0925C4
:10F3E000730D0A096D6F746F725F73706565645F8A
:10F3F0007069643A5B25662C25662C25665D0D0ACE
:10F40000090D0A0000487047823F002000487047FD
:10F41000084B0020024900EB800001EB40007047E0
:10F42000503F002000487047AA3F00200048704726
:10F43000783F0020004870470040002010B5044687
:10F440002DED028BB0EE418A002C3ED084ED040AF3
:10F45000C4ED030A30EEC00A9FED1D1ADFED1D0A50
:10F4600000F068FE84ED050AD4ED000A60EE800A23
:10F47000C4ED080AD4ED090AD4ED011A41EE800A60
:10F48000C4ED090A94ED020A20EE080A84ED0A0A86
:10F4900094ED070A04F12400FDF756FF94ED080AE5
:10F4A000D4ED090A30EE200AD4ED0A0A30EE200A23
:10F4B00084ED0B0A94ED060A04F12C00FDF744FFDD
:10F4C00094ED0B0ABDEC028B10BD9FED030AF9E72A
:10F4D000DB0F4940DB0F49C00000000000280FD0BF
:10F4E00080ED001AC0ED011A80ED022A9FED051A89
:10F4F00080ED051A80ED041AC0ED070A80ED060ABA
:10F50000704700000000000010B504462DED028B8E
:10F51000002C38D0D4F8800290ED010A84ED8F0AD7
:10F52000D4F84001B4F81E12008800F0A7FE84ED64
:10F530008A0AD4F8840290ED010A84ED910AD4F885
:10F54000800290ED000A84ED3F0A2068B4F8DE10D6
:10F55000008800F093FE84ED3A0A94ED8A0AF0F7F1
:10F5600091FED4F88402D0ED020A20EE208A94EDB8
:10F570008A0AF0F7C3FED4F88402D0ED000A00EE48
:10F58000608A84ED418ABDEC028B10BD70B50446E3
:10F590002DED028B002C71D0FFF77AFC9FED398A9C
:10F5A00004F5806080ED348A002084F8D40484F867
:10F5B000DC009FED350A84ED880A9FED340A84ED66
:10F5C000890AFFF733FF2060FFF71CFFC4F84001F2
:10F5D000FFF71CFFC4F88C02FFF7F4FDC4F88002AB
:10F5E000FFF7D2FEC4F88402DFED2A8ADFED280A95
:10F5F000294AB0EE680A002104F5EA70F7F770FEB8
:10F60000254ADFED260AB0EE680A1832002104F11F
:10F610009400F7F765FE204DF0EE480A683DB2EE23
:10F620000E0A95ED1F2AD5ED1E1A95ED1D1A201D07
:10F63000FFF754FF95ED192AD5ED181A95ED171A15
:10F64000F0EE480AB2EE040A04F5A270FFF746FF96
:10F650009FED138ADFED138A1348F0EE480AB0EEEF
:10F66000680A00F0A7FCF0EE480AB0EE680ABDECAC
:10F67000028B0E48BDE8704000F09CBCBDEC028BD4
:10F6800070BD0000000000009A99193F8FC275BF3D
:10F6900000401C460060EA467853002000409C452C
:10F6A000000096430000A0427C450020A8450020B1
:10F6B00070B504462DED048B854E3089A4F8DE002C
:10F6C00041F67C20A4F81E023078401CC0B2307095
:10F6D0009FED809A04F58065322807D986ED039A5C
:10F6E00086ED049A84EDF49A85ED069A94F8D40494
:10F6F00020B984ED909A012084F8D40494F8DC00B9
:10F70000754B4FF48071012802D0032810D075E0AA
:10F7100001221846F3F728FD704890F8200018B130
:10F720006F4800F0EBF869E06D4800F059F965E0CA
:10F7300000221846F3F718FDD4F88C120022B1F914
:10F74000040000F10A03152B01D3708000E07280E1
:10F75000B1F9060000F10A019FED628B152901D372
:10F76000B08000E0B28095ED380B51EC100BF1F752
:10F77000B1F800EE100AB1EE400A84ED400A95EDB2
:10F780003A0B51EC100BF1F7A5F800EE100AB1EEB0
:10F79000400A84ED900AD4ED8F0A30EE600A10EE34
:10F7A000100AF1F754F841EC100BFCF789F953EC0F
:10F7B000182B51EC100BF1F775F803D294ED8F0A6A
:10F7C00084ED900A94ED400AD4ED3F0A30EE600AD1
:10F7D00010EE100AF1F73BF841EC100BFCF770F952
:10F7E00053EC182B51EC100BF1F75CF803D294EDAD
:10F7F0003F0A84ED400A3A4800F080F800F026F90C
:10F800009FED3A1ADFED3A1A354820EE010ADFED96
:10F81000392AC0EE210A90ED3F0A201D30EE012A60
:10F8200082EE220A9FED342A20EE020A20EE011A0F
:10F8300081EE210A94ED411AFFF700FE84ED420AA1
:10F8400094ED411AF0EE400A04F19400B0EE410A42
:10F85000F7F796FC84ED450A94ED911AD4ED900AE1
:10F8600094ED8F0A04F5A270FFF7E8FD84ED920A8B
:10F8700094ED911AF0EE400A04F5EA70B0EE410AF8
:10F88000F7F77EFC84ED950A94F8DC0048B984ED26
:10F89000D09A85ED189A84ED909A84ED459A84ED7E
:10F8A000959A94ED950A00231A46BDEEC00A10EE13
:10F8B000100A94ED450ABDEC048BBDEEC00A01B2FE
:10F8C000BDE8704010EE100A00B2F1F7B7BD0000BD
:10F8D000B40200200000000000080240183B002095
:10F8E000004000209A9999999999D93FDB0F494096
:10F8F00000003443DB0FC9400000B443D0F88C1241
:10F90000DFED2C0AB1F9062000EE102AB1F90E2025
:10F91000B8EEC00A60EE200A00EE102AB8EEC01A57
:10F920009FED250A41EE400A90ED901A71EE600AB3
:10F93000C0ED900AB1F90420DFED201A01EE102A83
:10F94000B1F90C10B8EEC11A21EE211A01EE901A8D
:10F95000F8EEE11A01EE801A90ED400A30EE410A0D
:10F9600080ED400A10EE101A154A914204DD9FED19
:10F97000150A80ED400A08E010EE101A124A914272
:10F9800003D99FED120A80ED400A10EE901A104A3A
:10F99000914204DB9FED0F0A80ED900A704710EE54
:10F9A000901A0D4A9142F9D39FED0C0A80ED900A0E
:10F9B0007047000082A87B376F12033A17B7D13720
:10F9C000DB0F4940DB0F49C0DB0F49C0DB0F49406B
:10F9D0009A99193F9A99193F8FC275BF8FC275BF07
:10F9E000704700002DED028BA42212491248F9F74E
:10F9F0009DFA1248FFF7CAFD9FED118B124C0F487C
:10FA0000FFF782FD0D48FFF753FE94ED380B94EDA0
:10FA1000361B53EC102B51EC110BF0F72BFF01D1DF
:10FA200084ED3C8B94ED380B84ED360B052004F00F
:10FA300051FAE4E76C52002000000E08004000205C
:10FA4000000000000000000000440020274890ED66
:10FA5000400ADFED270A70EE201A9FED260A81EE9C
:10FA6000801ADFED251A21EE211A90ED3F2A72EE61
:10FA7000200A80EE802A62EE210A9FED1D0A90ED99
:10FA8000402AD0ED3F3AB4EEE01A72EE002A9FED24
:10FA9000192A33EE800A82EE823ADFED172AC0EE91
:10FAA000023A23EE223A23EEA20A33EE400AF1EEA6
:10FAB00010FA0CDB10EE100A1049884204DD31EE1A
:10FAC000610A30EE600A0EE000EE100A0BE010EE64
:10FAD000100A0B49884204D931EE210A30EE600A3F
:10FAE00001E000EE100A30EE800A7047004000206E
:10FAF000DB0F4940DB0FC9400000B4430000344332
:10FB0000000034C3002820D000291ED0002A1CD0B9
:10FB1000D0ED000A91ED001A9FED0C0A41EE400A6B
:10FB2000C0ED000AD0ED010A91ED011A41EE400A44
:10FB3000C0ED010AD0ED020A91ED021A41EE400A31
:10FB4000C0ED020A1088401C1080704752499D3950
:10FB500070B5134C1348A27800F18C019830002A3C
:10FB600003D0012A05D0002070BDF6F785FB0020E8
:10FB700070BD0B4A121DF6F74DFBA088E188884244
:10FB80000AD90025A5802420F7F70EFCA57006A051
:10FB900003F0A0FF012070BDF7F724FC002070BD2A
:10FBA000480400206C520020696D752063616C6907
:10FBB000206973206F6B0A0070B5054616A12846B0
:10FBC000FEF76DF9006916A1F0F74AFC154C48B133
:10FBD00011A12846FEF763F9006913A1F0F740FC74
:10FBE00018B104E00120A07001E00020A0700FA176
:10FBF0002846FEF754F90021FEF740F990ED060B78
:10FC00009FED0C1B51EC100B53EC112BF0F7F5FC96
:10FC1000F0F704FEE08070BD6D6F646500000000C9
:10FC20003100000048040020300000006461746569
:10FC30000000000000000000000059402DE9F04FD6
:10FC4000099D0024DFF8D8C0DFF8D8A00CF1240803
:10FC50000AF1180B08F124090AF1340E04EB4406EA
:10FC60000CEB860793ED050AD7ED000A97ED011A14
:10FC700020EE200AD3ED060A00EE810AD3ED070A32
:10FC800097ED021A0AEB840700EE810AD7ED000A0D
:10FC900000EB840730EE200A87ED000A08EB8607A8
:10FCA00093ED010AD7ED000A97ED011A20EE200A24
:10FCB000D3ED020A00EE810AD3ED030A97ED021A92
:10FCC0000BEB840700EE810AD7ED000A01EB8407F5
:10FCD00030EE200A87ED000A09EB860695ED010A51
:10FCE000D6ED000A96ED011A20EE200AD5ED020AA3
:10FCF00000EE810AD5ED030A96ED021A0EEB84069A
:10FD000000EE810AD6ED000A02EB840630EE200AEE
:10FD100086ED000A641CE4B2032C9FD3BDE8F08F8B
:10FD200024030020204C002010B53C4B1878C40759
:10FD30003B48D0E9121223D008680068C0071FD1E1
:10FD400010680068C0071BD15878800718D49878CD
:10FD5000800715D4187820F001001870187840F04A
:10FD600002001870002201212E48F3F7FDF92B49FB
:10FD700008222031BDE81040A1F10800F7F73CBB94
:10FD80005878C407284821D00C682468E4071DD19E
:10FD900014682468E40719D11C78A40716D49C7849
:10FDA000A40713D4597821F001015970597841F012
:10FDB0000201597000221021F3F7D6F917480922E1
:10FDC000BDE8104019492830F7F716BB9C78E407C6
:10FDD00022D009680968C9071ED111680968C907D6
:10FDE0001AD11978890717D45978890714D49978C2
:10FDF00021F001019970997841F002019970002277
:10FE00001021F3F7B1F9054904221431BDE810407F
:10FE1000A1F10D00F7F7F0BA10BD0000F0020020CC
:10FE2000201200200004024000000240F04B00209D
:10FE30000149096848637047C813002010B51B4981
:10FE40001B4C887900281AD02046DFED1A0AF7F7F4
:10FE500097F994ED080AB5EEC00AF1EE10FA03D254
:10FE60009FED150A84ED080A94ED080ABCEEC00A5D
:10FE700010EE100A80B2BDE81040FFF7D9BF10EEB7
:10FE8000100A0E4A90420BDD4879401CC0B24871FE
:10FE9000C82805D9012088719FED090A84ED0A0A56
:10FEA000BDE8104041F28730FFF7C2BFF0020020EA
:10FEB000604C00200000344200000000000034428A
:10FEC00000401C45704700001FB5012303AC6421AE
:10FED000CDE90043024602911C210348F3F728FABA
:10FEE0009DF80C0004B010BD6C11002013B584B057
:10FEF000012305AC6421CDE90043024602911C2197
:10FF00000248F3F775FB06B010BD00006C1100202D
:10FF1000012240210148F3F727B9000000180240F0
:10FF2000002240210148F3F71FB9000000180240E9
:10FF3000704700F0BDB900002DE9F0410024FFF743
:10FF4000C1FFFFF7F5FFFFF7EBFF3220FFF7F1FFEF
:10FF5000FFF7DEFF3220FFF7ECFF0020FFF7B4FFD2
:10FF6000102802D04020BDE8F0810120FFF7E1FF1A
:10FF70000F4F04EB4405EE19785D7178FFF7B6FF7B
:10FF80000120FFF7D6FF785DFFF79EFF05460120B1
:10FF9000FFF7CFFF7078A84204D004EB4400384448
:10FFA0008078E0E7641CE4B2042CE2D30020DAE7B6
:10FFB000975401089FED091A80ED001A80ED051A8B
:10FFC00080ED080AC0ED090AB7EE000A80ED070AC5
:10FFD00080ED0A0A80ED011A704700000000000061
:10FFE00010B5D0F8040240F293240022B0F9083092
:10FFF0000949A34205DA807C012802D04A8000200A
:020000040801F1
:1000000010BD4888401C80B24880782802D34A80BE
:10001000012010BD002010BDA84C00202DED0A8B42
:10002000424E9FED43AA4FF47A777CE056F82500C4
:10003000020E00EE102AB8EE408AC0F3074100EE2F
:10004000101AF8EE408AC0F3072300EE103AB8EE1B
:10005000409AC4B200EE104AF8EE409A6D1C56F871
:1000600025004FEA106C00EE10CAF8EE400A00EED0
:10007000102AB8EE400A70EEC01AC0F3074200EE34
:10008000102AF8EE400A00EE101AB8EE400A30EEE0
:10009000C01AC0F3072100EE101AF8EE400A00EE75
:1000A000103AB8EE400A70EEC00AC0B200EE100A74
:1000B000B8EE402A00EE104AB8EE400A32EE400A8E
:1000C000C1EE8AAA81EE0ABAC0EE8ABA80EE0ACAE6
:1000D000002438EE2A8A78EE8B8A39EE2B9A79EE54
:1000E0008C9ABCEEC80A10EE100ABCEEE80A0106B3
:1000F00010EE100ABCEEC90A41EA004110EE100AE7
:10010000BCEEE90A41EA002010EE101A0843FDF7A0
:10011000FDF8012000F0CCF8641CA4B2BC42D8D396
:10012000ADB2062D82D3002580E7000074020020C6
:1001300000007A44B4EEE01AF1EE10FA0ED371EE3C
:10014000601AB4EEC10AF1EE10FA02DC07E030EEFC
:10015000610AB4EEC10AF1EE10FAF8DC7047B4EEB1
:10016000E00AF1EE10FA02D3704730EE210AB4EE45
:10017000E00AF1EE10FAF8D370470000F3F7B6FB8F
:10018000F8F752FFF6F79CFBF6F7E4FAF6F7C2FC35
:10019000F6F794FDF6F79EFCF6F7E0FCF6F784FA26
:1001A000F6F7A4FAF6F7E6FDF6F700FEF6F71EFE00
:1001B000F6F750FCF6F76EFCF6F7BAFAF6F700FD24
:1001C000FEF7C6FDFDF704FF02F0A6FB0A48006833
:1001D000C16841F01001C1604FF4807207490648C0
:1001E000F5F728FDF6F70CFB00F06AF804494FF428
:1001F0007A700A689063FCE7981400206E4F002024
:10020000381300200021842800D0C11C0846704704
:10021000F0B50B30154D20F007010024144A0FE013
:1002200003688B420BD38B4205D95E1A431847688B
:10023000C3E9006700E04368136002C004E0021DE8
:1002400010680028ECD12046002802D1286808B1A7
:100250000020F0BD064A07481060074A121A22F033
:100260000702C0E9002401202860D7E7C409002064
:10027000C009002024BE002020EE0020401AB0F566
:10028000805F03DDA0F5F850FF3805E010F5805FD2
:1002900002DA41F6FF71084400EE100ADFED030AAE
:1002A000B8EEC00A20EE200A70470000DB0F493A82
:1002B00010B5002800D1012003F00CFE002010BD75
:1002C00010B503F0D3FE002010BD30B585B0044654
:1002D0000D466169B4F90800002910D0A16971B117
:1002E000FFF790FF6269A1690192029100902B468D
:1002F00022692168606804F05DFB049010E0FFF75C
:1003000081FF04A901910090208A2B4682B22168C6
:10031000606804F019FB012802D005B0002030BD50
:10032000049805B030BD2DE9F04704468846002505
:100330002FE02078A52802D0641C6D1C29E0FF2244
:1003400004212046F1F79AFC217988421FD1B4F8A4
:1003500005904846FEF77FFE0646A8EB0500B04232
:1003600015DB4FF6FF72F11D2046F1F76FFCA71960
:10037000B7F8071088420AD14846FEF7BDFE32465C
:10038000E11DF0F72CF8FC1D3544ED1D01E06D1C5E
:10039000641C4545CDDBBDE8F08700002DE9F04148
:1003A00007460878234E5B2803D0B1600020BDE8E3
:1003B000F0810520F860481C02F0E0FE0446207839
:1003C0005D2811D0FDF77AFD0546B86070B1204672
:1003D00002F0D4FE0146284600F0B4FA02F0CEFE48
:1003E0000446200004D016E0601CE0E70020DEE7B1
:1003F0000020DCE7FDF762FDB0B1286045600546EE
:10040000601C02F0BBFE0146284600F09BFA02F099
:10041000B5FE044654B120782C28EBD020785D2816
:1004200006D0B4600020C2E70020C0E70020BEE78D
:10043000601CBCE7F00800200178A1F13002092A15
:1004400001D811460AE0A1F14102052A01D8373945
:1004500004E0A1F16102052A0AD857390A01401CBB
:100460000178A1F13003092B04D8303A11440EE091
:1004700000207047A1F14103052B02D8373A1144FF
:1004800005E0A1F16103052B0BD8573A11440A018D
:10049000401C0178A1F13003092B04D8303A1144F3
:1004A0000EE000207047A1F14103052B02D8373A36
:1004B000114405E0A1F16103052B0AD8573A114414
:1004C00009014078A0F13002092A04D830390844E3
:1004D000704700207047A0F14102052A02D8373941
:1004E00008447047A0F16102052A02D85739084430
:1004F000704700207047000070B5FDF7EFFC044620
:100500008CB10BA12046FDF7CAFC054609A1204687
:10051000FDF7C5FC01462846FEF7F2FA2046BDE885
:100520007040FDF787BC04A003F0D4FAF6E70000A2
:10053000636D6400646174004A736F6E20666F724D
:100540006D6174206572726F720000002DE9F041D8
:1005500006462DED0C8B0C469FED578B9FED58DB1F
:10056000B0EE4DBAF0EE6DBAB0EE489AF0EE689A81
:100570000025012720782D2802D19FED53BB641C54
:100580002078302800D1641C207831389FED50CB82
:1005900008281AD814F8010B3038F0F70FF941EC9D
:1005A0001A0BB0EE4C0AF0EE6C0A53EC102B51EC27
:1005B000180BF0F722F853EC1A2BEFF777FF41EC0A
:1005C000180B207830380928E4D920782E2828D133
:1005D0006078302825D3392823D8641C14F8010BFF
:1005E0003038F0F7EBF841EC1A0BB0EE4C0AF0EEB5
:1005F0006C0A53EC102B51EC180BEFF7FEFF53EC89
:100600001A2BEFF753FF41EC180B53EC1D2B51EC59
:10061000190BEFF7ECFF41EC190B20783038092863
:10062000DCD92078652801D0452817D1641C2078B2
:100630002B2802D02D2802D00BE0641C09E04FF0DB
:10064000FF37641C05E005EB8501641C00EB4105E8
:10065000303D2078A0F130010929F4D905FB07F0DD
:10066000F0F7ACF853EC192BEFF720FF41EC110B2E
:10067000B0EE4C0AF0EE6C0AFBF7BAFAB0EE409A14
:10068000F0EE609A53EC182B51EC1B0BEFF7B5FF13
:1006900053EC192BEFF7B1FF41EC100B86ED060B75
:1006A00051EC100BF0F79BF870610320F0602046CE
:1006B000BDEC0C8BBDE8F0810000000000000000E4
:1006C000000000000000F03F000000000000F0BF4C
:1006D00000000000000024402DE9F04107460878A2
:1006E000384E7B2803D0B1600020BDE8F0810620A1
:1006F000F860481C02F042FD054628787D2818D095
:10070000FDF7DCFB0446B860A8B1284602F036FDD0
:100710000146204600F058F802F030FD68B121692A
:1007200021630027276101783A2908D0B0600020B2
:10073000DBE7681CD9E70020D7E70020D5E7401C9D
:1007400002F01CFD0146204600F0FCF802F016FD08
:100750000546280028D1C8E7FDF7B0FBA8B1206006
:1007600044600446681C02F009FD0146204600F082
:100770002BF802F003FD50B1216921632761017854
:100780003A2906D0B0600020AFE70020ADE7002096
:10079000ABE7401C02F0F2FC0146204600F0D2F824
:1007A00002F0ECFC054645B128782C28D4D02878F6
:1007B0007D2804D0B560002097E7002095E7681CED
:1007C00093E70000F00800202DE9F04780460D4631
:1007D0006C1C00202A785949222A06D08D60BDE879
:1007E000F087641C5C2A00D1641C2278222A02D083
:1007F0000AB1401CF5D10968401C884707463800FB
:1008000004D0681C3C464FF480691AE00020E6E7FB
:100810005C2903D004F8011B401C12E0461C307810
:10082000722825D006DC622816D0662818D06E28DB
:1008300004D119E074281FD0752821D004F8010BC9
:10084000701C0178222901D00029E1D100212170FA
:10085000017822296AD06AE0082004F8010BEFE74A
:100860000C2004F8010BEBE70A2004F8010BE7E782
:100870000D2004F8010BE3E7092004F8010BDFE782
:10088000701CFFF7D9FD0546361DA5F55C404845AF
:10089000D6D3002DD4D0A5F55840484513D2707852
:1008A0005C28CDD1B0787528CAD1F01CFFF7C4FD03
:1008B000B61DA0F55C414945C2D2C5F3090161F3FB
:1008C0009F2000F580350421802D01D2012108E010
:1008D000B5F5006F01D2022103E0B5F5803F00D2EB
:1008E0000321601801291AD0022911D0032908D048
:1008F000042919D105F0BF0242F0800200F8012D51
:10090000AD0905F0BF0242F0800200F8012DAD09EB
:1009100005F0BF0242F0800200F8012DAD09084A3F
:10092000525C2A4300F8012D441889E7401CC8F89E
:1009300010700421C8F80C1051E70000F0080020E6
:100940007E54010870B505460C46002C20D00422C8
:1009500024A12046EFF79BFDE0B1052223A120460C
:10096000EFF795FDD0B1042222A12046EFF78FFDCD
:10097000C0B1207822281AD02D2803D0A0F1300150
:1009800009291AD821462846BDE87040FFF7DEBD88
:10099000002070BD0220E860201D70BD0020E860CE
:1009A000601D70BD0120E8606861201D70BD21469A
:1009B0002846BDE87040FFF707BF5B2805D07B28BD
:1009C00009D00E488460002070BD21462846BDE84D
:1009D0007040FFF7E3BC21462846BDE87040FFF7B2
:1009E0007BBE00006E756C6C0000000066616C736D
:1009F000650000007472756500000000F0080020BA
:100A0000002801D10648006808B1343070475020F2
:100A100080F31188BFF34F8FBFF36F8FFEE70000A5
:100A200034090020401E40EA600040EAA00040EA8D
:100A3000201040EA202040EA2040401C704700007F
:100A40002DE9FF4F83B0834690461F464FF00009C3
:100A50004FF0050ADBF8080000260025002401E01D
:100A6000761C00680028FBD1744A11687EB1002F03
:100A700060D0BE6801213846FEF79AF9D0B15B21FB
:100A80000170B868401CB860DBF808503EE02FB138
:100A900003213846FEF78CF9044602E0032088471C
:100AA00004461CB166A12046EFF7E8FC204607B0DB
:100AB000BDE8F08F0020FAE704993B464246491C06
:100AC000284600F057FC384602F04AFFB860286814
:100AD000D8B1B8F1000F02D04FF0020901E04FF099
:100AE000010909F101013846FEF762F9F0B12C2144
:100AF00000F8011BB8F1000F02D0202100F8011B03
:100B000000210170B8684844B8602D680DB1002C10
:100B1000D2D002213846FEF74BF948B15D21017071
:100B200000214170386800EB060985E00020BEE72F
:100B30000020BCE7B000029088470746380005D087
:100B40000299EFF765FCDBF808B01EE00020AEE785
:100B5000049900234246491C584600F00BFC2946E4
:100B60006D1C47F8210068B1EFF773FC0146B8F13E
:100B7000000F01D0012000E00020084482440AF167
:100B8000020A00E00124DBF800B0BBF1000F01D045
:100B9000002CDDD024B92949504609688847814690
:100BA000B9F1000F00D101247CB10024234D05E0F0
:100BB00057F8240008B169688847641CB442F7DB21
:100BC000696838468847002071E75B2089F8000093
:100BD0004C464FF0000A04F801AF0025DFF85CB086
:100BE00020E057F82500EFF734FC019057F8251066
:100BF0002046019AEFF7F3FB01980444701E8542EA
:100C00000AD02C2004F8010BB8F1000F02D02020EC
:100C100004F8010B84F800A0DBF8041057F8250055
:100C200088476D1CB542DCDBDBF80410384688478A
:100C30005D20207084F801A0484638E7F0080020C5
:100C40005B5D000070B52DED048B05460C46604ED3
:100C50009FED609B95ED068B9FED600B51EC180BA3
:100C600053EC102BEFF706FE10D12CB102212046D9
:100C7000FEF79EF8044603E03168022088470446E8
:100C8000002C02D057A0008820809CE06869EFF714
:100C900095FD53EC182BEFF7AAFC41EC100BFAF77B
:100CA0000FFF53EC192B51EC100BEFF7E3FD24D899
:100CB0009FED4D0B51EC180B53EC102BEFF7DAFDB9
:100CC0001BD89FED4B0B51EC180B53EC102BEFF78F
:100CD000E9FD12D82CB115212046FEF769F804462B
:100CE00003E03168152088470446002C6BD042A1F0
:100CF00020466A69FAF7A6FC65E02CB1402120463F
:100D0000FEF756F8044603E0316840208847044661
:100D10005CB3B0EE480AF0EE680AFAF7DDFE53EC79
:100D2000182B51EC100BEFF762FC41EC100BFAF7AB
:100D3000C7FE53EC192B51EC100BEFF79BFD15D8A8
:100D4000B0EE480AF0EE680AFAF7BAFE9FED2B1BE8
:100D500051EC100B53EC112BEFF78CFD06D253EC3A
:100D6000182B28A12046FAF76DFC2CE0B0EE480ABB
:100D7000F0EE680AFAF7A4FE9FED241BB0EE409A4D
:100D8000F0EE609A53EC112B51EC190BEFF772FD5A
:100D90000CD3B0EE490A9FED1F1BF0EE690A53EC2D
:100DA000112B51EC100BEFF77DFD06D253EC182BF5
:100DB0001AA12046FAF746FC05E053EC182B18A1BF
:100DC0002046FAF73FFCBDEC048B204670BD0000C6
:100DD000F0080020000000000000B03C000000000F
:100DE00000000000300000000000C0FFFFFFDF41F6
:100DF000000000000000E0C12564000044F3C2E4EC
:100E0000E4E9634C252E3066000000008DEDB5A0AE
:100E1000F7C6B03E0000000065CDCD41256500005D
:100E2000256600002DE9FF5F8346894615461F466B
:100E300000200390072001900024DBF80800002622
:100E40000021009101E0761C00680028FBD1DFF84A
:100E50007083D8F800102EB1002F7DD0BE6885B306
:100E6000022430E04FB115B109F1040100E0032183
:100E70003846FDF79DFF024606E015B109F1040072
:100E800000E003208847024662B110467B2100F84B
:100E9000011B85B10A2100F8011B00210923A9F1DA
:100EA000010906E0002004B0BDE8F09F00F8013B16
:100EB000491C4945FADB7D21017000214170104633
:100EC000F1E7FFE70124611C3846FDF771FF90B19F
:100ED0007B2100F8011B15B10A2100F8011B4FF01E
:100EE000000880F80080B8682044B860DBF808404B
:100EF00009F101095EE00020D5E78DB14946384689
:100F0000FDF756FF10B10021092204E00020CAE7D6
:100F100000F8012B491C4945FADBB8684844B86021
:100F20003946206B00F052F9384602F019FDB860DE
:100F300015B14FF0020A01E04FF0010A5146384660
:100F4000FDF736FFB8B13A2100F8011B0DB10921B8
:100F50000170B868504400E04EE0B8603B462A4655
:100F60004946204600F006FA384602F0F9FCB8601F
:100F70001DB1012002E0002095E70020216809B1A1
:100F8000012100E0002100EB010A0AF101013846CD
:100F9000FDF70EFFA0B1216811B12C2100F8011B53
:100FA00015B10A2100F8011B80F80080B868504490
:100FB000B8602468002CA0D125B109F1010102E03C
:100FC000002070E702213846FDF7F2FE28B15DB13E
:100FD00000260921A9F1010904E0002063E700F8D7
:100FE000011B761C4E45FADB7D21017080F80180E3
:100FF000386830440390E1E04FEA860A504688475B
:101000000746380018D06E49504609688847804620
:101010005FEA080012D051463846EFF7F9F9514619
:101020004046EFF7F5F9DBF808B009F1010A9DB386
:1010300001985044019034E0002034E7604938467C
:101040004968884700202EE70021DBF8300000F0D7
:10105000BDF8029048F8240000232A46514658461D
:1010600000F088F92146641C47F821000299A1B1DB
:1010700098B1EFF7EEF981460298EFF7EAF909EB3C
:10108000000115B10AF1020000E0002001440198BE
:101090000844801C019002E003E001200090DBF88E
:1010A00000B0BBF1000FCFD1009820B9444901989E
:1010B000096888470390039808B9012000900098B8
:1010C000B8B100243E4D0AE058F8240008B1696820
:1010D000884757F8240008B169688847641CB442FF
:1010E000F2DB6968404688476968384688470020CF
:1010F000D9E603997B200870039C641C15B10A2073
:1011000004F8010B0020207081463FE03DB1002033
:10111000092102E004F8011B401C5045FADB58F895
:101120002900EFF796F9834658F829105A462046C9
:10113000EFF755F95C443A2004F8010B15B109208A
:1011400004F8010B57F829102046EFF797F957F8E4
:101150002900EFF77EF90444701E814502D02C204F
:1011600004F8010B15B10A2004F8010B00202070CF
:10117000DFF84CB058F82900DBF804108847DBF89A
:10118000041057F82900884709F10109B145BDDB72
:101190000B4E4046716888477168384688474DB1A4
:1011A00000200921AAF1010A02E004F8011B401CF9
:1011B0005045FADB7D20207000206070039872E6B5
:1011C000F0080020006900F001B800002DE9F05F90
:1011D00005460E4600240021AA460AE0421E1F2AA8
:1011E00018D3222816D05C2814D0002001430AF11D
:1011F000010A9AF800000028F0D1DFF860B18046BB
:101200002227DBF8002039B135B3A9464D4699F8BD
:1012100000A041E00120E9E7AAEB050936B109F198
:1012200003013046FDF7C4FD044603E009F1030065
:101230009047044674B12770661C29463046EFF784
:101240001DF906F8097006EB090080F801802046B8
:10125000BDE8F09F0020FBE72EB103213046FDF7EB
:10126000A7FD044602E00320904704462CB13CA1B0
:101270002046EFF703F92046EAE70020E8E7514669
:1012800038A0EFF7DCF808B1641C03E0BAF1200FD6
:1012900000D2641D19F801AFBAF1000F01D0641C2F
:1012A000EDD12EB1E11C3046FDF782FD064604E08B
:1012B000DBF80010E01C884706462EB1304600F8E7
:1012C000017B4FF05C0925E00020C1E71F2907D909
:1012D000222905D05C2903D000F8011B6D1C19E000
:1012E00000F8019B044615F8012B0C2A25D006DCDA
:1012F000082A1ED0092A2CD00A2A06D121E00D2A5C
:1013000023D0222A12D05C2A0CD018A12046FAF74A
:1013100099F9601D29780029D8D1077080F80180DB
:10132000304695E784F80090601CF3E72770601C56
:10133000F0E762202070601CECE766202070601CE3
:10134000E8E76E202070601CE4E772202070601CCB
:10135000E0E774202070601CDCE70000F00800204B
:1013600022220000225C080C0A0D09007525303489
:101370007800000070B50024002809D093B3057BE5
:10138000072D68D2DFE805F0121E06292F34380039
:10139000002070BD05211846FDF70AFD0446002C0B
:1013A00059D02EA12046EFF769F854E006211846DF
:1013B000FDF7FEFC0446002C4DD02AA12046EFF795
:1013C0005DF848E005211846FDF7F2FC044624B319
:1013D00026A12046EFF752F83DE01946FFF732FC10
:1013E000044638E00CE01946FFF7ECFE044632E014
:1013F000FFF726FB04462EE0FFF714FD04462AE023
:10140000037B072B27D2DFE803F0090E0413181D16
:10141000220012A0FCF7C4FD04461CE011A0FCF75A
:10142000BFFD044617E011A0FCF7BAFD044612E028
:101430000021FFF707FC04460DE00021FFF7C2FE84
:10144000044608E00023FFF7FBFA044603E000230C
:10145000FFF7E8FC0446204670BD00006E756C6C1A
:101460000000000066616C736500000074727565B1
:10147000000000002DE9F04104460F461B4EF568C0
:101480003168002081F852003068001D02F0E4FB52
:1014900048B93068012190F82C0001FA00F0316958
:1014A00021EA00003061B4F1FF3F07D137B1306865
:1014B000BDE8F041011D0E4802F021BC2C4430680B
:1014C0004460AC4206D23068011DB06BBDE8F0410B
:1014D00002F0FABB3068011D706B02F0F5FBB06AD8
:1014E000844200D2B462BDE8F081000034090020DB
:1014F000FC5C002070B5044602F00EFC1C4DA86890
:10150000401CA860286810B1686938B10CE02C60F4
:10151000A868012808D100F08FF905E02868E16A81
:10152000C06A884200D82C60686A401C6862E06A21
:1015300001212A698140114329610E4900EB800095
:1015400001EB8000211D02F0DAFB02F005FC686966
:1015500000280CD02868E16AC06A884207D2064990
:101560004FF080500860BFF34F8FBFF36F8F70BD97
:1015700034090020205C002004ED00E038B502F0C2
:10158000CBFB0F4C2068B8B90E4802F08FFB0E4819
:1015900002F08CFB0B48E0601430206100200B4B04
:1015A000009003F1480210210A2002F045FF20605C
:1015B00010B107A102F054FCBDE8384002F0CCBBEA
:1015C00070090020F85D00200C5E0020105D0020F6
:1015D000546D72510000000070B50D4C6068002819
:1015E00015D00C4E02F098FBF068C568281D02F07B
:1015F00033FBA068401EA0606068401E606002F07F
:10160000ABFB284600F051F860680028EAD170BDB5
:1016100034090020E85C00200B46026C002A0CD044
:10162000C1681144C160D0F808C0614501D30168A8
:10163000C160C1681846EEF7D2BE70472DE9F0418F
:10164000044616460027A56B226C002A10D0C6B1AE
:10165000E068EEF7C4FEE168206C091AE1602268D8
:10166000914202D2A168081AE060022E16D017E05B
:101670002068A8B9A06803F091FA07460020A0608E
:101680000EE06068EEF7ABFE216C606808446060B5
:10169000A168884204D32068606001E005B16D1E36
:1016A000681CA0633846BDE8F08110B5044694F884
:1016B000511000290BD0012911D0022914D050203B
:1016C00080F31188BFF34F8FBFF36F8FFEE7206B5E
:1016D00002F058FB2046BDE8104002F053BB204604
:1016E000BDE8104002F04EBB10BD00000749CA68BB
:1016F0001168002904D00021016019B10020704751
:101700000121F9E7D06800687047000070090020E7
:101710004FF4C041104810F0070F06D0C01D20F054
:1017200007000D49411AC1F5C0410C4A1060002361
:1017300053600144083921F00701183A11604B60E9
:101740000B600B1A436001604068906050604FF07E
:101750000040506170470000205E00209C0900207E
:10176000074E4FF08054074DFFF736FF30680128D1
:10177000FAD92C60BFF34F8FBFF36F8FF4E70000EF
:10178000205C002004ED00E003460098002905D00D
:101790000260C3630164012102F086BE0060F8E7C5
:1017A0002DE9F05F82460B9F0A9D0C9C0E469046E9
:1017B0009B464FEA8801A522206BEEF722FE206BA4
:1017C000A8F1010100EB810020F007094FF00008AB
:1017D00066B100202218315C82F83410315C11B1FE
:1017E000401C1028F6D384F8438001E084F834804C
:1017F000072D00D30625E5626564C4F84880201DE6
:1018000002F05FFA04F1180002F05BFA2461C5F1FE
:101810000700A0616462C4F84C8084F8508084F8AA
:1018200052805A465146484600F0FCFA2060002F8C
:1018300000D03C60BDE8F09F70B500240F4D04EB74
:10184000840005EB800002F031FA641C072CF6D30B
:101850000B4802F02BFA0B4802F028FA0A4802F073
:1018600025FA0A4802F022FA094802F01FFA09484C
:10187000034941631431816370BD0000205C002086
:10188000AC5C0020C05C0020D45C0020E85C002040
:10189000FC5C00203409002010B4144900E011461B
:1018A0000A688242FBD34B6803EB010C844503D1E9
:1018B00040681844486008460C68D0F804C00CEB37
:1018C0000003A3420CD10A4B1B689A4206D052680F
:1018D000624442600A681268026002E0036000E04D
:1018E0000260814200D0086010BC70479C09002053
:1018F0008409002010B5002441600061DFF838C081
:1019000091420BD8D11A8269914201D3012410E08F
:10191000011DDCF8100002F0D7F90AE09A4203D268
:10192000994201D3012404E0011DDCF80C0002F00F
:10193000CBF9204610BD00007009002010B5044608
:1019400002F0EAF9A06B20B1002402F005FA20466B
:1019500010BD0124F9E710B5044602F0DDF9A06BD3
:10196000E16B884201D1012400E0002402F0F4F987
:10197000204610BDF8B505460E461748C068C06839
:10198000C468201D02F068F994F8240010F0040FD8
:1019900018D0A0692B46411932462046FFF7AAFF0E
:1019A000A0B100200346014600902A46204603F0DD
:1019B00019FA58B9502080F31188BFF34F8FBFF345
:1019C0006F8FFEE720F0010084F82400216A01B047
:1019D0002046BDE8F04008477009002030B587B0C8
:1019E000414D002202A9286802F0BEFE002875D0F1
:1019F0000298002803DA039A059904989047029800
:101A0000002864DB049C606910B1201D02F024F9F9
:101A100001A800F0B3F8024602980A2857D2DFE87E
:101A200000F00505052F364D05052F3694F82400E6
:101A300040F0010084F824000398A16903460144A2
:101A40002046FFF757FF002841D0216A20468847EB
:101A500094F8240010F0040F39D00020009003986F
:101A6000A169002342181946204603F0BBF970BB58
:101A7000502080F31188BFF34F8FBFF36F8FFEE7C5
:101A800094F8240020F0010084F824001FE094F86A
:101A9000240040F0010084F824000398A06128B1DC
:101AA000811813462046FFF725FF10E0502080F3F1
:101AB0001188BFF34F8FBFF36F8FFEE794F82400B8
:101AC00010F0020F0CD020F0010084F82400002256
:101AD00002A9286802F048FE002889D107B030BD6D
:101AE000204602F04FF9F2E770090020F8B50546EC
:101AF0000C4602F003FB684600F040F806460098EA
:101B000010B103F0D5F8F8BD44B9B54206D803F0DA
:101B1000CFF831462846FFF72DFFF8BD0C481CB121
:101B20000169096891B10024A91B2246006802F0EE
:101B3000ABF903F0BDF80028EFD106494FF0805013
:101B40000860BFF34F8FBFF36F8FF8BD0124EBE741
:101B50007009002004ED00E00749486B0068002888
:101B600005D0486BC068C0684068886270474FF015
:101B7000FF308862704700003409002070B50446C9
:101B800002F09CFF0546074EB068854204D200F083
:101B900043F80120206001E000202060B560284665
:101BA00070BD0000700900202DE9F00104460025F9
:101BB000206800282BD060684068606004F1080746
:101BC000B84201D1426862606068C6686068406877
:101BD0006060B84201D1426862606068C0680023FA
:101BE000002200EB020C9CF834C011F80280E045A2
:101BF00001D0012304E0BCF1000F01D1054601230F
:101C000013B9521C102AECD30DB9B042DED12846CC
:101C1000BDE8F00170470000F8B51C4EF0680068A0
:101C2000002826D00027F068C0680568C468201D19
:101C300002F012F8216A2046884794F8240010F038
:101C4000040F12D0A0692844A84206D9606024611C
:101C5000211DF06802F038F807E000232A461946F3
:101C60002046009703F0BEF840B1F06800680028F5
:101C7000D9D1F0683169F1603061F8BD502080F34E
:101C80001188BFF34F8FBFF36F8FFEE770090020FD
:101C90000A484068B0F1FF3F07D0502080F3118818
:101CA000BFF34F8FBFF36F8FFEE7502080F3118893
:101CB000BFF34F8FBFF36F8FFEE70000A409002032
:101CC00082B001A8FFF712FD0199FFF70FFFFFF7A0
:101CD00085FEF6E770B5044602F01EF894F945500B
:101CE000002D0CDD606A50B104F1240002F0A4FF65
:101CF00008B102F01FF9681E45B2002DF2DC4FF06A
:101D0000FF3684F8456002F027F802F005F894F9F0
:101D10004450002D0CDD206950B104F1100002F098
:101D20008BFF08B102F006F9681E45B2002DF2DC07
:101D300084F84460BDE8704002F00EB82DE9F0412F
:101D40000546002602F0DAF9344F386808B9FFF783
:101D5000DFFC7869054251D19DB1083515F0070FB8
:101D60000FD005F00700C0F10800054415F0070F7B
:101D700007D0502080F31188BFF34F8FBFF36F8FD0
:101D8000FEE7002D3AD07868854237D824490846C6
:101D9000046801E0214604466068A84202D2206837
:101DA0000028F7D13868844228D0086800F1080676
:101DB000206808606068411B10290FD9601910F075
:101DC000070F07D0502080F31188BFF34F8FBFF368
:101DD0006F8FFEE741606560FFF75EFD61687868C0
:101DE000401A7860BA68904200D2B86078690843B7
:101DF000606000202060F868401CF86002F058FF26
:101E000016F0070F07D0502080F31188BFF34F8FD3
:101E1000BFF36F8FFEE73046BDE8F08184090020F4
:101E20009C090020001F4FF080730360001F21F009
:101E300001010160001F0549016014380260001FA4
:101E40006FF002010160203870470000911C01080A
:101E500010B52DED028B04469FED1D0AB0EE408AB1
:101E6000D4ED000A60EEA00A94ED011AD4ED011A37
:101E700041EE210A94ED021AD4ED021A41EE210A34
:101E800094ED031AD4ED031A41EE210AB0EE600A74
:101E9000EFF748F8B0EE408A94ED000A20EE080A09
:101EA00084ED000A94ED010A20EE080A84ED010A8F
:101EB00094ED020A20EE080A84ED020A94ED030A6A
:101EC00020EE080A84ED030ABDEC028B10BD000071
:101ED0000000000070B504464FF480652946204696
:101EE000EEF796FA04F5806400202080608020716F
:101EF0006071E58070BD2DE9F047044688461546BF
:101F0000B4F80604A84248D3B4F80014B4F80204A4
:101F100000264FF4806781422AD8C0F58062AA4229
:101F20000FDB20442A464146EEF759FAB4F8020482
:101F3000284480B2A4F80204B84223D1A4F8026471
:101F400020E020444146EEF74AFAB4F80214A5F521
:101F500080600A188146A8EB010101F580612046E6
:101F6000EEF73DFAB4F802044844A4F8020409E08C
:101F700020442A464146EEF732FAB4F802042844D7
:101F8000A4F80204B4F80604401B80B2A4F80604C6
:101F900028B1B84207D184F80464BDE8F087012075
:101FA00084F80404F9E7022084F80404F5E710EE4D
:101FB000101A016110EE901AC16011EE101A8160C2
:101FC0000021016041607047B0F902200A2192FBB4
:101FD000F1F3064A3033D372B0F9020090FBF1F30B
:101FE00001FB13003030107370470000EE03002037
:101FF0002DE9F04F2DED028B87B0FE48FFF7E4FF8F
:10200000FC48DFF8F4830324B0F902000F2606270A
:102010004FF42F794FF49675122810DC4046EEF7F6
:1020200018FACDE905980021CDE9001602A9072389
:1020300031C10222F1A1F248EFF7D4FA0FE0EE48E5
:10204000EEF707FACDE90598CDE90076CDE903452D
:10205000029007230222E9A1E948EFF7C3FAE94811
:1020600040F2DA2A4FF47079B0F820024FF4077B7F
:102070004FF0010820B101287ED002287DD097E2E0
:10208000E148EEF7E6F9CDE9045ACDE90204CDE9DD
:102090000076DD49DA48069107230222DBA12F30C2
:1020A000EFF7A0FACDE90495CDE9029BCDE9004810
:1020B00009230222D6A1D748F4F7BEFA40F2C53070
:1020C000CDE900484FF4F57140F24E22CDE90220EF
:1020D000CDE90410CF4804230222CFA16938F4F7D8
:1020E000ABFA40F29F10CDE900484FF466714FF40F
:1020F0007A72CDE90220CDE90410C64804230222F9
:10210000C5A16938F4F798FA4FF4D170CDE90048C9
:1021100040F29D3140F2E332CDE90220CDE90410D6
:10212000BC4804230222BDA15A38F4F785FA4FF4C3
:10213000C87040F2A23140F2DE32CDE90220CDE992
:1021400004100220CDE900400246B2480423B4A1A5
:102150004B38F4F771FA4FF4C570CDE9004840F2FE
:10216000A73140F2D932CDE90220CDE90410042391
:102170000222ACA1A74801E03DE0E5E03C38F4F7DD
:102180005BFA4FF4BA70CDE900484FF46B714FF42D
:102190007572CDE90220CDE904109E480423022285
:1021A000A1A12D38F4F748FA4FF4AB70CDE90048FF
:1021B00040F2B13140F2CF32CDE90220CDE9041036
:1021C00094480423022299A11E38F4F735FA40F20C
:1021D0003B10CDE9004840F2B63140F2CA32CDE9B9
:1021E0000220CDE904108B480423022290A10F386D
:1021F000F4F722FADCE184481E30EEF72AF9CDE943
:10220000045ACDE902048049CDE900761E317C48AC
:102210000691072302227DA12F30EFF7E3F9CDE9E4
:10222000029BCDE904954FF00409CDE900980923FC
:10223000022277A17748F4F7FFF940F2AD10CDE91B
:1022400000984FF466714FF47A72CDE90220CDE91F
:1022500004107048042302226FA16938F4F7ECF9E6
:102260004FF4EB70CDE9009840F29D3140F2E3323B
:10227000CDE90220CDE9041066480423022267A1BB
:102280005A38F4F7D9F940F2CB1040F2A23140F2BB
:10229000DE32CDE90220CDE904100220CDE9009024
:1022A00002465C4804235EA14B38F4F7C5F940F2BE
:1022B0008910CDE9009840F2A73140F2D932CDE93A
:1022C0000220CDE9041053480423022255A13C38D2
:1022D000F4F7B2F94FF4DA70CDE900984FF46B716E
:1022E0004FF47572CDE90220CDE90410494804236A
:1022F00002224DA12D38F4F79FF940F2B310CDE939
:10230000009840F2B13140F2CF32CDE90220CDE960
:10231000041040480423022244A11E38F4F78CF92B
:102320004FF4CB70CDE9009840F2B63140F2CA329A
:10233000CDE90220CDE904103648042302223DA154
:102340000F38F4F779F933E12F483C30EEF781F894
:10235000CDE9045ACDE902042B49CDE900763C31A0
:10236000274806910723022228A12F30EFF73AF9D8
:102370004FF49670CDF80080CDE90490CDE9029B32
:102380000923022222A1CDF804802248F4F754F94F
:102390004FF4ED704FF466714FF47A72CDF800800F
:1023A000CDE90220CDE904101A4804230222CDF819
:1023B000048019A16938F4F73FF94FF4F57040F241
:1023C0009D3140F2E332CDF80080CDE90220CDE925
:1023D0000410104804230222CDF804800FA15A38BB
:1023E000F4F72AF940F2EB1040F2A23140F2DE326B
:1023F00022E0000092020020EE0300203030300086
:102400006E500020A84C0020BC5201083030310032
:1024100073686D005C52002073316D0073326D0083
:1024200073336D0073346D0073356D0073366D005A
:1024300073376D0073386D00CDE90220CDE90410CB
:10244000022004230246AFF22801CDE90080FE48B5
:10245000F4F7F2F840F2EF1040F2D93240F2A7312F
:10246000CDE90220CDF80080CDE90410042302223A
:10247000CDF80480AFF25401F3480F30F4F7DCF8E4
:102480004FF4F7704FF475724FF46B71CDE9022081
:10249000CDF80080CDE9041004230222CDF8048099
:1024A000AFF27C01E8481E30F4F7C6F840F2ED10B8
:1024B00040F2CF3240F2B131CDE90220CDF80080B8
:1024C000CDE9041004230222CDF80480AFF2A40168
:1024D000DD482D30F4F7B0F840F2E91040F2CA3A86
:1024E000CDE902A0042340F2B639CDF800800222E3
:1024F000AFF2C401CDE90490D348CDF804803C305C
:10250000F4F79AF84FF4F270CDE902A00423CDF865
:1025100000800222AFF2E401CDE90490CA48CDF870
:1025200004803C30F4F788F840F2DD10CDF80080EC
:10253000CDE902A0CDE90490C34804230222C3A13F
:10254000CDF804803C30F4F777F840F2DB10CDF89A
:102550000080CDE902A0CDE90490BB48042302220B
:10256000BBA1CDF804803C30F4F766F840F2D310FC
:10257000CDF80080CDE902A0CDE90490B248042353
:102580000222B5A1CDF804803C30F4F755F840F2B2
:10259000C910CDF80080CDE902A0CDE90490AA4889
:1025A00004230222ACA1CDF804803C30F4F744F8B7
:1025B000AB484FF43E790068372848D006DC28281D
:1025C0000BD02D281BD0322818D12CE03C2852D01B
:1025D000502864D0642811D175E0A248EDF739FF86
:1025E000CDE90459CDE90076CDE902049D49069173
:1025F000072302229CA19D48EEF7F4FF76E099485C
:102600001E30EDF726FFCDE904599649CDE9007655
:10261000CDE902041E3106910723022292A19348BC
:10262000EEF7E0FF62E08F483C30EDF712FFCDE9B6
:1026300004598C49CDE90076CDE902043C3106917C
:102640000723022288A18948EEF7CCFF4EE0854897
:102650005A30EDF7FEFECDE904598249CDE9007606
:10266000CDE902045A310691072302227EA17F4858
:10267000EEF7B8FF3AE07B487830EDF7EAFECDE9B7
:1026800004597849CDE90076CDE902047831069104
:102690000723022274A17548EEF7A4FF26E07148D3
:1026A0009630EDF7D6FECDE904596E49CDE90076B6
:1026B000CDE9020496310691072302226AA16B48F4
:1026C000EEF790FF12E06748B430EDF7C2FECDE9B7
:1026D00004596449CDE90076CDE90204B43106918C
:1026E0000723022260A16148EEF77CFF6048EDF706
:1026F000B0FECDE900765E494FF44D72CDE9034559
:10270000CDE90521029059480723022259A15E30E4
:10271000EEF768FF01F034F9574840F25239007D76
:10272000C00612D45548EDF794FECDE90459CDE921
:102730000204CDE9007651494C4806910723022254
:102740004FA18D30EEF74EFF13E04C481E38EDF7E9
:1027500080FECDE90459CDE902044849CDE900766F
:102760001E39424806910723022245A18D30EEF71B
:1027700039FF44484FF45C79007830B1012819D012
:1027800002282CD003283FD052E039487838EDF7A2
:1027900060FECDE90459CDE902043549CDE9007662
:1027A0007839294806910723022237A18938EEF7A4
:1027B00019FF3DE02E485A38EDF74BFECDE904599C
:1027C000CDE902042A49CDE900765A391E4806911E
:1027D000072302222CA18938EEF704FF28E02448C1
:1027E0003C38EDF736FECDE90459CDE90204204925
:1027F000CDE900763C39144806910723022222A134
:102800008938EEF7EFFE13E019481E38EDF721FE88
:10281000CDE90459CDE902041549CDE900761E3908
:10282000094806910723022217A18938EEF7DAFE3C
:10283000164C9FED178B94ED3A0B53EC182B51EC83
:10284000100BEDF7DAFE27E01152002073396D000E
:102850007331306D000000007331316D00000000F5
:10286000FC0100201653010830303200CC5000200B
:102870006054010830303400084B00202A04002046
:1028800030303500B80300203030360000440020DE
:1028900000000000000059409FED191B53EC112B64
:1028A000EDF7A8FEEDF7BAFF0546A4F58060D0F875
:1028B000FC00EDF7CCFF94ED381B53EC112BEDF73A
:1028C00099FE53EC182BEDF798FE9FED0F1B53EC80
:1028D000112BEDF7EBFDEDF7A1FF0422CDE900820E
:1028E0000A21CDE9035102900623022208A10948DA
:1028F000EEF736FF07B0BDEC028BBDE8F08F0000AD
:102900000000000000E080400000000000008E4059
:1029100030313000E451002010B52DED028B24221F
:102920000F49A1F12400F4F709FD9FED0E8AB2EEE4
:102930000C0A0D48F0EE480AFDF73CFBF0EE480AA1
:10294000B2EE0C0A0948FDF735FBF0EE480ABDEC83
:10295000028BB2EE0C0ABDE810400548FDF72ABB19
:10296000424B00200000C843F844002024450020CA
:102970005045002003480168034A01F4E061114317
:10298000016070470CED00E00400FA0510B5A422C8
:1029900003490448F6F7DAFA03A001F09BF810BDEA
:1029A0006C52002000000E08536176652073756339
:1029B0006365737366756C6C790A00002DE9F041EC
:1029C0000C4600287DD0002C7BD00178427841EA6B
:1029D0000221C1F30A01218042788378D20842EAB9
:1029E0004312C2F30A0262808378C5789B0943EAE6
:1029F0008503057943EA8523C3F30A03A380057998
:102A000046796D0845EAC615C5F30A05E58046799D
:102A1000C6F30116A6724679B609E6728679C779B9
:102A200046EA072636B2A681077A90F809C047EA37
:102A30000C27E781877A90F80BC047EA0C2727829A
:102A4000077BA774477BE774877B90F80FC047EA42
:102A50000C27A782077C407C47EA0020A1F5806113
:102A60002180A2F580626280A3F58063A380A5F532
:102A70008065E580A0F58060208100EE106A154831
:102A8000B8EEC00AF3F7ABFDBDEEC00A10EE100AB7
:102A9000A081B4F90E0000EE100A0F48B8EEC00A8B
:102AA000F3F79DFDBDEEC00A10EE100AE081B4F907
:102AB000100000EE100A0948B8EEC00AF3F78FFDC7
:102AC00000E004E0BDEEC00A10EE100A2082BDE86E
:102AD000F0810000F84400202445002050450020EB
:102AE00070B50446D4F80C0400285BD0D4F8081460
:102AF000002957D0804784F80504012852D094F863
:102B00000404002501281BD068B3B4F80004B4F80D
:102B10000214884228D2A1EB0001D4F8082489B21B
:102B20002044904700283DD004F5806460882188C7
:102B3000E288411A1144E1802080A4F5806428E0F5
:102B4000B4F80004C0F58061204404F5806489B2C3
:102B5000A26890472188E088C1F580610844E08040
:102B60002580A4F5806414E013D9C0F58061D4F801
:102B7000082489B220449047002813D0B4F80014E8
:102B8000B4F80604C1F580610844A4F80604A4F86A
:102B90000054B4F8060430B1B0F5806F07D00220BD
:102BA00084F8040470BD012084F8040470BD84F826
:102BB000045470BD2DE9F04104461EA12046FBF7E8
:102BC0006EF900691D49EDF74BFC20B11CA000F027
:102BD00081FFBDE8F08117A12046FBF760F9076986
:102BE0001DA12046FBF75BF980464046FBF74FF9F5
:102BF000064600241A4D0DE021464046FBF73EF9FB
:102C000090ED060B51EC100BEDF764FE05EB840123
:102C10008863641CB442EFDB1248FCF7B7FC12482F
:102C2000FBF74AFE11A000F055FF3846FCF7B2F959
:102C3000CFE700006D6F646500000000DF08002032
:102C40007365745F70617220666F726D6174206568
:102C500072726F7200000000646174650000000011
:102C60006C52002000400020183B00206D6F746FF4
:102C7000725F73706565645F70696400C0F8081402
:102C80007047C0F80C14704770B505460B4CFF2216
:102C90002821601DEDF7B5FB09A12846FBF7FFF8D9
:102CA0000569601D2946EDF7E9FB611D06A000F0EE
:102CB00011FF2846FCF76EF970BD00006C52002031
:102CC0006D6F64650000000025730A0010B52DEDDE
:102CD000028B8CB000214348F2F7A6FC9FED421A0C
:102CE000DFED420A9FED420A4248FFF760F9434C8C
:102CF0004148C4F81802001FC4F81002801CC4F830
:102D000014023F48C4F81C02FCF78CFBC4F8EC0129
:102D10000720FCF77FFBC4F8F0010820FCF77AFBE2
:102D2000C4F8F401FCF772FBC4F80402354890E8DB
:102D30000E000991CDE90A23D0E90423C168CDE949
:102D400007230691D0E907238169CDE90423039184
:102D5000D0E90912C06ACDE9001202909FED2A8ADB
:102D6000DFED2A8A09AAF0EE480AB0EE680A0021CF
:102D700004F18800F4F7B4FAF0EE480AB0EE680AFD
:102D800006AA002104F1D000F4F7AAFA9FED208AE8
:102D9000DFED208A03AAF0EE480AB0EE680A0021AF
:102DA00004F58C70F4F79CFAF0EE480AB0EE680A6D
:102DB0006A46002104F5B070F4F792FA9FED160A06
:102DC00084ED020A0020A08060802070012184F838
:102DD000E91184F8E801A4F820020CB0BDEC028BE4
:102DE00010BD0000381300200000FA4400E09245B6
:102DF0006F12833ACA4E00203D4F0020A84C00209D
:102E0000584F00208C4F010800E02B4600007A4606
:102E100000002F4400C0DA45000000002DE9F04119
:102E20002DED028B884C894D94F8E8019FED888A3E
:102E3000002802D0012807D047E095ED000A84ED74
:102E4000020A84ED3C8A40E0824890F8DC20DFED05
:102E5000828A7D49032A888891F8E91102D00128E5
:102E600016D01CE001281AD1C9B97C4890ED3C0B62
:102E70009FED7B1B51EC100B53EC112BEDF7FAFC83
:102E80000DD194ED020A30EE280A84ED020A06E024
:102E900029B994ED020A30EE280A84ED020A6A4844
:102EA000D4ED020A95ED000A8830F4F769F9D4F8F8
:102EB000EC01D4ED2A0AB0F9020000EE100A6248D3
:102EC000B8EEC00AD030F4F75BF96748674D808AE6
:102ED000C0050DD5F0F750F9A968401AB0F5FA7F92
:102EE00006D9F0F749F9A8602878E0B300202870E7
:102EF000D4F804025D4EDFF85081817A00225C48EC
:102F0000103608F58C7740F6741308F5B07801296F
:102F100032D0032930D001684B6300688263D4F853
:102F20000402C17A012966D0032964D084ED4E8A57
:102F300084ED608A84ED3C8A94ED600ABDEEC00A9F
:102F400010EE100A94ED4E0A03B2BDEEC00A10EE68
:102F5000100A94ED3C0A02B2BDEEC00A10EE100A4F
:102F600001B2002000E005E0BDEC028BBDE8F041BD
:102F7000EEF788BA0120BAE7D0F800C040F29E21EF
:102F8000CCF83410D0F800C0CCF838202D7835B10A
:102F900001684B63006841F28831816303E0036894
:102FA000596300688263B4F8200256F8300040424A
:102FB00000EE100AD4F8F001F8EEC00AB0F90200F1
:102FC00000EE100A3846B8EEC00AF4F7D9F8B4F8A3
:102FD000200206EBC00090ED010AD4F8F401F8EEEF
:102FE000C00AB0F9020000EE100A4046B8EEC00A6E
:102FF000F4F7C6F893E7B4F8200256F830004042E0
:1030000000EE100AD4F8F001F8EEC00AB0F90200A0
:1030100000EE100A3846B8EEC00AF4F7B1F8B4F87A
:10302000200206EBC00090ED010AD4F8F401F8EE9E
:10303000C00AB0F9020000EE100A4046B8EEC00A1D
:10304000F4F79EF878E70000A84C0020D00200209A
:10305000000000000040002000004C42004400201E
:10306000000000000000F03F084B0020900300200B
:103070003813002070B53248FCF7B2FF304CA08006
:10308000D4F8040200254FF42576C17A022929D00C
:10309000B0F90810B14201DA807C18B3012084F83D
:1030A000E801284894ED020AD0ED000A30EE600AEB
:1030B00010EE100AEDF7CBFB41EC100BF8F700FD1A
:1030C0009FED211B51EC100B53EC112BEDF7EAFB9C
:1030D00010D2D4F80402B0F90810B14205DB807CAC
:1030E00018B107E084F8E851DBE7D4F8FC01401C94
:1030F000C4F8FC01D4F8FC01322803D9022084F87A
:10310000E90101E084F8E9511148124E808A000477
:1031100014D5F0F731F87168401AB0F5FA7F0DD97F
:10312000F0F72AF87060B4F82002401C80B2A4F8CE
:103130002002032801D3A4F8205270BDF56070BDB1
:10314000A84C0020D00200200000000000206340B6
:10315000084B002090030020FFF7B8FD01F0AEFC03
:103160000549C1F8F801FFF785FFFFF757FE012079
:10317000FDF79EF8F7E70000A84C002000E0401C97
:10318000002804D00178002901D02029F7D9704700
:10319000454A4649D2F89430988A800407D54FF6BC
:1031A000FF70C86291ED040A82EDF50A04E0D2F8DE
:1031B000CC0300888862C862988A830703D14307DA
:1031C00001D4000704D5B6EE000A81ED090A03E038
:1031D000B7EE000A81ED090A344BC86A88333C28EF
:1031E00093ED000A37D006DC2D2815D032281CD0EC
:1031F000372808D124E0502838D0642841D0A0F5E1
:103200007F40FF3848D0D1ED090A20EE200A82ED38
:10321000F50A264850307047D1ED090A20EE200A01
:1032200082EDF50A21485030704793ED010AD1ED47
:10323000090A20EE200A82EDF50A1C485830704732
:1032400093ED020AD1ED090A20EE200A82EDF50A7B
:1032500016486030704793ED030AD1ED090A20EE5D
:10326000200A82EDF50A11486830704793ED040A90
:10327000D1ED090A20EE200A82EDF50A0B487030E4
:10328000704793ED050AD1ED090A20EE200A82ED80
:10329000F50A06487830704793ED060A82EDF50A84
:1032A0000248803070470000183B0020D001002009
:1032B00000B52DED048B83B041EC190BEDF742FC0A
:1032C00041EC180B18EE100A18EE901A8DED008BD9
:1032D000002818BF0120084320F00040C0F17F60A3
:1032E00000F1E040C00F14D019EE101A19EE900A48
:1032F0008DED009B002918BF0121084320F00040FC
:10330000C0F17F6000F1E040C00F04BF0120F9F779
:10331000ADFB51EC180B03B0BDEC048B00BD10B538
:1033200000EE100A2DED028BB1EEC08A18EE100AE5
:1033300020F00040C0F1FF40C00F0AD010EE100A8C
:1033400020F00040C0F1FF40C00F04BF0120F9F79A
:103350008DFB18EE100ABDEC028B10BD01604860B9
:103360007047000010B507A1FAF799FD006907A1A1
:10337000EDF776F8084910B10020487010BD012023
:10338000487010BD6D6F6465000000006F70656E61
:103390005F73656E64000000480400206420FCF741
:1033A00087FFFBE72DE9F04788B009210220F6F7F7
:1033B00033FACA48FFF794FB6420FCF779FF2F210A
:1033C000C748EDF725F8C6482F212F30EDF720F834
:1033D000C3482F215E30EDF71BF8C1482F218D30F7
:1033E000EDF716F8BE482F21BC30EDF711F8BC48B8
:1033F0002F21EB30EDF70CF82F21BA48EDF708F844
:10340000B948FEF7E1FDB948EDF723F8B7494FF4A5
:10341000967503244FF42F72CDE90345CDE90521BC
:103420000F210626CDE90061029007230122B0A1F9
:10343000AB48EEF7D7F8AF48EDF70BF8AD4940F2DF
:10344000DA22CDE90345CDE905210F21CDE900615F
:103450000290A34807230122A7A12F30EEF7C2F85C
:10346000A4485A30ECF7F5FFA2494FF43E725A31A6
:10347000CDE90345CDE905210F21CDE90061029099
:103480009748072301229DA15E30EEF7ABF89C48D8
:10349000ECF7DFFF9A494FF44D72CDE90345CDE9D2
:1034A00005210F21CDE9006102908E4807230122FA
:1034B00094A15E38EEF796F800F062FA8B483C3043
:1034C000ECF7C7FF894940F252323C31CDE9034560
:1034D000CDE905210F21CDE9006102908148072344
:1034E000012289A12F38EEF77DF885487838ECF76E
:1034F000B0FF83494FF45C727839CDE90345CDE9DB
:1035000005210F21CDE900610290072301227FA14F
:103510007448EEF767F800204FF4DC77CDE90470CB
:1035200001204FF00808CDE9008040F20B164FF45F
:10353000257A0246CDE902A66A48092374A12F30F4
:10354000F3F77AF800204FF4B961CDE904100120B7
:10355000CDE9008040F2EC490246CDE9029661488F
:1035600009236CA13E30F3F767F8CDE904960120FA
:10357000CDE900800246CDE902A65A48092366A19A
:103580004D30F3F759F801214FF47076CDE901166B
:103590000A204FF40778CDE9038052480A4600918B
:1035A00006235EA15C30EEF7DBF8CDE9046501206F
:1035B000CDE900400246CDE902684A48092358A1F6
:1035C000D430F3F739F8381D4FF466714FF47A723E
:1035D000CDE90220CDE904100120CDE900400246EA
:1035E000404804234FA16B30F3F726F840F29D309A
:1035F000CDE904070120CDE9004040F2E331CDE9F7
:10360000021702463748042347A17A30F3F714F82B
:10361000B81D40F2A23140F2DE32CDE90220CDE900
:1036200004100220CDE900402E48042301223FA1CE
:103630008930F3F701F84FF4E07040F2A73140F21F
:10364000D932CDE90220CDE904100120CDE90040B6
:1036500002462448042336A19830F2F7EDFF40F2E9
:10366000A1104FF46B714FF47572CDE90220CDE9D2
:1036700004100120CDE9004002461A4804232DA180
:10368000A730F2F7D9FF4FF4BF7040F2B13140F2EA
:10369000CF32CDE90220CDE904100120CDE9004070
:1036A00002461048042324A1B630F2F7C5FF40F2C9
:1036B000431040F2B63140F2CA32CDE90220CDE9E2
:1036C00004100120CDE900400246064804231BA156
:1036D000C530F2F7B1FF08B0BDE8F087FC3100203B
:1036E0006E5000208851002092020020EE0300203E
:1036F00030303000BC520108303031003030320000
:10370000605401083030340030303500303036003D
:103710003030370030303800303039003031300050
:1037200073686D0073316D0073326D0073336D001B
:1037300073346D0073356D0073366D0073386D0032
:103740001CB500246648FEF7C5FB66496448FFF7D0
:1037500095FA65496248FFF794FA09210220F6F7C5
:103760005BF85F48FFF7BCF96420FCF7A1FD604EF1
:103770005E4FA6F10F05B88A400400D50124012C44
:103780006AD10024FFF70EFE63E0594A0220693A2D
:10379000A2F10F01F6F7A2F8554901205A39F6F7C0
:1037A0009DF84F48FFF79CF96420FCF781FD504BD2
:1037B000CDE900561E3BA3F10F02A2F10F01052037
:1037C000F6F78CF84A4A02201E32A2F10F01F6F7F2
:1037D00085F8474901202D31F6F780F84048FFF77A
:1037E0007FF96420FCF764FD414901204B39F6F76D
:1037F00075F83B48FFF774F96420FCF759FD3D4824
:10380000EDF746FF3B482F30EDF742FF39485E3079
:10381000EDF73EFF3248FFF763F96420FCF748FDFF
:103820003448BC30EDF734FF3148D638EDF730FF7F
:103830002B48FFF755F96420FCF73AFD2C48A738D0
:10384000EDF726FF2648FFF74BF96420FCF730FD23
:10385000641C032C99DB0024FEF7CAFB2548EDF716
:1038600017FF24482F30EDF713FF22485E30EDF7A5
:103870000FFF1B48FFF734F96420FCF719FD1D48C2
:10388000BC30EDF705FF1A48D638EDF701FF1448B4
:10389000FFF726F96420FCF70BFD1548A738EDF774
:1038A000F7FE134BCDE900561E3BA3F10F02A2F128
:1038B0000F010520F6F712F80D4A02201E32A2F180
:1038C0000F01F6F70BF80A4901202D31F6F706F83B
:1038D0000348FFF705F96420FCF7EAFC4BE700001A
:1038E000FC3100204D3A0108C1F10008084B0020CE
:1038F0002F5200206E50002070B506460C4600F096
:103900000BFA154D2868C06C80B92A68012082F82E
:1039100050005CB101212046FDF7ACFD0F494FF08E
:1039200080500860BFF34F8FBFF36F8F00F014FA21
:1039300000F0F2F92868C46C002034B116B129688F
:10394000C86402E02A68611ED164296881F85000C9
:1039500000F002FA204670BD3409002004ED00E0BA
:1039600010B50446002C08D0206830B1A168084486
:10397000ECF76FFDA168084410BD002010BD0000E9
:103980000D4801780D48002908D00DA10968C0F83C
:103990002D100BA10968C0F84B1070470AA10968E7
:1039A00040F82D1F0021017107A21268C0F81E20E7
:1039B00080F822107047000090030020EE030020E2
:1039C0004F4E2000000000004F464620000000003F
:1039D00091ED000AB1EE400A80ED010A91ED010A75
:1039E000B1EE400A80ED020A91ED020AB1EE400A02
:1039F00080ED030A91ED000A80ED040A91ED020AC0
:103A000080ED060A91ED010AB1EE400A80ED070A49
:103A100091ED010A80ED080A91ED020AB1EE400A2B
:103A200080ED090A91ED000A80ED0B0A91ED020A82
:103A300080ED0C0A91ED010A80ED0D0A91ED000A6E
:103A4000B1EE400A80ED0E0A7047000010B50C463A
:103A5000064909684968002901D0002010BD0146C7
:103A600022460348F2F700F9E0B210BD5C160020D0
:103A7000981400202DE9F04104460E461046F6F752
:103A80003CF9114F38700022104D04E0A91814F8C9
:103A9000010BC870521CB242F8D301206870A870A4
:103AA000E91C0B48ECF79BFC0948FCF725FD4FF49B
:103AB0007A71E81CECF7ACFC4FF480610448ECF739
:103AC000A7FC3878BDE8F081B00000200C3600205B
:103AD000C05700200FB410B5074C03AA2260074856
:103AE0000299F7F7C3FD81B2002020600348EDF78B
:103AF00063FD10BC5DF814FBB4000020143A0020F4
:103B0000F3F790F9304E0025DFF8B480DFF8B49079
:103B1000341F2E4F04F1010AD8F88C02818A48061E
:103B20000ED5A068401CA0600A280ADD2078401C41
:103B3000C0B22070022801D32570A560A56000E006
:103B4000A560080608D5E068401CE0600A2804DD8E
:103B500002202070E56000E0E560B9F82012481C02
:103B6000C0B221B1012904D0022905D103E0307887
:103B700002E0707800E0B07821781AF8011039700E
:103B800078700F48D0F8FC00C7F802000C48D0F855
:103B90003C02C7F8060000F017FB0D48ECF759FC93
:103BA00040B10B490BA0FFF795FF4FF48061084827
:103BB000ECF72EFCFBF7CCFF0A20FCF779FBABE718
:103BC00000400020A84C0020BC030020F44E002040
:103BD000B453002025730A0010B507494FF0FF3099
:103BE00008600648FBF7D2FC0548FAF765FE05A019
:103BF000FFF770FF10BD00006C5200200040002055
:103C0000183B00207573655F646566207375636398
:103C100065737366756C6C790A00000010B507490E
:103C20004FF0113008600648FBF7B0FC0548FAF782
:103C300043FE05A0FFF74EFF10BD00006C520020B0
:103C400000400020183B002075736520666C61738E
:103C50006820646174650A000169436882689A603B
:103C6000836842685A604A68824201D182684A6029
:103C7000002202610868401E086008687047000062
:103C8000034B036003F1540008608020106070470C
:103C9000CC090020044B036003F1540008604FF48A
:103CA0008070106070470000200C002000F10801B7
:103CB00041604FF0FF328260C1600161002101600C
:103CC000704700210161704710B4D1F800C0BCF109
:103CD000FF3F02D000F1080202E0026904E01A4648
:103CE00053681C686445FAD953684B6099608A60D0
:103CF000516008610168491C016010BC704742684E
:103D00004A6093688B6093685960916008610168AC
:103D1000491C016070470000502080F31188BFF3F8
:103D20004F8FBFF36F8F0A494868401C48600128D5
:103D30000CD10848006810F0FF0F07D0502080F326
:103D40001188BFF34F8FBFF36F8FFEE770470000FE
:103D5000A409002004ED00E009494868002806D0C5
:103D6000401E4860002801D180F311887047502020
:103D700080F31188BFF34F8FBFF36F8FFEE7000012
:103D8000A409002070B500282AD0A0F10804154D20
:103D900060686969084207D1502080F31188BFF339
:103DA0004F8FBFF36F8FFEE722683AB1502080F348
:103DB0001188BFF34F8FBFF36F8FFEE788436060BA
:103DC00000F09CF960686968084468602046FDF767
:103DD00063FD2869401C2861BDE8704000F068BFA1
:103DE00070BD0000840900204FF0E0200021016137
:103DF000816105494FF47A720968B1FBF2F1491EFD
:103E000041610721016170479800002010B5ECF76F
:103E100023FA114910280ED300F1E02090F8F003A6
:103E20000A78904207D2502080F31188BFF34F8F59
:103E3000BFF36F8FFEE709480068896800F4E0600F
:103E4000884207D9502080F31188BFF34F8FBFF30A
:103E50006F8FFEE710BD0000A40900200CED00E00C
:103E60000022084B53F832C0BCF1000F03D0521CA3
:103E7000082AF7D3704743F8321003EBC2014860B9
:103E800070470000E05B002070B504460D46164602
:103E9000FFF742FF94F94400B0F1FF3F4FF00000FC
:103EA00001D184F8440094F94510B1F1FF3F01D1EC
:103EB00084F84500FFF750FFA06B28B93246294629
:103EC00004F1240000F0B4F82046BDE87040FDF78E
:103ED00001BF000010B502460020002A12D00F4892
:103EE000006B38B1502080F31188BFF34F8FBFF3C0
:103EF0006F8FFEE700F002F900211046FDF7BAFAD5
:103F000000F0D6FE002807D105494FF08050086028
:103F1000BFF34F8FBFF36F8F10BD00003409002037
:103F200004ED00E002490A6A0260C9684160704716
:103F30003409002001490120C8617047340900207C
:103F40002DE9F04104460D46002C15D0FFF75EFF29
:103F50005020EFF3118680F31188BFF34F8FBFF32A
:103F60006F8F94F85000022184F85010E16C491CC6
:103F7000E164012808D025E0502080F31188BFF3C8
:103F80004F8FBFF36F8FFEE7A06A38B1502080F3E8
:103F90001188BFF34F8FBFF36F8FFEE7144F386B5D
:103FA0004FF0010890B104F118011248FFF7A7FE85
:103FB000E06A3968C96A884204D90DB1C5F8008041
:103FC000C7F81C8086F31188BDE8F081201DFFF73B
:103FD00043FEE06A3A6908FA00F111433961064983
:103FE00000EB800001EB8000211DFFF788FEDFE77A
:103FF00034090020D45C0020205C002010B50C4661
:1040000000280BD0094A126802F11801FFF75CFE84
:104010002046BDE810400121FDF72CBA502080F366
:104020001188BFF34F8FBFF36F8FFEE73409002075
:1040300070B50D46144600280DD00B49096818319B
:10404000FFF75DFE0CB14FF0FF3521462846BDE875
:104050007040FDF70FBA502080F31188BFF34F8FE7
:10406000BFF36F8FFEE700003409002030B587B042
:1040700000250695059504AA05A906A8FFF700FEE8
:1040800006980599019102900023009517A11948FF
:10409000049A00F08FFC184CE06208B1012000E0A7
:1040A0000020012801D100F069FE01280AD0B0F1FA
:1040B000FF3F19D1502080F31188BFF34F8FBFF31A
:1040C0006F8FFEE7502080F31188BFF34F8FBFF34F
:1040D0006F8F4FF0FF30A06201206061E56007B094
:1040E000BDE8304000F026B907B030BD49444C452A
:1040F0000000000061170108340900200248016B2C
:10410000491C01637047000034090020154A106BF8
:10411000002802D00120D06170470020D0611069D2
:10412000B0FA80F0C0F11F000F4900EB800051F899
:10413000203073B101EB800041684968416000F1B3
:104140000803994201D1496841604068C068106025
:104150007047502080F31188BFF34F8FBFF36F8FEC
:10416000FEE7000034090020205C00202DE9F0412A
:104170008568134E13E0E86803280FD10024114F1F
:10418000286B57F82410ECF76BF918B93119287D12
:1041900081F82D00641CE4B2032CF1D32D68002DAE
:1041A000E9D10020074A0121203A331893F82D3035
:1041B000012B00D11170401C0328F6D3BDE8F0811B
:1041C0006C5200206804002030B599B034A13B48FF
:1041D000F7F738FA3A4C94F82F0001280BD13BA19D
:1041E0009FED380B01A853EC102BF7F72BFA01A920
:1041F0003248ECF718F994F82D00384D01280FD10A
:10420000D5F8FC00ECF723FB41EC100B34A153EC88
:10421000102B01A8F7F716FA01A92848ECF703F9C3
:1042200094F82E0001280FD1D5F83C02ECF70FFBD3
:1042300041EC100B2EA153EC102B01A8F7F702FA5A
:1042400001A91E48ECF7EFF82D482EA1027811A81D
:10425000F7F7F8F911A91948ECF7E5F82E482FA15E
:10426000B0F8202209A8F7F7EDF909A91348ECF7EF
:10427000DAF81248ECF7EDF8104C204410F8010C75
:104280002C2806D12046ECF7E4F82044002100F861
:10429000011C27A10948ECF7C6F819B030BD000091
:1042A0007B22636D64223A22776176655F6469736D
:1042B000222C22646174223A7B000000B453002057
:1042C0006C520020000000000000E03F22696D7584
:1042D0005F726F6C6C223A25662C00000040002053
:1042E00022696D755F796177223A25662C0000009E
:1042F00022696D755F7069746368223A25662C00C7
:10430000D001002022726F626F745F636F6C6F72F6
:10431000223A25642C000000A84C0020227370650E
:1043200065645F6C6576656C223A25642C0000003C
:104330007D7D000010B582B038480168384A91424E
:1043400007D1502080F31188BFF34F8FBFF36F8FD9
:10435000FEE700683349884207D1502080F3118876
:10436000BFF34F8FBFF36F8FFEE72F49087801909F
:10437000FF200870087800909DF800009DF800204C
:1043800000F0F000904207D0502080F31188BFF376
:104390004F8FBFF36F8FFEE79DF80000234C00F0B6
:1043A000500020700720A0609DF8000010F0800FE2
:1043B0000BD0A068401EA0609DF800004000009057
:1043C0009DF8000010F0800FF3D1A068032807D0FB
:1043D000502080F31188BFF34F8FBFF36F8FFEE73C
:1043E0004FF44070A060019808701148016841F4D2
:1043F00070010160016841F070410160FFF7F4FC59
:1044000000206060EBF7F0FE0A48016841F040418F
:104410000160EBF7D5FE02B0002010BD00ED00E01A
:1044200071C20F4170C20F4100E400E0A4090020F6
:1044300020ED00E034EF00E038B5049D002804D002
:104440005BB102B189B1C2B120E0502080F3118884
:10445000BFF34F8FBFF36F8FFEE7502080F31188BB
:10446000BFF34F8FBFF36F8FFEE7502080F31188AB
:10447000BFF34F8FBFF36F8FFEE739B1502080F34A
:104480001188BFF34F8FBFF36F8FFEE74FF0480CDB
:10449000CDF800C01C46012384F846302B4600941A
:1044A000FDF772F9204638BD70B504460D46002C64
:1044B00025D0FFF731FC226CE16B206801FB020084
:1044C000A0600020A06320686060E16B226C20681F
:1044D000491E01FB0200E0604FF0FF3084F8440009
:1044E00084F845009DB104F11000FFF7DFFB04F1F3
:1044F0002400FFF7DBFBFFF72FFC012070BD5020ED
:1045000080F31188BFF34F8FBFF36F8FFEE72069F1
:104510000028F0D004F1100000F08EFB0028EAD053
:1045200004494FF080500860BFF34F8FBFF36F8F87
:10453000E1E7000004ED00E02DE9FF4782B004460A
:104540008A461F460025002C03D0BAF1000F08D080
:1045500011E0502080F31188BFF34F8FBFF36F8FAE
:10456000FEE7206C38B1502080F31188BFF34F8FE5
:10457000BFF36F8FFEE7022F0AD1E06B012807D04F
:10458000502080F31188BFF34F8FBFF36F8FFEE78A
:1045900000F086FA48B9049838B1502080F31188A9
:1045A000BFF34F8FBFF36F8FFEE700264FF08058A9
:1045B000DFF8F090FFF7B0FBA06BE16B884205D30A
:1045C000022F03D0049808B335B329E03A46514688
:1045D0002046FDF733F8616A59B104F1240000F078
:1045E0002BFB68B1C9F80080BFF34F8FBFF36F8F0B
:1045F00006E028B1C9F80080BFF34F8FBFF36F8F7B
:10460000FFF7AAFB06B00120BDE8F087FFF7A4FB87
:1046100006B00020BDE8F0876846FFF783FC01255F
:10462000FFF79AFBFFF76AFDFFF776FB94F944006A
:10463000B0F1FF3F01D184F8446094F94500B0F136
:10464000FF3F01D184F84560FFF786FB04A9684667
:1046500000F02EF940B12046FDF73CFB00F028FBAE
:1046600006B00020BDE8F0872046FDF774F990B150
:1046700004F110000499FFF7C1FC2046FDF72AFB66
:1046800000F016FB002895D1C9F80080BFF34F8FCA
:10469000BFF36F8F8EE72046FDF71CFB00F008FB91
:1046A00088E7000004ED00E02DE9F0470446894664
:1046B00017461E46002C03D0B9F1000F08D011E0B8
:1046C000502080F31188BFF34F8FBFF36F8FFEE749
:1046D000206C38B1502080F31188BFF34F8FBFF3A7
:1046E0006F8FFEE7022E0AD1E06B012807D0502021
:1046F00080F31188BFF34F8FBFF36F8FFEE7FFF793
:1047000085FB5020EFF3118880F31188BFF34F8FA2
:10471000BFF36F8FA06BE16B884206D3022E04D0EB
:10472000002088F31188BDE8F08794F94550A06B0C
:10473000324649462046FCF781FFB5F1FF3F04D0E1
:10474000681C84F845000120EBE7606A0028FAD075
:1047500004F1240000F070FA0028F4D0002FF2D009
:1047600001203860EFE700002DE9F74783B00446E9
:104770008A460025002C03D0BAF1000F08D011E0C2
:10478000502080F31188BFF34F8FBFF36F8FFEE788
:10479000206C38B1502080F31188BFF34F8FBFF3E6
:1047A0006F8FFEE700F07CF948B9059838B15020CA
:1047B00080F31188BFF34F8FBFF36F8FFEE70027A1
:1047C0004FF08058DFF8E490FFF7A6FAA66BC6B169
:1047D00051462046FCF720FF701EA063206950B1AF
:1047E00004F1100000F028FA28B1C9F80080BFF3E6
:1047F0004F8FBFF36F8FFFF7AFFA06B00120BDE810
:10480000F087059808B135B109E0FFF7A5FA06B0C1
:104810000020BDE8F0876846FFF784FB0125FFF71D
:104820009BFAFFF76BFCFFF777FA94F94400B0F1BD
:10483000FF3F01D184F8447094F94500B0F1FF3F87
:1048400001D184F84570FFF787FA05A9684600F0A2
:104850002FF868B12046FDF73DFA00F029FA20460E
:10486000FDF76CF80028AFD006B00020BDE8F08757
:104870002046FDF763F890B104F124000599FFF795
:10488000BDFB2046FDF726FA00F012FA00289BD166
:10489000C9F80080BFF34F8FBFF36F8F94E72046B6
:1048A000FDF718FA00F004FA8EE7000004ED00E0CE
:1048B0002DE9F04105460C46002D14D0DCB1FFF780
:1048C0002BFADFF880C0DCF80C006B68C11ADCF84A
:1048D0000020002692F85220AAB1DCF8000080F8EF
:1048E0005260012429E0502080F31188BFF34F8FDC
:1048F000BFF36F8FFEE7502080F31188BFF34F8F17
:10490000BFF36F8FFEE72268B2F1FF3F08D02F6838
:10491000DCF820C0674505D0834203D801240CE0B1
:1049200000240AE08A4206D9501A20602846FFF780
:10493000F9FA002401E026600124FFF70DFA204671
:10494000BDE8F081340900202DE9F04F85B08146A3
:104950000F9F0E9E8A4690469B464FEA8800FDF7C1
:10496000EDF9054628000AD05420FDF7E7F9044682
:104970000CB1256304E02846FFF704FA00E00024A8
:104980009CB1002084F8510003905B46424651469A
:104990000197009602944846FCF702FF2046FCF778
:1049A000A9FD05B00120BDE8F08F05B04FF0FF3044
:1049B000BDE8F08F70B586B00646DDF828C00C9CC7
:1049C0000B98002816D0ECB15425049520630220E2
:1049D00084F85100002005AD0390CDF800C001958A
:1049E00002943046FCF7DCFE2046FCF783FD059878
:1049F00006B070BD502080F31188BFF34F8FBFF316
:104A00006F8FFEE7502080F31188BFF34F8FBFF305
:104A10006F8FFEE72DE9F041074607243846EBF794
:104A200018FD102807D3502080F31188BFF34F8F53
:104A3000BFF36F8FFEE7FFF761FB154E641E04EBBB
:104A4000840006EB80003946FDF7AEF805460DB947
:104A5000002CF3D10F4C25B93946606BFDF7A4F853
:104A6000054625B93946A06BFDF79EF8054625B9E0
:104A700039460948FDF798F8054625B939460748EB
:104A8000FDF792F8054600F013F92846BDE8F081DD
:104A9000205C002034090020FC5C0020E85C002041
:104AA00005484169002903D0006B18B10020704708
:104AB0000120704702207047340900200148C06877
:104AC00070470000340900202DE9F0470026314FDF
:104AD000386B002805D0B869401CB8613046BDE885
:104AE000F087F868451CFD609DB9786B006838B1A7
:104AF000502080F31188BFF34F8FBFF36F8FFEE715
:104B0000786BB96B7963B863386A401C3862FDF71B
:104B100023F8B86ADFF8808085420FD34FF001098F
:104B2000786B006838B1786BC068C468606885428B
:104B300012D2B86202E04FF0FF30B8623868C06A43
:104B400000EB800058F82000012800D90126F86900
:104B50000028C3D00126C1E7201DFFF77DF8A06A19
:104B600018B104F11800FFF777F8E16A3A6909FA19
:104B700001F01043386101EB810008EB8000211D3A
:104B8000FFF7BDF8E06A3968C96A8842C8D30126D0
:104B9000C6E7000034090020205C002070B5044600
:104BA0000021002841D0224D2868844207D050209F
:104BB00080F31188BFF34F8FBFF36F8FFEE7A06CB8
:104BC00038B1401EA064636CE26A9A422DD040B1B5
:104BD0002BE0502080F31188BFF34F8FBFF36F8F0E
:104BE000FEE7201DFFF738F81249012258B9E06AA4
:104BF00000EB800351F823302BB92B6902FA00F047
:104C000023EA00002861606CE062C0F10700A06147
:104C1000E06A2B6982401A432A6100EB800001EBB5
:104C20008000211DFFF76BF80121084670BD0000D0
:104C300034090020205C002070B5C068C468002CD6
:104C400014D004F11800FFF707F8164D286B012661
:104C5000A0B104F118011448FFF751F8E06A29687F
:104C6000C96A88421CD90120EE6170BD502080F3D2
:104C70001188BFF34F8FBFF36F8FFEE7201DFEF744
:104C8000EBFFE06A2A6906FA00F11143296107493E
:104C900000EB800001EB8000211DFFF730F8DDE71D
:104CA000002070BD34090020D45C0020205C00206E
:104CB0002DE9F0470024A0462D4D286B002807D091
:104CC000FFF72AF8286B401E2863286B40B149E0A3
:104CD000502080F31188BFF34F8FBFF36F8FFEE733
:104CE000A86800283ED0234F3868012600B3A7F1FA
:104CF000B409F868C46804F11800FEF7ADFF201D80
:104D0000FEF7AAFFE06A2A6906FA00F11143296159
:104D100000EB800009EB8000211DFEF7F0FFE06A48
:104D20002968C96A884200D3EE6138680028E0D15A
:104D30000CB1FCF711FFAC6944B1FFF7C5FE00B13F
:104D4000EE61641E002CF8D10020A861E86948B12A
:104D50004FF0010808494FF080500860BFF34F8FB3
:104D6000BFF36F8FFEF7F8FF4046BDE8F087000005
:104D700034090020D45C002004ED00E030B587B099
:104D80000024FCF7FBFB134D2868B0B1002006900F
:104D9000059004AA05A906A8FEF77CFF05990698C8
:104DA000022200920191029000230BA10C48049A68
:104DB000FFF700FE686000B1012414B107B020467F
:104DC00030BD502080F31188BFF34F8FBFF36F8F3A
:104DD000FEE7000070090020546D722053766300D6
:104DE000C11C0108F0B585B084460A9D16461F46D1
:104DF0000022BCF1000F14D0164C206800B30091C3
:104E00000196CDF808C006291BDAFFF749FE0228F3
:104E10000FD000231A4669462068FFF78DFB024633
:104E200015E0502080F31188BFF34F8FBFF36F8FD1
:104E3000FEE700232A4669462068FFF77DFB02460D
:104E400005E000233A466946FFF72EFC024605B00E
:104E50001046F0BD700900208C5D01089D330108EB
:104E600000000000000000008000000000000000C2
:104E7000000000007C5D0108A9620008030000003A
:104E8000000000000004000000000000000000001E
:104E9000505D01081D000108000000000000000036
:104EA000000100000000000000000000645D010837
:104EB000E5F9000803000000000000000004000005
:104EC0000000000000000000705D0108D1E2000851
:104ED00001000000000000000002000000000000CF
:104EE00000000000845D0108593101080000000045
:104EF0000000000080000000000000000000000032
:104F0000545D0108013B01080000000000000000A2
:104F10000004000000000000000000005C5D0108CB
:104F200041370108000000000000000000010000FF
:104F30000000000000000000000000000000000071
:104F4000010203040607080900000000010203042F
:104F5000ABAA2A3EABAAAA3E0AD7233C0000704166
:104F60000000000000002041000080400000000020
:104F7000CDCC4C3E0000804000000000CDCC4C3E2B
:104F80000000C844CDCC4C3E000000000000484268
:104F9000000000000000003FCDCC48420AD7233C6F
:104FA0000000803F00002C42000000000000704123
:104FB00000002C420000000000007041005EBCE2D6
:104FC000613FDD83C29C7E20A3FD1F419DC3217FE5
:104FD000FCA2401E5F01E3BD3E6082DC237D9FC1D9
:104FE000421CFEA0E1BF5D0380DE3C62BEE0025CCD
:104FF000DF81633D7C22C09E1D43A1FF4618FAA4B9
:1050000027799BC584DA3866E5BB5907DB856739A4
:10501000BAE406581947A5FB7826C49A653BD98798
:10502000045AB8E6A7F91B45C6987A24F8A6441A8C
:1050300099C7257B3A6486D85B05E7B98CD2306E78
:10504000EDB3510F4E10F2AC2F7193CD114FADF364
:10505000702ECC92D38D6F31B2EC0E50AFF1134D58
:10506000CE90722C6D33D18F0C52B0EE326C8ED04C
:10507000530DEFB1F0AE4C1291CF2D73CA94762838
:10508000ABF517490856B4EA6937D58B5709EBB524
:1050900036688AD495CB2977F4AA4816E9B7550B18
:1050A00088D6346A2B7597C94A14F6A8742AC8960C
:1050B000154BA9F7B6E80A54D7896B35000089115A
:1050C00012239B322446AD573665BF74488CC19D70
:1050D0005AAFD3BE6CCAE5DB7EE9F7F88110080150
:1050E00093331A22A5562C47B7753E64C99C408D50
:1050F000DBBF52AEEDDA64CBFFF976E802218B30EC
:10510000100299132667AF763444BD554AADC3BC2F
:10511000588ED19F6EEBE7FA7CC8F5D983310A200F
:1051200091121803A7772E66B5543C45CBBD42AC0F
:10513000D99E508FEFFB66EAFDD874C904428D53A7
:1051400016619F702004A9153227BB364CCEC5DFEF
:105150005EEDD7FC6888E1997AABF3BA85520C43CF
:1051600097711E60A1142805B3373A26CDDE44CFCF
:10517000DFFD56ECE9986089FBBB72AA06638F726B
:1051800014409D512225AB343006B9174EEFC7FEAF
:105190005CCCD5DD6AA9E3B8788AF19B87730E628F
:1051A00095501C41A3352A24B1163807CFFF46EE8F
:1051B000DDDC54CDEBB962A8F99A708B0884819537
:1051C0001AA793B62CC2A5D33EE1B7F04008C9197F
:1051D000522BDB3A644EED5F766DFF7C899400853F
:1051E0009BB712A6ADD224C3BFF136E0C11848095F
:1051F000D33B5A2AE55E6C4FF77D7E6C0AA583B4DB
:10520000188691972EE3A7F23CC0B5D14229CB383E
:10521000500AD91B666FEF7E744CFD5D8BB502A4FE
:1052200099961087AFF326E2BDD034C1C3394A281E
:10523000D11A580BE77F6E6EF55C7C4D0CC685D796
:105240001EE597F42880A1913AA3B3B2444ACD5BFE
:105250005669DF78600CE91D722FFB3E8DD604C7BE
:105260009FF516E4A9902081BBB332A2C55A4C4BDE
:10527000D7795E68E11C680DF33F7A2E0EE787F65A
:105280001CC495D52AA1A3B03882B193466BCF7ABE
:105290005448DD59622DEB3C700EF91F8FF706E67E
:1052A0009DD414C5ABB122A0B9923083C77B4E6A9E
:1052B000D5585C49E33D6A2CF11E780F5370656543
:1052C00064204C6576656C3A20312C203135206D98
:1052D0002F7300000000000000005370656564201B
:1052E0004C6576656C3A20322C203138206D2F7356
:1052F00000000000000000005370656564204C65EC
:1053000076656C3A20332C203330206D2F730000EB
:10531000000000000000506F776572204C657665D4
:105320006C3A20312C20343020572000000000003F
:1053300000000000506F776572204C6576656C3A0E
:1053400020322C20343520572000000000000000BF
:105350000000506F776572204C6576656C3A20339B
:105360002C203530205720000000000000000000F5
:10537000506F776572204C6576656C3A20342C202E
:105380003535205720000000000000000000506F5D
:10539000776572204C6576656C3A20352C20363066
:1053A000205720000000000000000000506F7765CB
:1053B00072204C6576656C3A20362C2038302057A8
:1053C00020000000000000000000506F7765722090
:1053D0004C6576656C3A20372C20313030205720D0
:1053E000000000000000000056697375616C204DDC
:1053F0006F64653A2056495355414C204F4646202C
:1054000000000000000056697375616C204D6F64E8
:10541000653A2056495355414C204F4E20200000FC
:105420000000000056697375616C204D6F64653A29
:1054300020424947204255464620200000000000F7
:10544000000056697375616C204D6F64653A205396
:105450004D414C4C204255464600000000000000E3
:10546000425546463A204F464600000000000000E4
:10547000000000000000000000000000000000002C
:10548000C0E0F0F8FC40AC037D04014103057C0062
:10549000026D0D026D09020B080141090242C003B1
:1054A0000A0B04000610160006101600CDCC4C3E68
:1054B000CDCC4C3ECDCC4C3E00000000920E493C81
:1054C000B10AC93C2BC3163D2EFB483D752B7B3DD5
:1054D00004A9963D80B6AF3D36BDC83D2FBCE13D29
:1054E00073B2FA3D87CF093E8340163EB5AB223EEC
:1054F000A2102F3ECF6E3B3EC2C5473E0115543E23
:10550000135C603E7F9A6C3ECCCF783EC07D823E7D
:10551000938E883E229A8E3E32A0943E86A09A3E7A
:10552000E59AA03E128FA63ED47CAC3EEF63B23E1D
:105530002A44B83E491DBE3E15EFC33E53B9C93E8D
:10554000CA7BCF3E4136D53E80E8DA3E4F92E03E00
:105550007533E63EBBCBEB3EEA5AF13ECBE0F63E7E
:10556000275DFC3EE4E7003F3D9C033F824B063F46
:105570009BF5083F6B9A0B3FDA390E3FCDD3103FB6
:105580002A68133FD9F6153FC07F183FC6021B3F5C
:10559000D17F1D3FCBF61F3F9967223F25D2243F85
:1055A0005636273F1594293F4AEB2B3FDE3B2E3FD3
:1055B000BB85303FC9C8323FF304353F233A373FFC
:1055C0004268393F3B8F3B3FF9AE3D3F67C73F3FA6
:1055D00070D8413F01E2433F03E4453F65DE473F6A
:1055E00012D1493FF8BB4B3F029F4D3F207A4F3FBE
:1055F0003D4D513F4918533F31DB543FE595563FF0
:105600005348583F6AF2593F1A945B3F532D5D3F10
:1056100005BE5E3F2146603F97C5613F5A3C633FF0
:1056200059AA643F880F663FD86B673F3CBF683F0D
:10563000A7096A3F0C4B6B3F5E836C3F93B26D3F93
:105640009ED86E3F73F56F3F0809713F5213723F4A
:105650004714733FDD0B743F0BFA743FC6DE753F92
:1056600007BA763FC58B773FF853783F9812793F5A
:105670009DC7793F02737A3FBE147B3FCDAC7B3F21
:10568000283B7C3FC9BF7C3FAC3A7D3FCCAB7D3FE4
:1056900023137E3FB0707E3F6DC47E3F580E7F3F28
:1056A0006D4E7F3FAB847F3F0FB17F3F97D37F3FEE
:1056B00043EC7F3F11FB7F3F0000803F11FB7F3FAA
:1056C00043EC7F3F97D37F3F0FB17F3FAB847F3F5A
:1056D0006D4E7F3F580E7F3F6DC47E3FB0707E3F62
:1056E00023137E3FCCAB7D3FAC3A7D3FC9BF7C3FAF
:1056F000283B7C3FCDAC7B3FBE147B3F02737A3F9F
:105700009DC7793F9812793FF853783FC58B773F13
:1057100007BA763FC6DE753F0BFA743FDD0B743F68
:105720004714733F5213723F0809713F73F56F3F7F
:105730009ED86E3F93B26D3F5E836C3F0C4B6B3FC8
:10574000A7096A3F3CBF683FD86B673F880F663F39
:1057500059AA643F5A3C633F97C5613F2146603F69
:1057600005BE5E3F532D5D3F1A945B3F6AF2593F81
:105770005348583FE595563F31DB543F4918533F56
:105780003D4D513F207A4F3F029F4D3FF8BB4B3F6D
:1057900012D1493F65DE473F03E4453F01E2433F05
:1057A00070D8413F67C73F3FF9AE3D3F3B8F3B3F1E
:1057B0004268393F233A373FF304353FC9C8323F87
:1057C000BB85303FDE3B2E3F4AEB2B3F1594293FF4
:1057D0005636273F25D2243F9967223FCBF61F3FFD
:1057E000D17F1D3FC6021B3FC07F183FD9F6153F32
:1057F0002A68133FCDD3103FDA390E3F6B9A0B3F27
:105800009BF5083F824B063F3D9C033FE4E7003F8A
:10581000275DFC3ECBE0F63EEA5AF13EBBCBEB3EC9
:105820007533E63E4F92E03E80E8DA3E4136D53EA3
:10583000CA7BCF3E53B9C93E15EFC33E491DBE3E9C
:105840002A44B83EEF63B23ED47CAC3E128FA63EF3
:10585000E59AA03E86A09A3E32A0943E229A8E3EC1
:10586000938E883EC07D823ECCCF783E7F9A6C3E40
:10587000135C603E0115543EC2C5473ECF6E3B3EB1
:10588000A2102F3EB5AB223E8340163E87CF093E85
:1058900073B2FA3D2FBCE13D36BDC83D80B6AF3D89
:1058A00004A9963D752B7B3D2EFB483D2BC3163D31
:1058B000B10AC93C920E493C00000000920E49BC5E
:1058C000B10AC9BC2BC316BD2EFB48BD752B7BBDD1
:1058D00004A996BD80B6AFBD36BDC8BD2FBCE1BD25
:1058E00073B2FABD87CF09BE834016BEB5AB22BEE8
:1058F000A2102FBECF6E3BBEC2C547BE011554BE1F
:10590000135C60BE7F9A6CBECCCF78BEC07D82BE79
:10591000938E88BE229A8EBE32A094BE86A09ABE76
:10592000E59AA0BE128FA6BED47CACBEEF63B2BE19
:105930002A44B8BE491DBEBE15EFC3BE53B9C9BE89
:10594000CA7BCFBE4136D5BE80E8DABE4F92E0BEFC
:105950007533E6BEBBCBEBBEEA5AF1BECBE0F6BE7A
:10596000275DFCBEE4E700BF3D9C03BF824B06BF42
:105970009BF508BF6B9A0BBFDA390EBFCDD310BFB2
:105980002A6813BFD9F615BFC07F18BFC6021BBF58
:10599000D17F1DBFCBF61FBF996722BF25D224BF81
:1059A000563627BF159429BF4AEB2BBFDE3B2EBFCF
:1059B000BB8530BFC9C832BFF30435BF233A37BFF8
:1059C000426839BF3B8F3BBFF9AE3DBF67C73FBFA2
:1059D00070D841BF01E243BF03E445BF65DE47BF66
:1059E00012D149BFF8BB4BBF029F4DBF207A4FBFBA
:1059F0003D4D51BF491853BF31DB54BFE59556BFEC
:105A0000534858BF6AF259BF1A945BBF532D5DBF0C
:105A100005BE5EBF214660BF97C561BF5A3C63BFEC
:105A200059AA64BF880F66BFD86B67BF3CBF68BF09
:105A3000A7096ABF0C4B6BBF5E836CBF93B26DBF8F
:105A40009ED86EBF73F56FBF080971BF521372BF46
:105A5000471473BFDD0B74BF0BFA74BFC6DE75BF8E
:105A600007BA76BFC58B77BFF85378BF981279BF56
:105A70009DC779BF02737ABFBE147BBFCDAC7BBF1D
:105A8000283B7CBFC9BF7CBFAC3A7DBFCCAB7DBFE0
:105A900023137EBFB0707EBF6DC47EBF580E7FBF24
:105AA0006D4E7FBFAB847FBF0FB17FBF97D37FBFEA
:105AB00043EC7FBF11FB7FBF000080BF11FB7FBFA6
:105AC00043EC7FBF97D37FBF0FB17FBFAB847FBF56
:105AD0006D4E7FBF580E7FBF6DC47EBFB0707EBF5E
:105AE00023137EBFCCAB7DBFAC3A7DBFC9BF7CBFAB
:105AF000283B7CBFCDAC7BBFBE147BBF02737ABF9B
:105B00009DC779BF981279BFF85378BFC58B77BF0F
:105B100007BA76BFC6DE75BF0BFA74BFDD0B74BF64
:105B2000471473BF521372BF080971BF73F56FBF7B
:105B30009ED86EBF93B26DBF5E836CBF0C4B6BBFC4
:105B4000A7096ABF3CBF68BFD86B67BF880F66BF35
:105B500059AA64BF5A3C63BF97C561BF214660BF65
:105B600005BE5EBF532D5DBF1A945BBF6AF259BF7D
:105B7000534858BFE59556BF31DB54BF491853BF52
:105B80003D4D51BF207A4FBF029F4DBFF8BB4BBF69
:105B900012D149BF65DE47BF03E445BF01E243BF01
:105BA00070D841BF67C73FBFF9AE3DBF3B8F3BBF1A
:105BB000426839BF233A37BFF30435BFC9C832BF83
:105BC000BB8530BFDE3B2EBF4AEB2BBF159429BFF0
:105BD000563627BF25D224BF996722BFCBF61FBFF9
:105BE000D17F1DBFC6021BBFC07F18BFD9F615BF2E
:105BF0002A6813BFCDD310BFDA390EBF6B9A0BBF23
:105C00009BF508BF824B06BF3D9C03BFE4E700BF86
:105C1000275DFCBECBE0F6BEEA5AF1BEBBCBEBBEC5
:105C20007533E6BE4F92E0BE80E8DABE4136D5BE9F
:105C3000CA7BCFBE53B9C9BE15EFC3BE491DBEBE98
:105C40002A44B8BEEF63B2BED47CACBE128FA6BEEF
:105C5000E59AA0BE86A09ABE32A094BE229A8EBEBD
:105C6000938E88BEC07D82BECCCF78BE7F9A6CBE3C
:105C7000135C60BE011554BEC2C547BECF6E3BBEAD
:105C8000A2102FBEB5AB22BE834016BE87CF09BE81
:105C900073B2FABD2FBCE1BD36BDC8BD80B6AFBD85
:105CA00004A996BD752B7BBD2EFB48BD2BC316BD2D
:105CB000B10AC9BC920E49BC00000080000000007F
:105CC000000000000000F03F000000000000F83F6E
:105CD00000000000000000000000004003B8E23FA8
:105CE000000000000000000006D0CF43EBFD4C3E5A
:105CF000033333333333E33FFFAB6FDBB66DDB3F4F
:105D00004D268F515555D53F01411DA96074D13F96
:105D100065DBC9934A86CD3FEF4E454A287ECA3F90
:105D20003E5555555555C53F93BDBE166CC166BF12
:105D30002CDE25AF6A56113FF16BD2C541BDBBBE0B
:105D4000D0A4BE726937663E00000000000000006B
:105D50006C6564005553425461736B00554954613E
:105D6000736B000067696D62616C5461736B000056
:105D7000436861737369735461736B00696D755423
:105D800061736B0073686F6F7400000074657374E7
:105D900000000000696D755F706974636800000041
:105DA000696D755F726F6C6C00000000696D755FE6
:105DB00079617700D45D010800000020CC09000063
:105DC000E60B0008A0600108CC09002034AE0100F9
:105DD0005CCA0008012C13999F1B08D9041AE5041A
:105DE000130DA01B0849041A690C1AA50417040313
:105DF00009041201140202021640830440572602CD
:105E00000102030103221A03131D151B0819041AAA
:105E100011041A41041AB50411032124F4130A06CB
:105E200032021A4067111C090243731125C032095E
:105E3000041B01020B13052416100105240110098F
:105E40000104240202052406170107058203081C29
:105E5000100904A9320A1D07050102432C07058118
:105E6000070938442A40072A8107112B0907440AE9
:105E70003B044413399C14088F9B1408699D420805
:105E80001AD70C13FD9A1B086108C11A21281A158C
:105E9000041A2D041A090481123C12507264061B64
:105EA0009A99994001192019010B16B93F08212828
:105EB0000BC03F6666E63F8FC205400818105C8F36
:105EC0001240CDCCEC3FC3F518409A99F9281E3901
:105ED00040333333B71A20081A1308234842337863
:105EE0004119283A0C141C9A9919081A531C13606A
:105EF0004025E08A44FF1AFF02314BFFFF07290EBD
:105F00004905032A584DA39A100A1A01E501125AAD
:105F1000A27A911A82112901815A921089265B80F6
:105F20003F080212BF791C091D246920E9380916AF
:105F30001021CB581B044B781E0411072F425958CF
:105F4000465354F01043415020504F5745523A2089
:105F5000303020560810145350494E3A204F4E20EE
:105F6000204D41473A201E0B1346461E11A2011533
:105F70006175746F1772656D6F74652776697375D7
:105F8000616C1EAC5D010894041AA00400092C6326
:105F900074725F6D6F64651341EB00092D087365C2
:105FA000745F7061720E31B52B010867381B91F375
:105FB000700B2B6176A441000C2D8D29010875739F
:105FC000655F6465664BD93B38062B666C61736808
:105FD000000A2F1D3C010872657365741A75A819B3
:105FE000A40A2E32701339ED000E28086765745F1D
:105FF000636D645F6E616D6513C9F20F2D08776183
:1060000076655FAB000D2C6D410108696D755F63AE
:10601000616C6913B9FB1A086B0009295F76657218
:1060200073696F6E280C892C010873776974636833
:106030005FAF012905FF653301080189100B6E610F
:106040007669676174696F6E20106D6F746F725F2F
:1060500073706565645F7069641315EE1B08110445
:1060600041100DE7416B3A58A08B3A7D04017C1634
:106070000240AB03411009055308065804070F16E8
:106080000810820911160A15800B16360C18010D1E
:1060900001027B101AAA01C12DCDCC1C4104C10004
:040000050800018965
:00000001FF
